atm_id,state,district,lat,lng,bank_name,atm_baseline_activity,atm_baseline_risk,atm_count_district
ATM_00000,Rajasthan,Kota,17.556175,70.539957,SBI,1.23951,0.78919,47
ATM_00001,Maharashtra,Nagpur,15.367962,86.988808,Bank of Baroda,0.8173,1.07079,40
ATM_00002,Rajasthan,Udaipur,15.665286,68.283877,Canara Bank,0.59553,0.63193,38
ATM_00003,Delhi,Central Delhi,23.632415,80.338084,Bank of Baroda,1.10428,1.15444,13
ATM_00004,Maharashtra,Nagpur,9.398383,87.423213,Union Bank,1.15396,1.27202,40
ATM_00005,Uttar Pradesh,Prayagraj,23.499968,75.381089,Union Bank,1.39617,0.96761,50
ATM_00006,Maharashtra,Aurangabad,12.926499,78.805511,Kotak Mahindra Bank,0.68685,0.31675,36
ATM_00007,Maharashtra,Aurangabad,16.952576,82.263565,PNB,0.69407,0.59176,36
ATM_00008,Karnataka,Bengaluru Urban,11.723857,74.501979,Kotak Mahindra Bank,1.11967,1.79111,37
ATM_00009,Telangana,Nizamabad,20.660523,77.791866,Kotak Mahindra Bank,0.92975,0.76444,44
ATM_00010,West Bengal,Siliguri,24.54571,84.750608,Axis Bank,0.49265,0.46219,16
ATM_00011,Karnataka,Mangaluru,16.302423,83.279791,Bank of Baroda,1.08693,1.42619,32
ATM_00012,Rajasthan,Jaipur,12.095165,84.573213,Canara Bank,0.49844,0.92992,42
ATM_00013,West Bengal,Kolkata,13.483123,88.240473,HDFC Bank,0.6847,1.36261,17
ATM_00014,Uttar Pradesh,Prayagraj,26.498484,75.591713,Union Bank,1.52983,1.0198,50
ATM_00015,Uttar Pradesh,Prayagraj,14.388272,83.315371,Canara Bank,1.80539,1.08672,50
ATM_00016,Uttar Pradesh,Prayagraj,25.543457,80.357084,Bank of Baroda,0.62287,1.05098,50
ATM_00017,Gujarat,Rajkot,15.786387,81.665398,Kotak Mahindra Bank,0.8494,1.18151,28
ATM_00018,Rajasthan,Jodhpur,12.652116,83.167415,Union Bank,0.96752,2.05397,43
ATM_00019,Uttar Pradesh,Prayagraj,24.500788,83.369492,PNB,1.77801,1.30021,50
ATM_00020,Telangana,Hyderabad,18.807991,86.157776,PNB,0.80217,0.53235,40
ATM_00021,Uttar Pradesh,Varanasi,9.1881,75.161094,Kotak Mahindra Bank,0.80667,1.08221,48
ATM_00022,Karnataka,Bengaluru Urban,29.618733,81.396368,ICICI Bank,1.63906,1.38015,37
ATM_00023,Rajasthan,Jodhpur,11.750576,73.745954,HDFC Bank,0.83601,1.41004,43
ATM_00024,Rajasthan,Udaipur,16.274953,80.188658,ICICI Bank,1.22733,0.79721,38
ATM_00025,Maharashtra,Mumbai,16.965482,83.39909,Union Bank,0.5684,1.39153,40
ATM_00026,Karnataka,Bengaluru Urban,19.267458,84.215522,Kotak Mahindra Bank,0.89775,1.28067,37
ATM_00027,Maharashtra,Nagpur,25.779768,76.612552,Kotak Mahindra Bank,0.53324,2.27744,40
ATM_00028,Uttar Pradesh,Agra,8.633986,78.428765,Union Bank,0.6588,0.71189,59
ATM_00029,Uttar Pradesh,Varanasi,29.014385,74.843922,Union Bank,1.27863,0.77498,48
ATM_00030,Madhya Pradesh,Gwalior,22.711768,71.465245,PNB,0.93669,0.83155,8
ATM_00031,Haryana,Hisar,29.414275,73.340607,Union Bank,0.85247,0.77965,12
ATM_00032,Karnataka,Mangaluru,26.48257,86.698809,HDFC Bank,0.73345,0.67785,32
ATM_00033,Maharashtra,Thane,28.912441,74.333876,Bank of Baroda,0.88235,0.35195,41
ATM_00034,Madhya Pradesh,Indore,21.722012,87.982566,Axis Bank,1.05914,0.79495,6
ATM_00035,Gujarat,Ahmedabad,16.360798,72.950301,Canara Bank,1.34459,1.05332,25
ATM_00036,Gujarat,Vadodara,18.244109,82.822957,Canara Bank,0.38032,0.77884,17
ATM_00037,Rajasthan,Jodhpur,22.976711,79.765018,ICICI Bank,0.71245,1.82222,43
ATM_00038,Maharashtra,Nashik,17.892501,82.285836,ICICI Bank,1.00778,0.92993,38
ATM_00039,Uttar Pradesh,Varanasi,24.596801,81.201138,SBI,0.92078,1.45431,48
ATM_00040,Haryana,Hisar,10.520656,82.488346,ICICI Bank,1.09774,1.01427,12
ATM_00041,Rajasthan,Kota,26.759706,86.563714,Kotak Mahindra Bank,1.04677,1.23604,47
ATM_00042,Maharashtra,Pune,12.99215,79.551125,Canara Bank,0.85673,1.02062,36
ATM_00043,Maharashtra,Nashik,29.266847,69.3909,PNB,0.79268,1.49443,38
ATM_00044,Telangana,Karimnagar,11.922008,73.551921,PNB,0.87471,0.94389,31
ATM_00045,Uttar Pradesh,Ghaziabad,11.341612,82.518489,Kotak Mahindra Bank,1.42494,1.10111,56
ATM_00046,Delhi,East Delhi,26.361274,78.12853,HDFC Bank,0.73776,1.05221,18
ATM_00047,Gujarat,Vadodara,26.51144,79.245316,Axis Bank,0.93247,0.83675,17
ATM_00048,Gujarat,Surat,24.752707,80.229899,SBI,1.01637,1.06654,29
ATM_00049,Rajasthan,Jodhpur,29.63167,75.8439,SBI,1.64574,2.02325,43
ATM_00050,Karnataka,Mangaluru,14.451872,83.864858,ICICI Bank,0.8581,0.84201,32
ATM_00051,Telangana,Karimnagar,26.686272,82.832465,ICICI Bank,1.33329,1.07196,31
ATM_00052,Karnataka,Hubballi,16.244892,82.643138,SBI,1.46706,1.43748,33
ATM_00053,Uttar Pradesh,Ghaziabad,20.32277,82.663859,Kotak Mahindra Bank,0.93216,1.37955,56
ATM_00054,Rajasthan,Udaipur,18.303201,86.252339,Bank of Baroda,0.88543,0.92939,38
ATM_00055,Uttar Pradesh,Lucknow,8.6287,80.205552,Canara Bank,0.84951,0.40192,47
ATM_00056,Rajasthan,Jaipur,21.138168,87.82498,Canara Bank,0.87156,1.10907,42
ATM_00057,Maharashtra,Aurangabad,24.94513,70.44345,PNB,1.28538,0.42565,36
ATM_00058,Uttar Pradesh,Agra,12.340152,80.955159,HDFC Bank,1.03347,1.54829,59
ATM_00059,Uttar Pradesh,Kanpur Nagar,28.996429,82.696994,Axis Bank,1.03502,0.98215,61
ATM_00060,Telangana,Nizamabad,20.16879,77.783018,ICICI Bank,0.6429,1.31332,44
ATM_00061,Uttar Pradesh,Kanpur Nagar,12.421412,73.908272,Bank of Baroda,0.67939,0.67498,61
ATM_00062,Tamil Nadu,Coimbatore,22.710847,79.275768,Bank of Baroda,2.01834,0.53756,11
ATM_00063,Telangana,Karimnagar,12.7223,75.477327,Kotak Mahindra Bank,0.89568,1.01403,31
ATM_00064,Maharashtra,Pune,9.897734,86.637043,Canara Bank,0.7268,0.91476,36
ATM_00065,Telangana,Hyderabad,23.576935,75.314244,ICICI Bank,1.57295,0.77929,40
ATM_00066,Uttar Pradesh,Agra,10.935287,71.601993,Canara Bank,1.05201,0.95342,59
ATM_00067,Madhya Pradesh,Bhopal,10.836784,79.815977,PNB,1.16698,2.43824,7
ATM_00068,Rajasthan,Jodhpur,24.778758,76.117848,Canara Bank,0.90824,1.23956,43
ATM_00069,West Bengal,Kolkata,9.714449,69.965912,Canara Bank,0.8526,1.33642,17
ATM_00070,Uttar Pradesh,Lucknow,26.314922,79.579268,HDFC Bank,0.89827,1.24365,47
ATM_00071,Rajasthan,Jodhpur,26.015273,79.025851,SBI,0.58749,1.55346,43
ATM_00072,Rajasthan,Ajmer,11.610655,71.55054,HDFC Bank,0.92431,0.86601,42
ATM_00073,Andhra Pradesh,Vijayawada,19.904374,80.251582,SBI,1.05726,0.45091,9
ATM_00074,Telangana,Karimnagar,10.625761,79.630859,Bank of Baroda,1.82163,0.86647,31
ATM_00075,Rajasthan,Ajmer,22.416567,83.859059,Kotak Mahindra Bank,0.98233,1.22971,42
ATM_00076,Maharashtra,Thane,9.88446,75.412184,Bank of Baroda,0.4211,0.65918,41
ATM_00077,Maharashtra,Thane,29.278579,73.09957,Canara Bank,0.92235,0.87018,41
ATM_00078,Telangana,Hyderabad,13.070076,87.500008,Kotak Mahindra Bank,2.48654,0.72655,40
ATM_00079,Rajasthan,Kota,23.523682,79.504959,Union Bank,1.29084,1.56578,47
ATM_00080,Uttar Pradesh,Ghaziabad,11.322411,68.556369,Canara Bank,0.71767,1.2032,56
ATM_00081,West Bengal,Durgapur,13.111122,84.82459,Kotak Mahindra Bank,1.17228,1.16266,18
ATM_00082,Haryana,Gurugram,18.420892,72.03354,ICICI Bank,0.73518,1.15054,9
ATM_00083,Uttar Pradesh,Agra,21.108115,84.113745,Axis Bank,0.59347,0.9136,59
ATM_00084,Telangana,Karimnagar,30.474991,82.45583,Axis Bank,0.84378,0.99185,31
ATM_00085,Uttar Pradesh,Ghaziabad,9.070377,87.860681,Kotak Mahindra Bank,0.98423,0.61132,56
ATM_00086,Karnataka,Mysuru,8.506917,87.794376,Axis Bank,0.49501,0.4306,38
ATM_00087,Maharashtra,Aurangabad,16.208076,73.625418,PNB,0.63754,0.97551,36
ATM_00088,Karnataka,Hubballi,16.55544,83.712216,HDFC Bank,0.95665,1.03673,33
ATM_00089,Gujarat,Ahmedabad,27.944419,74.495529,HDFC Bank,0.8263,1.41328,25
ATM_00090,Gujarat,Surat,28.576816,80.898558,Union Bank,1.09445,1.60422,29
ATM_00091,Uttar Pradesh,Agra,27.871549,80.253795,Union Bank,0.62309,1.60347,59
ATM_00092,Tamil Nadu,Coimbatore,11.649933,69.118142,Union Bank,1.22386,0.6527,11
ATM_00093,Maharashtra,Pune,17.566306,68.106226,ICICI Bank,0.62987,0.81822,36
ATM_00094,Uttar Pradesh,Ghaziabad,24.909474,69.184162,SBI,1.69388,1.09504,56
ATM_00095,Telangana,Hyderabad,15.377443,70.622812,ICICI Bank,0.52286,2.2453,40
ATM_00096,Rajasthan,Jaipur,23.091237,73.281876,Bank of Baroda,0.6503,1.5538,42
ATM_00097,West Bengal,Siliguri,13.717143,86.592582,Axis Bank,1.10313,1.36952,16
ATM_00098,West Bengal,Kolkata,15.615224,78.63197,PNB,1.70668,0.80811,17
ATM_00099,Maharashtra,Pune,27.429452,84.336281,Kotak Mahindra Bank,1.06432,0.67947,36
ATM_00100,Andhra Pradesh,Guntur,14.011199,85.185391,Union Bank,1.16075,1.21993,11
ATM_00101,Maharashtra,Nashik,29.71513,83.066334,SBI,0.95907,0.62967,38
ATM_00102,Telangana,Nizamabad,15.23771,76.023395,HDFC Bank,0.66553,0.85148,44
ATM_00103,Maharashtra,Nashik,9.017618,85.709118,Axis Bank,0.80294,0.88914,38
ATM_00104,Andhra Pradesh,Vijayawada,14.10782,83.21202,Canara Bank,0.62369,1.61638,9
ATM_00105,Uttar Pradesh,Lucknow,12.266509,83.234605,Union Bank,0.60928,0.81753,47
ATM_00106,Uttar Pradesh,Ghaziabad,19.650193,86.482274,ICICI Bank,1.09711,0.39413,56
ATM_00107,Rajasthan,Udaipur,10.979753,80.272601,SBI,0.64336,1.10432,38
ATM_00108,Kerala,Kozhikode,22.273075,78.835776,ICICI Bank,1.066,0.72471,4
ATM_00109,Haryana,Hisar,27.74778,86.248332,Kotak Mahindra Bank,0.60437,0.9395,12
ATM_00110,Gujarat,Rajkot,16.475415,77.316465,PNB,1.05739,0.89792,28
ATM_00111,Haryana,Gurugram,12.20684,84.637199,PNB,0.80334,0.84103,9
ATM_00112,Haryana,Gurugram,17.30055,69.10385,Canara Bank,1.55953,1.22054,9
ATM_00113,Telangana,Karimnagar,25.79127,68.026444,SBI,1.06755,0.54127,31
ATM_00114,Maharashtra,Nagpur,21.512729,78.829996,PNB,1.46901,0.77238,40
ATM_00115,Gujarat,Rajkot,10.725151,69.509044,HDFC Bank,0.73168,1.17596,28
ATM_00116,Karnataka,Mysuru,20.318117,88.019132,ICICI Bank,0.97211,0.74658,38
ATM_00117,Rajasthan,Kota,18.797878,68.112774,PNB,0.67617,0.52708,47
ATM_00118,Uttar Pradesh,Lucknow,15.69647,82.722068,Bank of Baroda,0.82473,1.16961,47
ATM_00119,Gujarat,Rajkot,10.923533,72.989386,HDFC Bank,0.86965,1.37129,28
ATM_00120,Maharashtra,Thane,30.084463,87.834816,Bank of Baroda,0.73935,0.91112,41
ATM_00121,Andhra Pradesh,Guntur,12.372953,75.821604,SBI,0.62291,0.46597,11
ATM_00122,Maharashtra,Thane,12.740344,68.55931,ICICI Bank,0.5812,1.18502,41
ATM_00123,Uttar Pradesh,Kanpur Nagar,11.702819,68.552183,PNB,0.42028,0.51774,61
ATM_00124,West Bengal,Kolkata,21.044247,79.344154,ICICI Bank,0.65859,1.03123,17
ATM_00125,Uttar Pradesh,Lucknow,18.260731,88.227596,PNB,1.18731,0.67845,47
ATM_00126,Uttar Pradesh,Prayagraj,13.990258,88.085357,Bank of Baroda,0.54476,0.61676,50
ATM_00127,Telangana,Hyderabad,17.947314,74.914096,Canara Bank,0.59051,0.79295,40
ATM_00128,Delhi,North Delhi,23.317481,77.895425,Union Bank,1.78404,0.86807,14
ATM_00129,Uttar Pradesh,Agra,14.697412,70.059344,Bank of Baroda,0.76284,0.73875,59
ATM_00130,Maharashtra,Pune,28.635407,78.704626,SBI,1.06655,1.13737,36
ATM_00131,Gujarat,Ahmedabad,15.239617,80.293883,PNB,1.19349,0.7918,25
ATM_00132,Madhya Pradesh,Gwalior,12.859939,73.146764,Bank of Baroda,1.20196,1.30439,8
ATM_00133,Telangana,Hyderabad,29.500493,80.548346,Canara Bank,0.55948,1.02131,40
ATM_00134,Uttar Pradesh,Kanpur Nagar,26.332333,86.443701,Bank of Baroda,0.87915,0.72508,61
ATM_00135,Uttar Pradesh,Agra,16.049028,68.019584,Canara Bank,0.54101,0.68358,59
ATM_00136,Maharashtra,Thane,27.011501,72.693142,Axis Bank,2.24404,0.51999,41
ATM_00137,Uttar Pradesh,Varanasi,19.913913,72.303351,Kotak Mahindra Bank,0.54545,1.02473,48
ATM_00138,Karnataka,Mangaluru,16.128555,70.539667,ICICI Bank,0.66055,0.81756,32
ATM_00139,Uttar Pradesh,Varanasi,26.971455,71.405075,Canara Bank,0.66223,0.40349,48
ATM_00140,Telangana,Karimnagar,25.047631,80.831207,Canara Bank,0.56453,0.76734,31
ATM_00141,Karnataka,Bengaluru Urban,15.053247,70.105235,Bank of Baroda,1.53032,0.67524,37
ATM_00142,Telangana,Hyderabad,21.846927,83.139898,SBI,2.22537,1.60666,40
ATM_00143,Uttar Pradesh,Ghaziabad,16.626585,86.183963,Axis Bank,0.80699,0.51002,56
ATM_00144,West Bengal,Siliguri,8.523143,86.995048,SBI,0.60045,0.55889,16
ATM_00145,Gujarat,Vadodara,29.659946,81.533604,Bank of Baroda,0.43568,1.36501,17
ATM_00146,Gujarat,Ahmedabad,20.59184,72.046626,Union Bank,0.87514,1.48816,25
ATM_00147,Uttar Pradesh,Prayagraj,21.665517,69.74858,Bank of Baroda,0.85329,0.71314,50
ATM_00148,Uttar Pradesh,Prayagraj,21.697611,72.756512,Union Bank,0.7589,0.74189,50
ATM_00149,Tamil Nadu,Chennai,20.614112,87.720122,Axis Bank,1.02999,1.14838,8
ATM_00150,Rajasthan,Ajmer,14.881053,87.728077,ICICI Bank,1.09459,0.40991,42
ATM_00151,Maharashtra,Pune,29.874675,75.829337,Bank of Baroda,1.06732,0.48251,36
ATM_00152,Rajasthan,Jodhpur,22.176705,74.678727,ICICI Bank,0.85336,0.83897,43
ATM_00153,Karnataka,Bengaluru Urban,23.26027,78.455217,Kotak Mahindra Bank,0.64824,1.59223,37
ATM_00154,Madhya Pradesh,Bhopal,18.505441,73.979606,Kotak Mahindra Bank,1.20335,0.79467,7
ATM_00155,Maharashtra,Nagpur,14.832951,88.08308,Axis Bank,0.95738,0.95887,40
ATM_00156,Tamil Nadu,Coimbatore,9.915678,72.535038,Kotak Mahindra Bank,1.30082,1.37644,11
ATM_00157,Uttar Pradesh,Ghaziabad,16.205064,75.567425,SBI,1.25683,1.93495,56
ATM_00158,Telangana,Nizamabad,12.374143,76.802103,HDFC Bank,0.57952,0.75637,44
ATM_00159,Karnataka,Hubballi,23.065942,70.563812,ICICI Bank,0.577,0.92015,33
ATM_00160,Uttar Pradesh,Varanasi,27.838085,75.847909,Axis Bank,0.73171,1.75136,48
ATM_00161,Uttar Pradesh,Varanasi,15.160607,85.56298,ICICI Bank,0.65861,0.5433,48
ATM_00162,Rajasthan,Ajmer,15.823418,70.877401,Bank of Baroda,1.24161,1.32621,42
ATM_00163,Madhya Pradesh,Indore,23.248019,79.97245,Kotak Mahindra Bank,1.07791,0.64808,6
ATM_00164,Telangana,Karimnagar,11.783972,76.336061,Bank of Baroda,1.40043,0.95939,31
ATM_00165,Tamil Nadu,Madurai,28.947623,71.496003,Bank of Baroda,1.09509,0.85023,9
ATM_00166,West Bengal,Siliguri,16.504629,68.252891,SBI,1.02541,0.66191,16
ATM_00167,Rajasthan,Ajmer,10.726388,73.603538,ICICI Bank,1.45059,0.65612,42
ATM_00168,West Bengal,Siliguri,12.343048,69.267494,Kotak Mahindra Bank,1.12353,1.01961,16
ATM_00169,Uttar Pradesh,Kanpur Nagar,29.020414,75.723754,Kotak Mahindra Bank,0.97619,1.31142,61
ATM_00170,Uttar Pradesh,Kanpur Nagar,13.936624,84.609302,SBI,1.60036,0.8845,61
ATM_00171,West Bengal,Siliguri,23.069914,82.753548,SBI,0.99241,0.94858,16
ATM_00172,West Bengal,Howrah,11.935635,87.421366,Kotak Mahindra Bank,0.85688,1.13041,19
ATM_00173,Maharashtra,Mumbai,12.770237,76.753816,HDFC Bank,0.71094,0.65876,40
ATM_00174,Telangana,Nizamabad,27.843241,82.509929,Canara Bank,1.21912,1.19909,44
ATM_00175,Telangana,Warangal,11.756731,81.639505,Kotak Mahindra Bank,1.46967,1.23299,41
ATM_00176,Delhi,Central Delhi,8.912513,72.449449,Kotak Mahindra Bank,0.93647,2.30238,13
ATM_00177,Telangana,Warangal,19.52713,74.223441,Bank of Baroda,1.50657,0.81142,41
ATM_00178,Rajasthan,Jodhpur,27.47999,78.861505,Axis Bank,0.47834,0.78847,43
ATM_00179,Rajasthan,Udaipur,15.671803,84.331475,Union Bank,0.93488,1.21144,38
ATM_00180,Rajasthan,Jodhpur,11.31957,77.467161,Union Bank,0.93992,1.23289,43
ATM_00181,Karnataka,Hubballi,30.109078,72.668701,Kotak Mahindra Bank,0.73906,0.76751,33
ATM_00182,Delhi,West Delhi,23.38825,88.366047,Bank of Baroda,2.19552,0.80378,12
ATM_00183,Rajasthan,Jodhpur,27.215194,70.369366,PNB,0.93137,1.11859,43
ATM_00184,Maharashtra,Nagpur,25.047042,87.595723,Union Bank,0.82643,0.69282,40
ATM_00185,Maharashtra,Aurangabad,23.86133,84.585449,SBI,0.9619,0.8017,36
ATM_00186,Gujarat,Vadodara,16.960409,85.197317,ICICI Bank,0.47288,0.95507,17
ATM_00187,West Bengal,Siliguri,15.63548,84.29581,Kotak Mahindra Bank,0.7306,1.3116,16
ATM_00188,Uttar Pradesh,Kanpur Nagar,24.273089,72.267504,HDFC Bank,1.34474,0.74906,61
ATM_00189,Uttar Pradesh,Kanpur Nagar,24.267686,80.967939,Union Bank,0.76486,0.4857,61
ATM_00190,Telangana,Nizamabad,29.412944,83.513371,Axis Bank,0.71317,0.47325,44
ATM_00191,Uttar Pradesh,Kanpur Nagar,21.010516,83.286559,HDFC Bank,1.50742,0.59564,61
ATM_00192,West Bengal,Asansol,14.981664,73.56709,Bank of Baroda,1.52372,0.58454,20
ATM_00193,Maharashtra,Nagpur,19.269634,71.712947,PNB,1.14227,0.87683,40
ATM_00194,Uttar Pradesh,Agra,22.001704,74.726521,PNB,0.81284,0.61052,59
ATM_00195,Tamil Nadu,Madurai,17.888056,77.836812,Axis Bank,0.87656,0.72376,9
ATM_00196,Uttar Pradesh,Lucknow,25.904929,79.762505,SBI,0.71937,0.70592,47
ATM_00197,Maharashtra,Thane,21.361491,85.157482,Kotak Mahindra Bank,0.67294,0.79334,41
ATM_00198,Uttar Pradesh,Varanasi,8.707586,83.765202,PNB,0.66135,1.47042,48
ATM_00199,Uttar Pradesh,Ghaziabad,21.036478,81.861086,Canara Bank,0.76778,1.1669,56
ATM_00200,Uttar Pradesh,Agra,22.439283,73.401531,Canara Bank,0.66359,0.93083,59
ATM_00201,Uttar Pradesh,Prayagraj,28.635748,77.81705,Bank of Baroda,0.55144,0.78766,50
ATM_00202,Uttar Pradesh,Lucknow,17.601877,74.876435,SBI,1.02928,0.79536,47
ATM_00203,Uttar Pradesh,Ghaziabad,21.138289,72.816028,HDFC Bank,1.03477,1.03809,56
ATM_00204,Telangana,Nizamabad,18.949944,68.21003,HDFC Bank,1.72866,1.13557,44
ATM_00205,Karnataka,Hubballi,20.196441,74.95897,PNB,0.75439,0.67368,33
ATM_00206,Rajasthan,Jodhpur,9.98069,73.250383,SBI,1.05728,0.93748,43
ATM_00207,Maharashtra,Mumbai,28.240241,79.723998,Canara Bank,1.06345,0.45457,40
ATM_00208,Telangana,Nizamabad,28.529071,69.277186,Axis Bank,0.87217,0.99678,44
ATM_00209,Delhi,Central Delhi,20.557311,73.545652,SBI,1.23687,1.20855,13
ATM_00210,Delhi,Central Delhi,20.744221,68.917775,PNB,1.25032,0.83916,13
ATM_00211,Uttar Pradesh,Lucknow,9.766233,81.149067,SBI,1.06893,1.74797,47
ATM_00212,Uttar Pradesh,Agra,21.654911,79.647886,Kotak Mahindra Bank,0.87162,0.67993,59
ATM_00213,Maharashtra,Nashik,17.941339,74.91834,Union Bank,0.84108,0.99878,38
ATM_00214,Maharashtra,Nagpur,24.09896,71.020359,Kotak Mahindra Bank,0.59058,0.91405,40
ATM_00215,Telangana,Hyderabad,9.536748,87.637357,HDFC Bank,0.71892,0.89366,40
ATM_00216,Rajasthan,Udaipur,24.139529,79.980045,Kotak Mahindra Bank,0.76672,0.88928,38
ATM_00217,Uttar Pradesh,Agra,14.811664,81.921824,Canara Bank,0.64319,0.96094,59
ATM_00218,Rajasthan,Jodhpur,22.837517,78.892649,Axis Bank,1.11187,1.2454,43
ATM_00219,Telangana,Nizamabad,22.296771,84.533932,Union Bank,1.44902,1.49912,44
ATM_00220,Uttar Pradesh,Kanpur Nagar,13.490513,86.375791,Axis Bank,0.69367,0.92486,61
ATM_00221,West Bengal,Howrah,18.189952,75.845566,ICICI Bank,1.05261,1.23125,19
ATM_00222,Uttar Pradesh,Agra,26.883932,82.145519,ICICI Bank,0.66374,0.72401,59
ATM_00223,Tamil Nadu,Salem,21.823016,72.712693,Canara Bank,0.85671,1.21016,10
ATM_00224,Uttar Pradesh,Kanpur Nagar,10.012243,81.363028,Canara Bank,0.7486,0.70891,61
ATM_00225,Delhi,North Delhi,18.243994,76.18269,ICICI Bank,1.17672,1.35582,14
ATM_00226,Haryana,Hisar,15.358972,68.139023,ICICI Bank,0.75163,2.00651,12
ATM_00227,Bihar,Patna,22.616205,87.588321,PNB,1.35818,0.88687,7
ATM_00228,West Bengal,Durgapur,22.020407,85.803052,Bank of Baroda,0.87465,0.42968,18
ATM_00229,Gujarat,Surat,8.728758,73.962149,Kotak Mahindra Bank,0.75935,0.76403,29
ATM_00230,Karnataka,Mysuru,21.869301,88.454025,ICICI Bank,0.61472,1.42451,38
ATM_00231,Gujarat,Vadodara,24.666692,74.501117,ICICI Bank,1.04153,1.12328,17
ATM_00232,Uttar Pradesh,Kanpur Nagar,25.412061,77.406306,ICICI Bank,1.30394,1.00984,61
ATM_00233,Telangana,Nizamabad,9.797467,85.45081,Bank of Baroda,1.04889,1.31746,44
ATM_00234,Telangana,Nizamabad,15.180485,74.244225,Kotak Mahindra Bank,2.08686,1.09662,44
ATM_00235,Delhi,North Delhi,17.768018,77.236076,Bank of Baroda,1.57223,1.41747,14
ATM_00236,Rajasthan,Udaipur,12.454978,81.644537,ICICI Bank,0.85593,1.27694,38
ATM_00237,Rajasthan,Kota,17.756145,70.674585,PNB,0.85279,1.57659,47
ATM_00238,Karnataka,Bengaluru Urban,10.06485,76.658183,Canara Bank,1.12351,1.04943,37
ATM_00239,Maharashtra,Thane,10.99078,74.342904,Axis Bank,0.71089,1.27063,41
ATM_00240,Uttar Pradesh,Agra,23.211285,81.873873,SBI,1.43371,0.83125,59
ATM_00241,Rajasthan,Udaipur,14.276594,70.787372,Canara Bank,1.0818,0.74988,38
ATM_00242,Rajasthan,Ajmer,24.150929,72.770995,Canara Bank,1.04272,1.6821,42
ATM_00243,Maharashtra,Aurangabad,9.558388,82.583212,PNB,1.21228,0.99835,36
ATM_00244,Maharashtra,Nashik,20.879467,71.2026,ICICI Bank,1.74204,1.22676,38
ATM_00245,Maharashtra,Mumbai,17.111871,76.651395,HDFC Bank,1.01197,0.96655,40
ATM_00246,Maharashtra,Nagpur,26.033371,82.614055,PNB,0.91622,0.75381,40
ATM_00247,Rajasthan,Jaipur,25.746935,83.692102,Bank of Baroda,1.61627,0.92915,42
ATM_00248,Karnataka,Hubballi,16.762312,69.945064,SBI,1.33738,1.53,33
ATM_00249,Maharashtra,Mumbai,22.199708,85.46591,SBI,0.85191,1.12413,40
ATM_00250,Andhra Pradesh,Nellore,13.506075,82.841432,Bank of Baroda,0.95493,0.50847,9
ATM_00251,Tamil Nadu,Salem,21.26895,74.955539,Canara Bank,1.02066,0.85842,10
ATM_00252,Rajasthan,Ajmer,10.287823,83.657958,ICICI Bank,1.08188,1.72715,42
ATM_00253,Maharashtra,Nagpur,18.061294,82.930127,Axis Bank,0.59289,0.85885,40
ATM_00254,Telangana,Hyderabad,12.520009,80.31827,Union Bank,0.55555,0.49288,40
ATM_00255,Delhi,East Delhi,27.934386,79.448864,PNB,0.69871,1.79542,18
ATM_00256,Karnataka,Mangaluru,18.287818,83.061422,Bank of Baroda,0.68005,1.17528,32
ATM_00257,West Bengal,Kolkata,21.497022,88.484828,Axis Bank,0.76089,0.90318,17
ATM_00258,Telangana,Nizamabad,16.428401,79.860321,Axis Bank,1.19031,0.81276,44
ATM_00259,Karnataka,Bengaluru Urban,14.852303,84.578716,HDFC Bank,0.89847,1.35188,37
ATM_00260,Maharashtra,Mumbai,12.964235,83.257611,SBI,1.02102,0.76566,40
ATM_00261,Gujarat,Vadodara,28.561175,85.544072,Kotak Mahindra Bank,0.62099,1.38342,17
ATM_00262,Maharashtra,Nashik,26.088247,87.56776,SBI,0.81098,1.11901,38
ATM_00263,Karnataka,Hubballi,11.431745,71.958206,Kotak Mahindra Bank,1.17071,1.00835,33
ATM_00264,Delhi,East Delhi,24.927947,71.391923,ICICI Bank,1.17386,0.97395,18
ATM_00265,Uttar Pradesh,Ghaziabad,17.707677,80.020212,Union Bank,0.73968,0.87061,56
ATM_00266,Karnataka,Hubballi,8.838726,77.210549,PNB,1.00869,1.33462,33
ATM_00267,Uttar Pradesh,Kanpur Nagar,20.124081,79.699815,Union Bank,2.05786,0.68373,61
ATM_00268,Gujarat,Rajkot,11.361022,84.359876,Union Bank,0.94735,0.52466,28
ATM_00269,Uttar Pradesh,Ghaziabad,13.118555,87.100147,ICICI Bank,0.74785,1.14766,56
ATM_00270,Andhra Pradesh,Nellore,23.812901,76.557024,Canara Bank,0.89696,1.15443,9
ATM_00271,Uttar Pradesh,Ghaziabad,14.157125,82.717619,Canara Bank,0.98445,1.095,56
ATM_00272,Madhya Pradesh,Jabalpur,28.12154,72.034383,Axis Bank,0.90408,1.06756,3
ATM_00273,West Bengal,Siliguri,22.957735,78.958315,SBI,0.94279,0.82736,16
ATM_00274,Telangana,Nizamabad,26.810237,68.446998,PNB,0.57514,1.21932,44
ATM_00275,West Bengal,Durgapur,22.03417,78.326887,HDFC Bank,0.68055,0.91094,18
ATM_00276,West Bengal,Howrah,27.614691,79.179397,PNB,0.90466,0.7805,19
ATM_00277,Andhra Pradesh,Guntur,16.457063,83.076629,PNB,0.89963,0.82987,11
ATM_00278,Maharashtra,Pune,20.581093,81.314438,SBI,0.78184,1.87742,36
ATM_00279,Telangana,Hyderabad,19.849589,75.347133,Union Bank,0.89594,0.50431,40
ATM_00280,Uttar Pradesh,Agra,28.383396,68.117483,Canara Bank,0.97377,1.10252,59
ATM_00281,Karnataka,Mysuru,12.128139,70.36746,ICICI Bank,1.3013,0.51426,38
ATM_00282,Uttar Pradesh,Lucknow,21.217337,87.947743,Kotak Mahindra Bank,0.92067,0.89118,47
ATM_00283,Telangana,Karimnagar,25.097486,86.90783,HDFC Bank,1.09609,0.79525,31
ATM_00284,Telangana,Nizamabad,16.641095,74.66441,ICICI Bank,0.7886,0.44616,44
ATM_00285,Rajasthan,Jaipur,27.586794,73.306485,PNB,1.16451,1.0606,42
ATM_00286,Telangana,Warangal,16.706325,76.946534,Union Bank,1.08716,0.81031,41
ATM_00287,Gujarat,Surat,12.312793,82.143771,HDFC Bank,1.2906,0.44395,29
ATM_00288,West Bengal,Asansol,21.349064,75.314967,HDFC Bank,1.22358,1.24175,20
ATM_00289,Rajasthan,Kota,17.752496,69.379524,ICICI Bank,1.17131,1.52947,47
ATM_00290,Telangana,Nizamabad,8.834182,76.257299,SBI,0.92092,1.55927,44
ATM_00291,Tamil Nadu,Chennai,10.036449,73.342074,HDFC Bank,1.03852,1.04949,8
ATM_00292,Uttar Pradesh,Kanpur Nagar,12.796098,74.661065,Canara Bank,1.38306,0.94063,61
ATM_00293,Uttar Pradesh,Agra,25.425259,71.340624,SBI,0.75869,1.47333,59
ATM_00294,Uttar Pradesh,Ghaziabad,28.124869,81.506221,ICICI Bank,0.765,1.6678,56
ATM_00295,Karnataka,Hubballi,20.504099,78.795934,ICICI Bank,1.01569,1.37633,33
ATM_00296,Rajasthan,Jodhpur,10.82244,73.552694,PNB,1.10232,0.66573,43
ATM_00297,Gujarat,Surat,20.257217,79.354181,PNB,0.71436,0.99317,29
ATM_00298,Karnataka,Hubballi,27.32332,78.100511,Kotak Mahindra Bank,0.92858,1.07951,33
ATM_00299,Maharashtra,Pune,24.988508,84.317485,Axis Bank,0.92235,0.4913,36
ATM_00300,Haryana,Gurugram,14.90416,87.597678,Bank of Baroda,0.43899,1.09084,9
ATM_00301,Gujarat,Vadodara,11.225593,70.678745,Bank of Baroda,0.88268,2.05078,17
ATM_00302,Maharashtra,Mumbai,28.314997,86.120226,Kotak Mahindra Bank,0.90213,1.15795,40
ATM_00303,Maharashtra,Aurangabad,27.289952,82.448337,Union Bank,0.90119,1.55017,36
ATM_00304,Maharashtra,Aurangabad,9.681738,82.197348,PNB,1.56461,0.98678,36
ATM_00305,Uttar Pradesh,Agra,26.620839,75.673168,Bank of Baroda,0.62284,0.90217,59
ATM_00306,Uttar Pradesh,Prayagraj,10.638678,75.050118,PNB,0.71423,1.05772,50
ATM_00307,Andhra Pradesh,Guntur,9.89224,68.115609,Union Bank,0.38205,0.69568,11
ATM_00308,Rajasthan,Udaipur,25.18922,88.1352,Union Bank,0.80553,0.66057,38
ATM_00309,Rajasthan,Udaipur,20.298834,80.43337,Canara Bank,0.82994,1.44178,38
ATM_00310,Gujarat,Ahmedabad,17.620057,76.247737,Axis Bank,0.79738,1.49629,25
ATM_00311,Telangana,Nizamabad,28.384968,79.147261,Canara Bank,1.4046,0.65428,44
ATM_00312,Andhra Pradesh,Nellore,26.964679,68.830804,Axis Bank,1.28825,1.29884,9
ATM_00313,West Bengal,Howrah,9.767716,71.559845,Canara Bank,0.97953,0.89784,19
ATM_00314,Rajasthan,Ajmer,22.053919,80.778878,ICICI Bank,0.83724,1.04248,42
ATM_00315,Rajasthan,Kota,25.489883,78.542365,Kotak Mahindra Bank,1.36511,1.08736,47
ATM_00316,Kerala,Kochi,20.610793,84.135034,Canara Bank,0.94663,1.31087,4
ATM_00317,Gujarat,Ahmedabad,30.126121,81.504225,Union Bank,0.71582,0.95277,25
ATM_00318,Andhra Pradesh,Guntur,23.593045,80.329431,HDFC Bank,0.52277,1.51623,11
ATM_00319,Uttar Pradesh,Kanpur Nagar,10.791146,84.712947,Kotak Mahindra Bank,0.81677,1.03145,61
ATM_00320,Delhi,Central Delhi,12.862556,69.399394,Kotak Mahindra Bank,1.24134,1.15158,13
ATM_00321,Karnataka,Mangaluru,26.677404,82.163179,HDFC Bank,2.11458,0.69145,32
ATM_00322,Uttar Pradesh,Ghaziabad,30.428647,82.66961,Axis Bank,0.97398,1.97033,56
ATM_00323,Telangana,Nizamabad,10.663464,73.640853,Union Bank,0.7292,1.09102,44
ATM_00324,Karnataka,Mangaluru,10.707245,72.010818,Kotak Mahindra Bank,0.6296,1.18794,32
ATM_00325,Uttar Pradesh,Kanpur Nagar,25.294515,72.383976,Union Bank,1.15633,0.52719,61
ATM_00326,Rajasthan,Ajmer,9.915794,72.061888,Bank of Baroda,0.51399,0.69401,42
ATM_00327,West Bengal,Kolkata,10.008323,78.737535,ICICI Bank,1.15568,1.42751,17
ATM_00328,Maharashtra,Thane,28.053963,70.780339,PNB,1.26905,1.02335,41
ATM_00329,Rajasthan,Jodhpur,26.109896,81.51536,Kotak Mahindra Bank,1.11045,0.47371,43
ATM_00330,Rajasthan,Jodhpur,27.89439,70.154104,PNB,0.88266,1.33119,43
ATM_00331,Maharashtra,Mumbai,22.811295,68.551238,ICICI Bank,1.1616,0.76517,40
ATM_00332,Tamil Nadu,Coimbatore,15.595801,74.54545,Axis Bank,1.01197,1.51685,11
ATM_00333,West Bengal,Siliguri,28.43889,71.933124,ICICI Bank,0.72595,0.89756,16
ATM_00334,Uttar Pradesh,Prayagraj,15.071918,88.267572,PNB,1.82159,0.99434,50
ATM_00335,Odisha,Cuttack,14.561238,74.211424,Kotak Mahindra Bank,0.8428,1.39837,4
ATM_00336,Delhi,South Delhi,28.000809,72.552314,HDFC Bank,1.25055,0.67608,9
ATM_00337,Maharashtra,Nagpur,23.478097,72.033781,ICICI Bank,0.40883,0.65388,40
ATM_00338,West Bengal,Asansol,28.204786,75.663985,Bank of Baroda,1.49008,0.86407,20
ATM_00339,Uttar Pradesh,Ghaziabad,11.929828,80.419902,Axis Bank,1.59382,1.23637,56
ATM_00340,Odisha,Bhubaneswar,29.45053,84.029878,Bank of Baroda,0.9632,0.58092,3
ATM_00341,Karnataka,Mysuru,21.980327,75.473813,Axis Bank,1.15909,0.51626,38
ATM_00342,Karnataka,Hubballi,23.196771,80.832405,Union Bank,1.15899,1.23488,33
ATM_00343,Uttar Pradesh,Varanasi,28.609333,77.882228,PNB,0.76116,0.74948,48
ATM_00344,Haryana,Faridabad,16.876565,85.353155,PNB,1.15438,0.80686,14
ATM_00345,Uttar Pradesh,Kanpur Nagar,24.33065,79.665356,Bank of Baroda,0.71824,0.48325,61
ATM_00346,Maharashtra,Aurangabad,22.587494,73.942779,Kotak Mahindra Bank,0.77028,0.72981,36
ATM_00347,Uttar Pradesh,Lucknow,25.83056,82.423539,Union Bank,1.41411,0.92314,47
ATM_00348,Gujarat,Vadodara,28.232741,84.811322,HDFC Bank,1.34071,1.28185,17
ATM_00349,Uttar Pradesh,Prayagraj,23.461339,77.541533,Kotak Mahindra Bank,0.74441,0.70662,50
ATM_00350,Tamil Nadu,Coimbatore,9.98807,88.237543,Axis Bank,0.73736,1.65327,11
ATM_00351,Karnataka,Hubballi,12.529088,86.021486,Canara Bank,0.76041,0.72839,33
ATM_00352,Uttar Pradesh,Ghaziabad,29.48752,72.037571,Union Bank,1.23182,0.72876,56
ATM_00353,Uttar Pradesh,Prayagraj,29.81031,84.128495,PNB,0.67171,1.58526,50
ATM_00354,Uttar Pradesh,Agra,29.783093,80.319501,PNB,1.07995,0.99669,59
ATM_00355,Telangana,Warangal,9.309587,78.963632,Kotak Mahindra Bank,1.23796,0.76297,41
ATM_00356,West Bengal,Asansol,16.91386,78.535741,Bank of Baroda,0.92421,0.87667,20
ATM_00357,Maharashtra,Nashik,25.212799,85.494928,Axis Bank,1.35743,1.48624,38
ATM_00358,Delhi,East Delhi,25.063488,80.522892,Axis Bank,0.85689,1.54627,18
ATM_00359,Uttar Pradesh,Kanpur Nagar,10.389996,79.022973,PNB,0.88446,0.69544,61
ATM_00360,West Bengal,Durgapur,21.908756,69.001628,HDFC Bank,0.67708,0.91194,18
ATM_00361,Tamil Nadu,Madurai,11.643132,77.190209,Bank of Baroda,1.36081,0.95526,9
ATM_00362,Gujarat,Rajkot,19.350605,86.614852,Union Bank,0.7289,0.6554,28
ATM_00363,Karnataka,Hubballi,13.773085,82.590603,SBI,1.07733,0.90772,33
ATM_00364,West Bengal,Howrah,9.669546,69.044557,Canara Bank,0.9297,0.92731,19
ATM_00365,Uttar Pradesh,Agra,10.260427,86.121842,ICICI Bank,0.65941,1.37953,59
ATM_00366,Maharashtra,Mumbai,28.539645,84.946678,ICICI Bank,0.77019,1.41237,40
ATM_00367,Uttar Pradesh,Agra,24.882211,79.207026,Canara Bank,1.54662,0.82485,59
ATM_00368,Telangana,Karimnagar,29.000128,68.459312,SBI,1.02291,0.85881,31
ATM_00369,Gujarat,Vadodara,18.839779,79.529807,HDFC Bank,0.66956,1.16786,17
ATM_00370,Karnataka,Mangaluru,17.592435,69.119076,Bank of Baroda,1.0607,0.75417,32
ATM_00371,Delhi,Central Delhi,16.38496,74.567769,Canara Bank,0.90568,1.13734,13
ATM_00372,Uttar Pradesh,Varanasi,22.058756,80.892647,SBI,3.19307,0.89754,48
ATM_00373,Gujarat,Rajkot,16.234307,86.714718,Axis Bank,1.05323,0.65927,28
ATM_00374,Uttar Pradesh,Agra,24.918011,75.334811,ICICI Bank,0.83431,0.66218,59
ATM_00375,Maharashtra,Mumbai,26.128981,85.630488,Bank of Baroda,1.56687,1.53594,40
ATM_00376,Karnataka,Bengaluru Urban,27.768581,86.826401,ICICI Bank,0.50043,0.87627,37
ATM_00377,Bihar,Patna,13.84162,68.4314,SBI,0.98519,1.64345,7
ATM_00378,Karnataka,Mysuru,20.094485,72.908271,Bank of Baroda,1.91577,0.77329,38
ATM_00379,Uttar Pradesh,Varanasi,13.415782,82.552177,Kotak Mahindra Bank,0.91521,1.0249,48
ATM_00380,Karnataka,Mysuru,9.326228,83.515282,Canara Bank,0.51966,2.13851,38
ATM_00381,Uttar Pradesh,Prayagraj,24.072157,76.044545,Axis Bank,0.82986,0.63928,50
ATM_00382,Haryana,Hisar,20.577588,81.46347,Bank of Baroda,1.58589,0.47637,12
ATM_00383,Karnataka,Hubballi,24.4264,80.549252,HDFC Bank,1.08729,1.45205,33
ATM_00384,Uttar Pradesh,Agra,10.427704,83.165387,ICICI Bank,0.71068,0.69301,59
ATM_00385,Uttar Pradesh,Ghaziabad,30.401576,82.732498,Axis Bank,0.74994,0.9189,56
ATM_00386,Uttar Pradesh,Ghaziabad,30.375668,69.760351,Canara Bank,0.78362,0.75397,56
ATM_00387,Bihar,Muzaffarpur,18.729996,71.244129,Bank of Baroda,1.08165,1.01667,4
ATM_00388,Rajasthan,Jodhpur,27.553292,70.720907,PNB,1.52263,0.66364,43
ATM_00389,West Bengal,Durgapur,13.858508,87.115841,Canara Bank,1.3777,0.86909,18
ATM_00390,Karnataka,Mangaluru,24.726456,86.727624,SBI,1.11815,1.0834,32
ATM_00391,Telangana,Karimnagar,27.842969,84.346952,Bank of Baroda,0.59809,0.65036,31
ATM_00392,Uttar Pradesh,Kanpur Nagar,26.422658,70.39273,Canara Bank,0.59887,0.72444,61
ATM_00393,Andhra Pradesh,Visakhapatnam,26.35903,79.772565,SBI,1.14879,0.81962,4
ATM_00394,Maharashtra,Pune,18.686586,71.838228,Axis Bank,0.59521,0.56135,36
ATM_00395,Telangana,Hyderabad,26.539779,75.551871,Kotak Mahindra Bank,0.88084,0.79834,40
ATM_00396,Karnataka,Mangaluru,23.695506,73.475371,Axis Bank,1.06027,0.96488,32
ATM_00397,Karnataka,Bengaluru Urban,11.413931,84.993085,Bank of Baroda,0.64013,0.80479,37
ATM_00398,Andhra Pradesh,Nellore,11.012057,70.961254,HDFC Bank,0.66603,0.84172,9
ATM_00399,Uttar Pradesh,Agra,25.482287,81.246673,SBI,0.92231,0.91916,59
ATM_00400,Telangana,Nizamabad,22.26021,88.169841,ICICI Bank,1.13695,0.73577,44
ATM_00401,Rajasthan,Kota,19.926275,82.084619,Union Bank,1.38209,1.17886,47
ATM_00402,Rajasthan,Udaipur,28.459759,69.624287,PNB,1.17885,1.52999,38
ATM_00403,Uttar Pradesh,Lucknow,23.010988,86.610915,Canara Bank,0.97809,0.78674,47
ATM_00404,Uttar Pradesh,Varanasi,17.215228,81.183133,Kotak Mahindra Bank,0.73411,1.0969,48
ATM_00405,Maharashtra,Aurangabad,17.6065,77.354375,Canara Bank,0.65524,0.85113,36
ATM_00406,Maharashtra,Pune,21.815376,81.523696,Canara Bank,0.79713,1.05189,36
ATM_00407,Rajasthan,Ajmer,25.226056,86.020409,Axis Bank,1.10026,1.60111,42
ATM_00408,Karnataka,Hubballi,20.915773,77.781108,SBI,1.07239,1.10595,33
ATM_00409,Karnataka,Mysuru,19.692739,78.89209,Axis Bank,0.45708,0.49757,38
ATM_00410,Rajasthan,Jodhpur,24.491815,77.275172,Kotak Mahindra Bank,0.72403,1.08499,43
ATM_00411,Rajasthan,Jodhpur,24.01582,69.488124,Bank of Baroda,1.45302,1.425,43
ATM_00412,Maharashtra,Aurangabad,26.76763,84.134938,Union Bank,0.98,0.85651,36
ATM_00413,Telangana,Hyderabad,9.876139,70.591441,SBI,0.58049,1.31146,40
ATM_00414,Maharashtra,Thane,25.108947,76.088685,HDFC Bank,2.17408,0.72697,41
ATM_00415,Uttar Pradesh,Varanasi,19.80273,75.929868,ICICI Bank,0.94359,0.55031,48
ATM_00416,Rajasthan,Ajmer,10.143249,73.740836,Axis Bank,1.09044,0.97247,42
ATM_00417,Rajasthan,Kota,23.438221,76.251396,PNB,1.09626,0.50053,47
ATM_00418,Maharashtra,Aurangabad,24.263884,80.669187,Bank of Baroda,0.83812,0.85108,36
ATM_00419,Telangana,Warangal,20.019798,74.38344,Canara Bank,0.73891,1.45218,41
ATM_00420,Telangana,Karimnagar,25.963578,71.536495,Canara Bank,2.00302,0.47438,31
ATM_00421,Karnataka,Bengaluru Urban,15.105458,85.822034,Axis Bank,1.35417,0.59147,37
ATM_00422,Karnataka,Hubballi,12.941959,87.902069,PNB,1.27093,0.64498,33
ATM_00423,Karnataka,Bengaluru Urban,16.216147,77.400968,ICICI Bank,1.16622,0.9053,37
ATM_00424,Maharashtra,Thane,17.521111,74.703904,SBI,0.67093,0.81438,41
ATM_00425,West Bengal,Howrah,23.810539,68.973383,Union Bank,1.49064,1.51039,19
ATM_00426,Telangana,Hyderabad,27.101439,68.755457,Canara Bank,0.70962,1.29265,40
ATM_00427,Rajasthan,Jodhpur,24.3602,76.054081,ICICI Bank,1.05255,1.10078,43
ATM_00428,Karnataka,Bengaluru Urban,12.327726,87.069961,Kotak Mahindra Bank,0.53702,0.97399,37
ATM_00429,Maharashtra,Pune,16.556776,82.979525,HDFC Bank,0.46662,1.06216,36
ATM_00430,Telangana,Warangal,11.985102,75.160023,ICICI Bank,1.06553,0.68453,41
ATM_00431,Gujarat,Ahmedabad,23.607932,87.844952,HDFC Bank,0.71812,1.24944,25
ATM_00432,Haryana,Hisar,13.959781,76.789537,HDFC Bank,0.47514,0.62717,12
ATM_00433,Tamil Nadu,Coimbatore,20.058513,73.674251,Union Bank,1.15175,1.23993,11
ATM_00434,Telangana,Hyderabad,25.920257,76.740242,Union Bank,2.0019,1.40189,40
ATM_00435,Telangana,Nizamabad,23.260664,72.336636,Canara Bank,1.55025,0.99648,44
ATM_00436,West Bengal,Asansol,15.064228,86.155595,Kotak Mahindra Bank,0.8711,0.87023,20
ATM_00437,Maharashtra,Thane,15.823069,75.404053,SBI,0.95615,1.06479,41
ATM_00438,West Bengal,Kolkata,22.874014,81.488364,Canara Bank,1.30052,0.33998,17
ATM_00439,Rajasthan,Ajmer,20.58829,75.975468,HDFC Bank,1.41172,1.02887,42
ATM_00440,Uttar Pradesh,Prayagraj,10.620657,86.485494,PNB,0.84521,0.88958,50
ATM_00441,Uttar Pradesh,Ghaziabad,27.727815,81.168805,Canara Bank,0.96467,0.90933,56
ATM_00442,Delhi,East Delhi,19.777491,78.009164,Union Bank,1.05896,1.18526,18
ATM_00443,Uttar Pradesh,Ghaziabad,18.913942,70.708931,Canara Bank,1.15711,0.90168,56
ATM_00444,Maharashtra,Pune,12.865665,86.489292,Axis Bank,0.90982,0.62101,36
ATM_00445,Maharashtra,Pune,16.793864,79.209746,Union Bank,0.91397,0.88089,36
ATM_00446,Uttar Pradesh,Lucknow,15.822147,73.843586,Kotak Mahindra Bank,1.54498,0.94773,47
ATM_00447,Maharashtra,Pune,14.456185,85.997501,HDFC Bank,1.45557,0.96358,36
ATM_00448,Gujarat,Surat,20.982945,69.116029,Kotak Mahindra Bank,1.12655,0.97956,29
ATM_00449,Uttar Pradesh,Kanpur Nagar,18.670058,74.438577,Union Bank,1.73977,1.33169,61
ATM_00450,West Bengal,Howrah,28.062349,79.004982,SBI,0.83261,0.6329,19
ATM_00451,Delhi,West Delhi,29.209567,74.966194,PNB,1.68221,0.98429,12
ATM_00452,Rajasthan,Kota,13.328415,77.773052,HDFC Bank,1.15252,1.45375,47
ATM_00453,Uttar Pradesh,Kanpur Nagar,10.702319,73.418483,Canara Bank,2.99495,0.50437,61
ATM_00454,Telangana,Warangal,25.777426,70.666703,HDFC Bank,0.62795,0.98565,41
ATM_00455,Uttar Pradesh,Ghaziabad,30.386951,68.75551,HDFC Bank,0.74886,0.75411,56
ATM_00456,Maharashtra,Mumbai,27.499202,71.231755,Canara Bank,1.10368,0.81296,40
ATM_00457,Madhya Pradesh,Gwalior,9.021343,87.535404,Union Bank,1.09538,0.67435,8
ATM_00458,Odisha,Cuttack,14.027798,79.795764,Union Bank,1.8863,0.87226,4
ATM_00459,Gujarat,Vadodara,9.45353,78.023683,Axis Bank,0.75438,1.76317,17
ATM_00460,Maharashtra,Mumbai,26.557146,75.878639,Kotak Mahindra Bank,1.30838,0.59459,40
ATM_00461,Karnataka,Bengaluru Urban,21.290953,82.522613,SBI,1.4318,0.61466,37
ATM_00462,Karnataka,Mysuru,19.801808,70.895819,Kotak Mahindra Bank,1.21981,0.58684,38
ATM_00463,Rajasthan,Ajmer,20.697897,73.660662,ICICI Bank,0.68094,1.6943,42
ATM_00464,Karnataka,Bengaluru Urban,14.053928,81.445993,Canara Bank,1.56015,0.7873,37
ATM_00465,Uttar Pradesh,Varanasi,21.736044,77.820819,PNB,1.4657,0.91732,48
ATM_00466,Maharashtra,Pune,9.174674,83.786897,ICICI Bank,1.17577,0.80388,36
ATM_00467,Telangana,Nizamabad,22.712258,86.390752,Axis Bank,1.02387,0.66506,44
ATM_00468,Uttar Pradesh,Agra,24.657544,84.879138,Kotak Mahindra Bank,1.0317,0.85246,59
ATM_00469,Uttar Pradesh,Agra,23.306578,71.776258,Kotak Mahindra Bank,0.92729,2.18815,59
ATM_00470,West Bengal,Kolkata,15.806585,69.87514,ICICI Bank,1.19285,1.50666,17
ATM_00471,Kerala,Kochi,26.677784,71.473532,Bank of Baroda,0.96364,0.6867,4
ATM_00472,Telangana,Karimnagar,24.241968,84.062379,ICICI Bank,0.70828,1.16105,31
ATM_00473,West Bengal,Durgapur,11.322541,86.733537,Bank of Baroda,0.66038,0.69187,18
ATM_00474,Kerala,Kozhikode,12.793173,86.971702,Axis Bank,0.73261,0.49705,4
ATM_00475,Uttar Pradesh,Agra,22.516385,74.113424,SBI,1.03026,1.32247,59
ATM_00476,Rajasthan,Ajmer,14.867155,85.226998,PNB,0.94425,1.38917,42
ATM_00477,Rajasthan,Ajmer,11.127525,78.992828,Canara Bank,1.02782,1.33481,42
ATM_00478,Uttar Pradesh,Lucknow,11.909318,84.867233,Bank of Baroda,1.13582,0.78523,47
ATM_00479,Gujarat,Surat,12.143578,79.241479,SBI,0.76529,0.8731,29
ATM_00480,Rajasthan,Kota,19.0114,70.990811,SBI,1.59209,1.20333,47
ATM_00481,Rajasthan,Udaipur,21.86248,69.624001,Bank of Baroda,0.86794,1.06151,38
ATM_00482,Uttar Pradesh,Lucknow,12.38085,87.622993,Canara Bank,0.81903,0.80646,47
ATM_00483,Uttar Pradesh,Prayagraj,24.174925,76.728952,ICICI Bank,1.12852,0.52519,50
ATM_00484,Haryana,Faridabad,14.682277,75.185673,Union Bank,0.50122,0.96322,14
ATM_00485,Uttar Pradesh,Prayagraj,15.354279,75.304213,Axis Bank,0.7228,1.3503,50
ATM_00486,Maharashtra,Mumbai,13.41697,75.768155,SBI,1.34372,0.60867,40
ATM_00487,Maharashtra,Nagpur,25.774535,87.372435,Bank of Baroda,0.51891,1.15747,40
ATM_00488,Rajasthan,Ajmer,29.615904,69.285444,HDFC Bank,1.40948,1.03947,42
ATM_00489,Telangana,Nizamabad,19.334997,70.440756,SBI,1.61764,1.20349,44
ATM_00490,Rajasthan,Jodhpur,9.424674,84.187856,HDFC Bank,0.83758,1.25591,43
ATM_00491,Uttar Pradesh,Agra,14.232525,79.262895,ICICI Bank,1.0557,0.72587,59
ATM_00492,Maharashtra,Mumbai,11.977106,70.635004,Bank of Baroda,1.41022,0.52557,40
ATM_00493,Delhi,East Delhi,27.04077,68.706433,PNB,0.80952,0.76793,18
ATM_00494,Karnataka,Hubballi,10.366788,72.596804,HDFC Bank,1.29148,1.26348,33
ATM_00495,Karnataka,Mangaluru,29.762477,73.34662,SBI,0.75364,0.76565,32
ATM_00496,Karnataka,Mysuru,21.447303,68.291367,HDFC Bank,0.80647,0.72597,38
ATM_00497,Gujarat,Ahmedabad,19.890275,72.429856,ICICI Bank,0.72058,0.48929,25
ATM_00498,Uttar Pradesh,Lucknow,27.141714,83.135538,HDFC Bank,1.07465,1.70933,47
ATM_00499,Maharashtra,Mumbai,9.106048,85.536391,ICICI Bank,1.42955,1.23574,40
ATM_00500,Telangana,Nizamabad,25.59736,86.413835,PNB,0.89371,1.21183,44
ATM_00501,Maharashtra,Aurangabad,11.065289,75.993238,Axis Bank,0.61087,1.29872,36
ATM_00502,Delhi,West Delhi,26.997118,74.547981,Canara Bank,0.65254,1.1326,12
ATM_00503,Rajasthan,Jaipur,20.141877,88.497147,Union Bank,1.09437,0.84972,42
ATM_00504,Gujarat,Ahmedabad,9.844847,83.771479,HDFC Bank,1.81758,0.87403,25
ATM_00505,Delhi,East Delhi,26.831391,79.015718,ICICI Bank,1.09403,0.79694,18
ATM_00506,Telangana,Hyderabad,9.100911,73.222814,Axis Bank,0.83248,2.32759,40
ATM_00507,Haryana,Gurugram,11.544155,74.586762,Bank of Baroda,1.24637,1.12439,9
ATM_00508,Telangana,Hyderabad,26.05214,78.564969,SBI,0.87655,0.7869,40
ATM_00509,Delhi,Central Delhi,18.727165,79.1127,Canara Bank,0.83499,1.08937,13
ATM_00510,Maharashtra,Mumbai,27.890551,68.280412,ICICI Bank,0.68154,0.64977,40
ATM_00511,Rajasthan,Jodhpur,22.479444,87.667702,ICICI Bank,1.56053,1.56714,43
ATM_00512,Telangana,Karimnagar,22.217633,79.799928,Canara Bank,0.39194,0.7344,31
ATM_00513,Uttar Pradesh,Prayagraj,14.929172,80.077744,PNB,1.26026,1.10302,50
ATM_00514,Rajasthan,Udaipur,11.440972,72.335158,Kotak Mahindra Bank,0.81039,1.34415,38
ATM_00515,Tamil Nadu,Salem,29.645793,83.682237,PNB,0.82568,1.05902,10
ATM_00516,Karnataka,Bengaluru Urban,10.805549,83.113923,Axis Bank,1.72354,0.9567,37
ATM_00517,Uttar Pradesh,Kanpur Nagar,20.138233,69.950738,HDFC Bank,0.74239,0.92909,61
ATM_00518,Maharashtra,Mumbai,14.496509,80.197385,HDFC Bank,0.7513,0.90748,40
ATM_00519,Uttar Pradesh,Kanpur Nagar,14.311095,81.492972,Axis Bank,0.91067,0.75641,61
ATM_00520,Uttar Pradesh,Kanpur Nagar,21.580897,85.129148,ICICI Bank,1.10177,0.79085,61
ATM_00521,Tamil Nadu,Coimbatore,26.054551,72.224869,HDFC Bank,0.81662,1.55353,11
ATM_00522,Rajasthan,Kota,25.597949,85.991513,HDFC Bank,0.54948,0.89108,47
ATM_00523,Maharashtra,Mumbai,27.613637,77.460362,HDFC Bank,0.70404,0.70303,40
ATM_00524,Telangana,Karimnagar,14.94386,69.978734,Canara Bank,1.49262,0.77257,31
ATM_00525,Uttar Pradesh,Kanpur Nagar,18.74653,70.165235,Bank of Baroda,0.97847,1.36043,61
ATM_00526,Maharashtra,Mumbai,8.705361,72.054991,SBI,1.11622,1.1725,40
ATM_00527,Karnataka,Mysuru,24.930868,73.796389,Canara Bank,0.86985,1.12613,38
ATM_00528,Karnataka,Bengaluru Urban,15.151548,78.176319,Kotak Mahindra Bank,0.75672,0.84581,37
ATM_00529,Bihar,Muzaffarpur,20.852858,83.3494,Axis Bank,1.71466,1.13128,4
ATM_00530,Karnataka,Hubballi,12.224606,71.827881,ICICI Bank,0.89244,0.73891,33
ATM_00531,Rajasthan,Jaipur,26.526789,88.349362,ICICI Bank,0.81619,0.84519,42
ATM_00532,Gujarat,Rajkot,26.479989,71.3112,Axis Bank,1.39894,1.29966,28
ATM_00533,Haryana,Panipat,27.803964,80.287248,ICICI Bank,0.74026,1.25693,8
ATM_00534,Gujarat,Vadodara,9.510614,87.043279,PNB,0.77407,0.65639,17
ATM_00535,Madhya Pradesh,Jabalpur,30.334092,85.066402,PNB,0.95662,0.68608,3
ATM_00536,West Bengal,Howrah,13.951147,81.281729,Axis Bank,0.95329,0.96148,19
ATM_00537,Delhi,East Delhi,15.307541,82.667606,PNB,1.04387,1.69354,18
ATM_00538,Uttar Pradesh,Varanasi,13.985386,70.751215,Kotak Mahindra Bank,1.98209,0.47342,48
ATM_00539,Gujarat,Surat,14.385719,68.198093,SBI,1.07224,1.02029,29
ATM_00540,Rajasthan,Kota,20.65855,76.90005,Bank of Baroda,0.41468,0.57181,47
ATM_00541,Telangana,Nizamabad,13.775832,69.835138,Canara Bank,1.06852,0.7413,44
ATM_00542,Karnataka,Mysuru,17.162969,75.333928,Axis Bank,0.96592,0.81475,38
ATM_00543,Madhya Pradesh,Bhopal,22.923345,72.586727,Bank of Baroda,0.9678,0.79891,7
ATM_00544,Bihar,Patna,26.892576,86.785108,Bank of Baroda,1.03889,0.76785,7
ATM_00545,Maharashtra,Nashik,23.740313,86.041148,Union Bank,0.94368,0.92792,38
ATM_00546,Gujarat,Surat,21.575103,84.788328,ICICI Bank,0.93581,0.76746,29
ATM_00547,Gujarat,Ahmedabad,11.750028,82.635858,Canara Bank,1.18132,0.55478,25
ATM_00548,Maharashtra,Thane,26.454543,71.158475,ICICI Bank,0.78847,1.21607,41
ATM_00549,Uttar Pradesh,Prayagraj,9.320048,68.991532,PNB,0.68412,1.20464,50
ATM_00550,Uttar Pradesh,Prayagraj,14.312217,81.404701,SBI,2.74667,1.24332,50
ATM_00551,Gujarat,Rajkot,9.755296,81.166292,SBI,0.74194,0.53978,28
ATM_00552,Rajasthan,Jaipur,23.183437,75.573198,SBI,0.9872,1.02767,42
ATM_00553,Kerala,Kozhikode,16.604164,77.690077,Axis Bank,0.56473,1.17265,4
ATM_00554,Rajasthan,Kota,22.845067,78.027562,Canara Bank,0.99286,0.64517,47
ATM_00555,Bihar,Bhagalpur,16.134681,72.918527,PNB,0.68759,0.92856,7
ATM_00556,Rajasthan,Kota,18.526296,74.440416,Bank of Baroda,0.81644,0.88868,47
ATM_00557,West Bengal,Howrah,18.575142,76.576986,HDFC Bank,1.37416,1.76372,19
ATM_00558,Uttar Pradesh,Prayagraj,9.502774,80.36517,Axis Bank,1.12442,1.81529,50
ATM_00559,Telangana,Warangal,17.964984,87.594294,HDFC Bank,1.16301,0.51693,41
ATM_00560,West Bengal,Howrah,22.603416,79.038934,Bank of Baroda,0.51281,2.21565,19
ATM_00561,Tamil Nadu,Madurai,20.513149,82.98886,Union Bank,1.813,0.67189,9
ATM_00562,West Bengal,Asansol,10.156243,84.543523,SBI,0.62808,1.30461,20
ATM_00563,Uttar Pradesh,Agra,23.197232,70.326916,Union Bank,1.62753,1.29998,59
ATM_00564,Rajasthan,Udaipur,15.294981,81.389056,ICICI Bank,1.36289,0.65323,38
ATM_00565,Uttar Pradesh,Ghaziabad,8.817566,77.88327,Union Bank,1.16665,1.10001,56
ATM_00566,Uttar Pradesh,Varanasi,11.923102,79.734834,Kotak Mahindra Bank,0.70668,0.8914,48
ATM_00567,Karnataka,Mysuru,19.446312,68.787547,Union Bank,1.00514,1.12377,38
ATM_00568,Gujarat,Ahmedabad,15.328836,86.577423,Union Bank,0.80835,1.00341,25
ATM_00569,Gujarat,Rajkot,23.776426,87.532075,Union Bank,0.96294,1.4069,28
ATM_00570,Delhi,East Delhi,13.794376,68.071379,HDFC Bank,0.87338,0.95034,18
ATM_00571,Gujarat,Ahmedabad,25.501516,72.362228,HDFC Bank,0.46699,0.87277,25
ATM_00572,West Bengal,Siliguri,14.802498,71.693981,Axis Bank,1.41155,1.35838,16
ATM_00573,Uttar Pradesh,Varanasi,22.159002,84.016743,Canara Bank,0.92652,1.13407,48
ATM_00574,Maharashtra,Thane,26.08276,80.260641,Canara Bank,0.80444,1.19579,41
ATM_00575,Karnataka,Bengaluru Urban,16.982235,71.63534,Union Bank,0.78345,0.7335,37
ATM_00576,Delhi,Central Delhi,9.529709,84.686405,ICICI Bank,1.08061,0.642,13
ATM_00577,Uttar Pradesh,Agra,20.279801,75.246235,Kotak Mahindra Bank,0.69716,0.75879,59
ATM_00578,Telangana,Hyderabad,30.398999,77.447566,Bank of Baroda,0.4329,0.74482,40
ATM_00579,Karnataka,Bengaluru Urban,29.817821,75.939785,ICICI Bank,1.09918,1.21877,37
ATM_00580,Uttar Pradesh,Agra,13.362488,78.688294,Union Bank,1.14311,1.30248,59
ATM_00581,Rajasthan,Kota,25.125323,77.842921,HDFC Bank,0.88887,0.87667,47
ATM_00582,Haryana,Panipat,16.08894,73.628972,Axis Bank,0.63782,1.52729,8
ATM_00583,Karnataka,Bengaluru Urban,12.025995,76.703399,Kotak Mahindra Bank,0.98334,1.49427,37
ATM_00584,Maharashtra,Nashik,23.150123,86.620912,Union Bank,0.57091,1.00789,38
ATM_00585,Delhi,North Delhi,19.519112,78.30933,ICICI Bank,0.66534,0.6942,14
ATM_00586,Maharashtra,Mumbai,20.363072,86.785921,HDFC Bank,0.73295,1.60649,40
ATM_00587,Delhi,East Delhi,26.702639,79.277604,SBI,1.28075,0.90603,18
ATM_00588,Maharashtra,Thane,15.903961,83.760755,SBI,0.83959,0.96737,41
ATM_00589,Telangana,Karimnagar,23.176085,74.018622,Kotak Mahindra Bank,0.8149,0.82186,31
ATM_00590,Rajasthan,Kota,16.556212,84.203477,Kotak Mahindra Bank,1.88931,0.6779,47
ATM_00591,Maharashtra,Mumbai,9.439926,73.418593,Bank of Baroda,1.07835,0.55358,40
ATM_00592,Haryana,Panipat,16.816332,68.400774,Canara Bank,1.07328,1.15509,8
ATM_00593,Uttar Pradesh,Lucknow,29.400758,71.294943,ICICI Bank,0.83751,0.70362,47
ATM_00594,Uttar Pradesh,Ghaziabad,19.131775,68.443884,HDFC Bank,0.77363,2.70069,56
ATM_00595,Maharashtra,Nashik,10.88107,87.414784,SBI,0.44345,0.63289,38
ATM_00596,Gujarat,Surat,23.63219,88.499529,Union Bank,1.33793,0.59606,29
ATM_00597,West Bengal,Durgapur,29.694346,83.62572,SBI,1.11514,1.10652,18
ATM_00598,Odisha,Cuttack,28.474795,70.216627,SBI,0.89526,1.5808,4
ATM_00599,Maharashtra,Nagpur,21.083138,86.428382,Kotak Mahindra Bank,0.9085,0.94675,40
ATM_00600,Rajasthan,Udaipur,16.778176,83.247412,Canara Bank,1.23333,1.13084,38
ATM_00601,Uttar Pradesh,Lucknow,21.274909,74.811013,Bank of Baroda,0.55317,0.4855,47
ATM_00602,Telangana,Karimnagar,26.450483,78.296697,HDFC Bank,0.77539,0.73019,31
ATM_00603,Odisha,Bhubaneswar,27.447222,81.566066,HDFC Bank,0.64042,0.63566,3
ATM_00604,Karnataka,Bengaluru Urban,26.514565,68.493035,Bank of Baroda,1.77198,0.47683,37
ATM_00605,Telangana,Hyderabad,18.52048,78.281589,Axis Bank,1.29505,0.96427,40
ATM_00606,Rajasthan,Udaipur,11.114876,83.014106,Bank of Baroda,0.44093,0.42218,38
ATM_00607,Tamil Nadu,Chennai,21.021815,71.85862,HDFC Bank,0.56116,0.58269,8
ATM_00608,Rajasthan,Ajmer,11.941434,77.097707,ICICI Bank,0.91005,0.76694,42
ATM_00609,Uttar Pradesh,Prayagraj,9.841083,78.916868,HDFC Bank,0.80792,0.69192,50
ATM_00610,Maharashtra,Aurangabad,19.470692,83.07909,Axis Bank,0.59962,1.06334,36
ATM_00611,Uttar Pradesh,Varanasi,22.918216,87.771301,ICICI Bank,1.88275,1.03007,48
ATM_00612,Maharashtra,Pune,27.291241,85.389649,ICICI Bank,1.06338,1.26554,36
ATM_00613,Uttar Pradesh,Prayagraj,25.722382,80.741128,Bank of Baroda,1.12553,1.20443,50
ATM_00614,Rajasthan,Jodhpur,27.359291,79.964634,Bank of Baroda,0.74816,1.37982,43
ATM_00615,Karnataka,Mangaluru,25.221513,80.365327,HDFC Bank,1.22736,0.92496,32
ATM_00616,Maharashtra,Nashik,23.971267,79.176162,Union Bank,0.83437,1.02931,38
ATM_00617,Rajasthan,Kota,8.723027,69.216939,Axis Bank,0.86321,1.10705,47
ATM_00618,Madhya Pradesh,Bhopal,22.274251,82.315076,Axis Bank,1.18048,0.97263,7
ATM_00619,Gujarat,Surat,11.1506,82.684904,Bank of Baroda,0.53898,0.80546,29
ATM_00620,Telangana,Nizamabad,9.790677,78.505847,HDFC Bank,1.667,0.82392,44
ATM_00621,Maharashtra,Nagpur,11.941067,85.842946,Axis Bank,1.01603,0.69526,40
ATM_00622,Haryana,Hisar,26.612428,81.784954,Canara Bank,1.49242,1.07276,12
ATM_00623,Maharashtra,Nashik,24.864687,75.434625,HDFC Bank,0.65421,0.89563,38
ATM_00624,Maharashtra,Aurangabad,29.372993,68.403734,Canara Bank,0.69002,0.73386,36
ATM_00625,Haryana,Faridabad,30.037478,69.212814,SBI,0.6347,0.7341,14
ATM_00626,Telangana,Nizamabad,28.152248,75.211864,Canara Bank,1.04047,0.60594,44
ATM_00627,Gujarat,Rajkot,11.424373,77.473159,SBI,0.97547,1.30378,28
ATM_00628,Telangana,Warangal,27.82442,71.420858,HDFC Bank,0.8102,0.95141,41
ATM_00629,Karnataka,Hubballi,26.950017,71.88123,Axis Bank,0.66841,0.68433,33
ATM_00630,Maharashtra,Thane,27.663889,72.719333,Canara Bank,0.61187,1.22834,41
ATM_00631,Maharashtra,Nagpur,11.837084,84.000523,Union Bank,0.93716,0.76072,40
ATM_00632,Maharashtra,Nagpur,11.06942,83.811401,Bank of Baroda,0.80986,0.56575,40
ATM_00633,Uttar Pradesh,Kanpur Nagar,28.823795,75.850249,HDFC Bank,0.74984,1.32326,61
ATM_00634,Delhi,South Delhi,12.324186,71.53347,Axis Bank,1.63812,0.76697,9
ATM_00635,Maharashtra,Thane,16.609678,70.273622,Kotak Mahindra Bank,0.92612,0.80216,41
ATM_00636,Telangana,Karimnagar,18.531667,69.786151,SBI,1.48674,0.93902,31
ATM_00637,West Bengal,Siliguri,11.237736,76.021225,Union Bank,0.79091,1.38068,16
ATM_00638,West Bengal,Asansol,8.953954,68.93362,Axis Bank,1.03846,0.9321,20
ATM_00639,Rajasthan,Jodhpur,30.36999,74.839518,SBI,0.93487,0.60834,43
ATM_00640,Rajasthan,Kota,27.786459,87.711431,Union Bank,0.52619,1.11966,47
ATM_00641,Kerala,Thrissur,28.571434,78.403845,SBI,1.57143,0.78108,4
ATM_00642,Karnataka,Hubballi,14.760388,84.864215,Axis Bank,0.90916,1.7922,33
ATM_00643,West Bengal,Kolkata,13.342235,70.649952,HDFC Bank,1.23777,0.92522,17
ATM_00644,Haryana,Panipat,17.869064,73.495615,Canara Bank,0.73261,0.42334,8
ATM_00645,West Bengal,Asansol,18.473026,87.404202,SBI,0.89976,1.04891,20
ATM_00646,Uttar Pradesh,Ghaziabad,8.623188,75.862814,SBI,0.70375,1.82811,56
ATM_00647,Telangana,Hyderabad,25.643568,81.292326,Bank of Baroda,1.46912,1.6068,40
ATM_00648,Uttar Pradesh,Lucknow,30.426675,88.010599,PNB,1.06296,1.75682,47
ATM_00649,Karnataka,Mysuru,20.131199,79.291149,SBI,1.08387,0.64775,38
ATM_00650,Madhya Pradesh,Indore,17.041691,74.259592,Bank of Baroda,1.53331,1.2737,6
ATM_00651,Telangana,Warangal,17.140542,78.904943,Kotak Mahindra Bank,1.42873,0.7189,41
ATM_00652,Rajasthan,Jaipur,10.613697,69.120063,ICICI Bank,1.246,1.00117,42
ATM_00653,Uttar Pradesh,Kanpur Nagar,14.35556,70.303582,Bank of Baroda,0.57953,0.59282,61
ATM_00654,Madhya Pradesh,Indore,19.546921,68.147008,Kotak Mahindra Bank,0.7472,0.73868,6
ATM_00655,Uttar Pradesh,Ghaziabad,18.000656,86.126306,Union Bank,0.67079,0.73051,56
ATM_00656,Uttar Pradesh,Agra,20.490764,81.761249,ICICI Bank,1.22962,1.26765,59
ATM_00657,Maharashtra,Nagpur,27.179444,74.11576,Union Bank,1.01187,1.22498,40
ATM_00658,Uttar Pradesh,Lucknow,13.455331,72.533809,Union Bank,0.5859,1.01975,47
ATM_00659,Rajasthan,Kota,9.108612,82.00307,Bank of Baroda,0.89226,0.57696,47
ATM_00660,Telangana,Hyderabad,9.34096,86.850407,Axis Bank,0.56503,0.82994,40
ATM_00661,Maharashtra,Pune,11.451714,74.132351,PNB,0.93563,0.71286,36
ATM_00662,Uttar Pradesh,Agra,21.050626,74.591962,Kotak Mahindra Bank,0.53402,1.2549,59
ATM_00663,Uttar Pradesh,Ghaziabad,26.280066,85.511935,PNB,1.14701,1.39799,56
ATM_00664,Rajasthan,Jaipur,28.009731,86.314204,Union Bank,1.08801,1.33965,42
ATM_00665,Uttar Pradesh,Lucknow,22.47249,86.73775,Axis Bank,1.85865,0.71059,47
ATM_00666,Karnataka,Hubballi,17.369152,74.009661,SBI,1.28252,0.35481,33
ATM_00667,Maharashtra,Nagpur,11.899324,70.466408,HDFC Bank,0.82205,0.49869,40
ATM_00668,Maharashtra,Mumbai,17.331203,77.01995,PNB,1.26921,1.52233,40
ATM_00669,Rajasthan,Kota,15.813133,74.06318,Axis Bank,0.58443,0.80431,47
ATM_00670,Rajasthan,Ajmer,27.640569,86.119267,SBI,0.68059,0.71171,42
ATM_00671,Uttar Pradesh,Prayagraj,19.207826,68.751016,ICICI Bank,1.07108,1.64477,50
ATM_00672,Uttar Pradesh,Prayagraj,13.47631,80.99455,SBI,0.44784,1.4412,50
ATM_00673,Delhi,North Delhi,14.853623,86.576718,Bank of Baroda,0.94088,0.93354,14
ATM_00674,Uttar Pradesh,Lucknow,11.502344,88.021743,Canara Bank,0.66696,0.83525,47
ATM_00675,Telangana,Nizamabad,28.70888,81.327677,Axis Bank,0.9876,0.88377,44
ATM_00676,Rajasthan,Ajmer,9.607609,87.473421,Union Bank,0.65368,1.00218,42
ATM_00677,Maharashtra,Pune,8.782617,69.551019,Bank of Baroda,1.10578,1.62043,36
ATM_00678,Rajasthan,Kota,12.525757,75.365206,PNB,0.95967,1.07308,47
ATM_00679,West Bengal,Asansol,26.339228,68.178651,Union Bank,1.55612,1.19337,20
ATM_00680,Delhi,North Delhi,20.016269,88.114267,SBI,0.95545,1.39364,14
ATM_00681,Maharashtra,Nagpur,22.268552,86.505893,ICICI Bank,0.72836,0.61464,40
ATM_00682,Maharashtra,Thane,16.370097,68.575077,Union Bank,0.87429,1.20547,41
ATM_00683,Maharashtra,Thane,10.010916,68.371719,Bank of Baroda,0.59546,0.83491,41
ATM_00684,Rajasthan,Jaipur,27.33548,75.522875,Union Bank,1.0988,0.38367,42
ATM_00685,Karnataka,Mangaluru,12.721674,73.300028,Axis Bank,1.17177,0.43947,32
ATM_00686,Maharashtra,Pune,9.227302,85.362112,SBI,2.26208,0.64813,36
ATM_00687,Maharashtra,Nagpur,21.099491,71.28993,Kotak Mahindra Bank,0.76676,1.11472,40
ATM_00688,Tamil Nadu,Salem,10.332363,84.208314,Kotak Mahindra Bank,0.86792,0.9632,10
ATM_00689,Uttar Pradesh,Kanpur Nagar,10.606761,79.366424,Canara Bank,0.77923,0.98728,61
ATM_00690,Rajasthan,Jodhpur,26.108295,75.736531,Axis Bank,1.02666,1.83217,43
ATM_00691,Gujarat,Ahmedabad,19.315411,70.987255,SBI,1.08943,0.59362,25
ATM_00692,Uttar Pradesh,Kanpur Nagar,13.813186,88.452672,Union Bank,0.93556,0.91674,61
ATM_00693,Uttar Pradesh,Kanpur Nagar,16.169781,80.668715,Canara Bank,1.39415,1.02966,61
ATM_00694,Uttar Pradesh,Prayagraj,24.543302,77.007336,Union Bank,0.76807,0.71532,50
ATM_00695,Tamil Nadu,Salem,9.959791,75.608115,HDFC Bank,1.34612,0.93481,10
ATM_00696,Uttar Pradesh,Prayagraj,11.062574,86.567429,Union Bank,1.1509,0.52871,50
ATM_00697,Uttar Pradesh,Kanpur Nagar,22.057765,84.834432,Union Bank,0.94919,1.5161,61
ATM_00698,Uttar Pradesh,Kanpur Nagar,21.853378,84.629309,Kotak Mahindra Bank,0.85371,0.72914,61
ATM_00699,Uttar Pradesh,Kanpur Nagar,29.894168,80.632069,Canara Bank,2.22866,1.8845,61
ATM_00700,Karnataka,Bengaluru Urban,16.740089,86.20311,Union Bank,0.71614,0.91513,37
ATM_00701,Maharashtra,Mumbai,9.931708,74.135207,Axis Bank,1.05796,1.32643,40
ATM_00702,Telangana,Nizamabad,20.325824,82.425976,Union Bank,0.73307,0.90848,44
ATM_00703,Telangana,Karimnagar,22.54363,76.291179,Union Bank,1.78075,0.91568,31
ATM_00704,Delhi,North Delhi,11.571261,80.299976,Kotak Mahindra Bank,1.30012,0.75447,14
ATM_00705,Uttar Pradesh,Agra,20.662963,88.462137,Kotak Mahindra Bank,0.75175,0.96499,59
ATM_00706,Delhi,Central Delhi,12.850877,88.182758,SBI,1.14051,1.03456,13
ATM_00707,Karnataka,Bengaluru Urban,27.084061,78.50869,Kotak Mahindra Bank,1.04317,0.70341,37
ATM_00708,Uttar Pradesh,Kanpur Nagar,26.873553,79.764201,Kotak Mahindra Bank,0.79553,0.88595,61
ATM_00709,Gujarat,Surat,17.95184,86.395096,Bank of Baroda,1.24287,0.74762,29
ATM_00710,Delhi,South Delhi,29.76835,88.205532,Bank of Baroda,1.09234,2.07001,9
ATM_00711,Maharashtra,Thane,30.055025,83.96146,Union Bank,1.02795,0.89697,41
ATM_00712,Tamil Nadu,Salem,11.343524,69.336281,Bank of Baroda,0.93931,1.58963,10
ATM_00713,Rajasthan,Jaipur,16.589704,74.614115,Axis Bank,1.10842,0.86433,42
ATM_00714,Telangana,Nizamabad,21.707072,86.379528,Kotak Mahindra Bank,1.03288,1.01351,44
ATM_00715,Bihar,Patna,10.366432,83.751226,Kotak Mahindra Bank,0.97312,0.58286,7
ATM_00716,Maharashtra,Pune,16.918421,83.215778,HDFC Bank,0.76163,0.79152,36
ATM_00717,West Bengal,Durgapur,14.245786,81.692426,Kotak Mahindra Bank,1.72441,0.99637,18
ATM_00718,Maharashtra,Thane,29.445105,76.512909,ICICI Bank,0.65996,1.61248,41
ATM_00719,West Bengal,Durgapur,17.554888,76.266447,HDFC Bank,1.1071,1.00037,18
ATM_00720,Telangana,Hyderabad,25.278759,84.583116,Kotak Mahindra Bank,0.85213,1.50227,40
ATM_00721,Maharashtra,Aurangabad,17.007518,74.022496,ICICI Bank,1.76457,1.15827,36
ATM_00722,Rajasthan,Udaipur,11.399866,82.039053,HDFC Bank,0.69479,1.63601,38
ATM_00723,Maharashtra,Thane,27.489334,82.887275,ICICI Bank,0.73692,0.90666,41
ATM_00724,Uttar Pradesh,Ghaziabad,8.509172,85.313398,Bank of Baroda,0.67884,2.13667,56
ATM_00725,Uttar Pradesh,Varanasi,9.730699,74.557655,HDFC Bank,1.06746,0.78097,48
ATM_00726,Maharashtra,Pune,16.516457,83.20873,HDFC Bank,0.58949,0.7078,36
ATM_00727,Uttar Pradesh,Agra,23.611762,70.183043,Axis Bank,0.8062,0.60602,59
ATM_00728,Uttar Pradesh,Varanasi,16.017494,70.830265,HDFC Bank,0.44876,2.09286,48
ATM_00729,Gujarat,Surat,9.958882,76.555389,HDFC Bank,1.03688,1.23304,29
ATM_00730,Karnataka,Mangaluru,15.492481,69.132128,PNB,0.80011,0.82344,32
ATM_00731,Gujarat,Surat,13.889579,87.427816,Canara Bank,0.56623,1.43309,29
ATM_00732,Maharashtra,Aurangabad,8.619236,86.488864,SBI,1.3938,1.17747,36
ATM_00733,Haryana,Faridabad,20.265642,69.003141,SBI,0.60313,1.84193,14
ATM_00734,Telangana,Warangal,11.06621,85.18539,Kotak Mahindra Bank,1.25986,0.53845,41
ATM_00735,Uttar Pradesh,Kanpur Nagar,14.824918,78.431921,ICICI Bank,0.7458,0.84349,61
ATM_00736,Uttar Pradesh,Varanasi,22.606176,82.390239,HDFC Bank,1.66966,0.78725,48
ATM_00737,Karnataka,Mysuru,24.452545,86.182089,Canara Bank,1.23913,0.46389,38
ATM_00738,Uttar Pradesh,Kanpur Nagar,14.296024,79.827977,Kotak Mahindra Bank,0.66982,1.3415,61
ATM_00739,Telangana,Hyderabad,15.742261,70.384706,Axis Bank,0.69149,0.84201,40
ATM_00740,Kerala,Kozhikode,13.932003,68.052862,Union Bank,1.17822,1.19907,4
ATM_00741,Uttar Pradesh,Lucknow,29.551549,78.186891,Axis Bank,0.86956,2.11402,47
ATM_00742,Uttar Pradesh,Kanpur Nagar,12.691434,87.459259,SBI,0.89834,0.81794,61
ATM_00743,Kerala,Thrissur,12.529973,79.738748,Kotak Mahindra Bank,1.48788,0.79873,4
ATM_00744,Telangana,Nizamabad,18.290777,75.645252,PNB,0.73347,0.96484,44
ATM_00745,Uttar Pradesh,Kanpur Nagar,12.66474,68.633901,PNB,0.98415,1.30762,61
ATM_00746,Haryana,Gurugram,11.947586,86.757078,SBI,1.33134,0.75906,9
ATM_00747,Haryana,Panipat,10.60935,74.706712,Canara Bank,1.26524,0.74218,8
ATM_00748,Telangana,Nizamabad,22.583767,82.447937,Canara Bank,0.90141,1.34002,44
ATM_00749,Karnataka,Bengaluru Urban,21.96581,82.231863,SBI,0.86153,1.05675,37
ATM_00750,Maharashtra,Thane,22.803584,73.204605,PNB,0.51865,0.45249,41
ATM_00751,Uttar Pradesh,Lucknow,25.5126,69.307439,SBI,0.65861,0.60277,47
ATM_00752,Telangana,Karimnagar,15.679876,75.892508,ICICI Bank,1.06555,1.56534,31
ATM_00753,Maharashtra,Nashik,28.705322,74.501186,PNB,0.90829,1.0654,38
ATM_00754,Karnataka,Hubballi,24.630501,82.355256,Canara Bank,0.97853,0.70886,33
ATM_00755,West Bengal,Asansol,26.203589,84.805541,Union Bank,1.37136,0.872,20
ATM_00756,Uttar Pradesh,Lucknow,24.361168,72.560131,Bank of Baroda,0.62908,0.92988,47
ATM_00757,Telangana,Warangal,16.386024,78.828737,Union Bank,0.87757,1.19743,41
ATM_00758,Maharashtra,Aurangabad,14.726715,68.832471,SBI,1.01828,0.57538,36
ATM_00759,Delhi,Central Delhi,17.795376,72.392244,Union Bank,0.74499,0.68959,13
ATM_00760,Maharashtra,Aurangabad,10.634668,83.616113,SBI,1.57316,1.01837,36
ATM_00761,Karnataka,Mangaluru,18.428171,84.264666,HDFC Bank,1.31006,0.8938,32
ATM_00762,Telangana,Warangal,9.449102,83.916292,Bank of Baroda,1.05508,1.13068,41
ATM_00763,Rajasthan,Ajmer,8.586811,70.918952,Bank of Baroda,1.78613,0.60191,42
ATM_00764,Karnataka,Mangaluru,28.992977,79.296212,HDFC Bank,0.56409,1.04882,32
ATM_00765,Gujarat,Ahmedabad,23.665411,76.665522,Kotak Mahindra Bank,0.95062,1.35625,25
ATM_00766,Telangana,Hyderabad,20.860633,88.325469,ICICI Bank,1.0836,1.09753,40
ATM_00767,Gujarat,Rajkot,16.004245,81.408432,Kotak Mahindra Bank,0.6921,0.97177,28
ATM_00768,Bihar,Bhagalpur,21.051836,87.171643,SBI,1.05899,0.89504,7
ATM_00769,Rajasthan,Kota,28.114667,70.979681,ICICI Bank,0.64711,0.69106,47
ATM_00770,Telangana,Warangal,22.852363,77.242902,ICICI Bank,1.21381,0.90255,41
ATM_00771,Uttar Pradesh,Ghaziabad,21.754604,83.817956,Canara Bank,1.38031,1.43845,56
ATM_00772,West Bengal,Kolkata,18.624499,75.541083,Axis Bank,1.04852,0.88782,17
ATM_00773,Telangana,Warangal,16.105335,80.966424,HDFC Bank,0.49837,0.6779,41
ATM_00774,Rajasthan,Jaipur,23.868037,78.489895,Canara Bank,0.67956,0.7791,42
ATM_00775,Uttar Pradesh,Varanasi,30.081581,88.334553,PNB,1.1615,0.99299,48
ATM_00776,Haryana,Faridabad,17.844669,71.564387,HDFC Bank,0.9603,0.81216,14
ATM_00777,Rajasthan,Jaipur,17.128514,87.174648,ICICI Bank,0.37127,1.09694,42
ATM_00778,Karnataka,Hubballi,17.918496,76.232205,Bank of Baroda,1.47264,1.11145,33
ATM_00779,Uttar Pradesh,Prayagraj,17.861967,77.593856,Union Bank,0.9999,1.26341,50
ATM_00780,Madhya Pradesh,Bhopal,30.293745,78.836339,HDFC Bank,0.71562,1.52336,7
ATM_00781,Uttar Pradesh,Ghaziabad,24.049122,73.440014,ICICI Bank,1.35027,1.31157,56
ATM_00782,Uttar Pradesh,Kanpur Nagar,16.402058,87.754978,ICICI Bank,0.75196,0.66744,61
ATM_00783,Delhi,South Delhi,16.673052,86.685488,Canara Bank,0.74909,0.67465,9
ATM_00784,Tamil Nadu,Coimbatore,17.977532,87.944555,SBI,1.08057,0.90136,11
ATM_00785,Maharashtra,Mumbai,9.307668,88.436851,Canara Bank,1.7779,0.79038,40
ATM_00786,Rajasthan,Ajmer,20.111961,81.730902,Axis Bank,1.68257,0.62142,42
ATM_00787,Gujarat,Surat,26.350381,77.259553,ICICI Bank,1.08109,0.79301,29
ATM_00788,Delhi,West Delhi,23.032491,85.440045,Kotak Mahindra Bank,1.12064,0.78395,12
ATM_00789,Rajasthan,Jodhpur,12.865259,68.488,Kotak Mahindra Bank,1.25746,0.73163,43
ATM_00790,Telangana,Karimnagar,24.516753,85.105283,Kotak Mahindra Bank,0.61393,0.82874,31
ATM_00791,Gujarat,Surat,24.328089,78.194363,Kotak Mahindra Bank,1.19425,1.39812,29
ATM_00792,Gujarat,Surat,14.275863,81.801011,ICICI Bank,0.73723,0.99243,29
ATM_00793,West Bengal,Kolkata,22.203242,75.667944,Kotak Mahindra Bank,1.0656,2.19857,17
ATM_00794,Telangana,Karimnagar,21.940879,75.556775,HDFC Bank,0.88025,0.9825,31
ATM_00795,Uttar Pradesh,Prayagraj,26.975328,68.650202,ICICI Bank,1.13597,0.83623,50
ATM_00796,Haryana,Panipat,11.493591,76.687683,Bank of Baroda,0.99343,0.92693,8
ATM_00797,Delhi,South Delhi,12.786447,76.371261,Union Bank,0.32514,1.01252,9
ATM_00798,West Bengal,Siliguri,19.191329,72.608218,Canara Bank,1.01479,1.0779,16
ATM_00799,Uttar Pradesh,Ghaziabad,9.471193,73.070127,Canara Bank,1.19342,1.91462,56
ATM_00800,Maharashtra,Aurangabad,17.643072,79.974861,Axis Bank,1.11421,0.68853,36
ATM_00801,Gujarat,Rajkot,25.840819,74.514315,Canara Bank,0.91958,1.25024,28
ATM_00802,Uttar Pradesh,Varanasi,11.771717,85.020164,Bank of Baroda,1.69355,0.9954,48
ATM_00803,Bihar,Muzaffarpur,18.618872,70.283395,Bank of Baroda,1.06295,0.53408,4
ATM_00804,Rajasthan,Jaipur,30.274923,79.841721,Canara Bank,1.11099,1.21218,42
ATM_00805,Gujarat,Surat,19.63024,71.280917,Canara Bank,1.37388,1.44245,29
ATM_00806,Haryana,Faridabad,19.463124,78.828933,ICICI Bank,1.08218,0.68568,14
ATM_00807,Rajasthan,Jaipur,20.793459,79.327191,HDFC Bank,0.69612,0.9227,42
ATM_00808,Maharashtra,Thane,12.592096,81.167103,ICICI Bank,0.40602,0.50601,41
ATM_00809,Telangana,Hyderabad,11.737605,76.762211,Axis Bank,0.8066,0.59576,40
ATM_00810,Telangana,Warangal,23.401802,78.444231,HDFC Bank,1.24408,1.33574,41
ATM_00811,Rajasthan,Jodhpur,17.20687,71.709529,HDFC Bank,0.84239,0.78618,43
ATM_00812,Telangana,Nizamabad,14.877946,77.491815,PNB,1.26173,0.62788,44
ATM_00813,Andhra Pradesh,Guntur,9.190616,75.647123,ICICI Bank,1.00413,1.00299,11
ATM_00814,Rajasthan,Udaipur,27.113111,81.655688,Union Bank,1.49614,0.77092,38
ATM_00815,Uttar Pradesh,Prayagraj,9.211235,76.913845,HDFC Bank,0.85963,0.78497,50
ATM_00816,Rajasthan,Ajmer,24.999629,83.976504,PNB,1.1227,1.19894,42
ATM_00817,Rajasthan,Jodhpur,16.903748,76.732838,HDFC Bank,1.13783,0.61635,43
ATM_00818,Uttar Pradesh,Kanpur Nagar,21.671132,72.833309,Axis Bank,1.61225,0.67422,61
ATM_00819,Uttar Pradesh,Lucknow,13.948916,73.610619,Kotak Mahindra Bank,0.52453,0.97687,47
ATM_00820,Karnataka,Hubballi,11.918793,68.928347,HDFC Bank,0.8119,1.29948,33
ATM_00821,Maharashtra,Pune,20.234536,79.068336,Bank of Baroda,1.2828,1.42765,36
ATM_00822,Andhra Pradesh,Nellore,23.803589,85.033058,Kotak Mahindra Bank,1.63744,0.73337,9
ATM_00823,Maharashtra,Pune,12.800852,83.76679,SBI,1.03675,1.28499,36
ATM_00824,Uttar Pradesh,Lucknow,18.099897,76.974684,SBI,0.86038,0.70344,47
ATM_00825,Gujarat,Surat,18.282409,72.020467,Kotak Mahindra Bank,1.24242,1.75391,29
ATM_00826,Haryana,Panipat,13.251541,85.701431,ICICI Bank,1.2919,0.62242,8
ATM_00827,Maharashtra,Thane,20.931088,69.164011,PNB,0.84045,1.4735,41
ATM_00828,Maharashtra,Pune,11.710585,76.184066,PNB,1.07002,0.73558,36
ATM_00829,Uttar Pradesh,Lucknow,19.714482,85.56061,Kotak Mahindra Bank,1.44088,1.87256,47
ATM_00830,Telangana,Warangal,10.995493,76.060122,PNB,1.84731,1.13841,41
ATM_00831,Rajasthan,Udaipur,19.181933,70.416447,Kotak Mahindra Bank,1.23612,0.6486,38
ATM_00832,Maharashtra,Nagpur,15.355179,73.451965,Axis Bank,0.96804,0.77097,40
ATM_00833,Uttar Pradesh,Agra,18.449418,80.300604,PNB,0.93533,1.21663,59
ATM_00834,Rajasthan,Jaipur,18.042486,71.116736,Axis Bank,1.15853,1.3379,42
ATM_00835,Madhya Pradesh,Jabalpur,28.474529,81.426174,Canara Bank,0.91538,0.90296,3
ATM_00836,Karnataka,Hubballi,19.278583,76.98232,SBI,1.01861,0.94017,33
ATM_00837,Rajasthan,Jaipur,26.506976,74.854985,PNB,0.65824,1.20695,42
ATM_00838,Uttar Pradesh,Varanasi,13.464353,72.938972,Canara Bank,1.50086,0.96928,48
ATM_00839,Maharashtra,Thane,16.245821,84.878265,PNB,0.63955,0.58857,41
ATM_00840,Maharashtra,Nashik,10.151966,76.131816,Axis Bank,0.81941,0.69637,38
ATM_00841,Gujarat,Surat,17.756451,83.138825,ICICI Bank,0.98632,1.00498,29
ATM_00842,Delhi,North Delhi,23.211398,77.027281,Bank of Baroda,1.91346,1.41636,14
ATM_00843,Haryana,Hisar,26.939675,69.883277,Kotak Mahindra Bank,0.82212,1.62949,12
ATM_00844,Bihar,Bhagalpur,20.950128,77.030372,Bank of Baroda,0.755,1.21593,7
ATM_00845,Bihar,Bhagalpur,22.581599,78.407599,Kotak Mahindra Bank,0.78606,1.0235,7
ATM_00846,Andhra Pradesh,Guntur,12.399876,77.385765,HDFC Bank,1.70349,1.20293,11
ATM_00847,Uttar Pradesh,Prayagraj,9.318533,84.732955,Union Bank,0.3562,0.73294,50
ATM_00848,Uttar Pradesh,Agra,25.917139,86.672453,Union Bank,0.67106,0.87725,59
ATM_00849,Maharashtra,Aurangabad,12.174841,84.128963,PNB,2.4794,0.69366,36
ATM_00850,Telangana,Hyderabad,10.50573,79.947029,SBI,1.17219,0.59787,40
ATM_00851,Uttar Pradesh,Lucknow,29.126371,79.099724,Axis Bank,0.64725,1.0402,47
ATM_00852,Delhi,East Delhi,29.69747,81.214629,SBI,0.93932,0.98768,18
ATM_00853,Karnataka,Mysuru,22.05766,73.900521,Axis Bank,0.97597,1.17745,38
ATM_00854,Telangana,Karimnagar,16.83002,84.64286,Union Bank,1.28173,1.12054,31
ATM_00855,Uttar Pradesh,Kanpur Nagar,26.83127,85.565388,Canara Bank,1.81465,1.00763,61
ATM_00856,Maharashtra,Mumbai,13.003839,73.477952,Union Bank,1.09205,1.12467,40
ATM_00857,Uttar Pradesh,Prayagraj,17.946631,86.507773,Union Bank,0.7891,0.91186,50
ATM_00858,Delhi,West Delhi,16.354381,85.399021,PNB,1.25552,1.06949,12
ATM_00859,Telangana,Nizamabad,28.5794,76.701979,Kotak Mahindra Bank,0.74653,0.71786,44
ATM_00860,Gujarat,Surat,28.735103,86.634504,Canara Bank,0.66392,1.05345,29
ATM_00861,Maharashtra,Pune,22.81949,70.468999,Kotak Mahindra Bank,0.51484,1.16955,36
ATM_00862,Rajasthan,Jaipur,10.936283,68.573724,SBI,0.55116,0.73219,42
ATM_00863,Rajasthan,Ajmer,19.108241,75.13127,Union Bank,0.6965,0.94253,42
ATM_00864,Gujarat,Ahmedabad,13.897224,79.591432,Bank of Baroda,0.63118,0.74409,25
ATM_00865,Gujarat,Vadodara,27.968145,75.204574,PNB,1.06364,0.76981,17
ATM_00866,Maharashtra,Aurangabad,11.544862,87.312389,Bank of Baroda,0.62643,0.62434,36
ATM_00867,Andhra Pradesh,Nellore,9.694826,73.22156,HDFC Bank,0.3172,1.44151,9
ATM_00868,Uttar Pradesh,Ghaziabad,23.997439,73.764875,Union Bank,0.66146,1.34402,56
ATM_00869,Haryana,Faridabad,18.472294,81.013966,PNB,0.80809,1.11714,14
ATM_00870,Uttar Pradesh,Varanasi,26.944028,68.07921,SBI,0.77118,1.84585,48
ATM_00871,Maharashtra,Nashik,10.141852,82.91492,SBI,1.62239,0.86627,38
ATM_00872,Delhi,East Delhi,26.123675,75.738124,Canara Bank,0.76899,2.67457,18
ATM_00873,Uttar Pradesh,Ghaziabad,9.321365,88.043831,Canara Bank,1.29744,0.85474,56
ATM_00874,Rajasthan,Kota,9.11754,82.174061,Bank of Baroda,0.94689,1.01206,47
ATM_00875,Rajasthan,Ajmer,18.648947,69.070407,SBI,0.93919,0.80529,42
ATM_00876,Maharashtra,Pune,13.368408,69.89887,Canara Bank,0.71155,1.05441,36
ATM_00877,Gujarat,Ahmedabad,21.561812,69.807446,Canara Bank,0.93379,1.24003,25
ATM_00878,Delhi,North Delhi,9.067974,87.528756,Kotak Mahindra Bank,0.72927,0.88941,14
ATM_00879,Delhi,South Delhi,9.27857,82.023057,Axis Bank,1.01164,1.72379,9
ATM_00880,Maharashtra,Pune,24.497267,76.765923,Axis Bank,0.87755,1.00639,36
ATM_00881,Telangana,Nizamabad,13.123634,72.109895,SBI,0.68485,1.01749,44
ATM_00882,Maharashtra,Nagpur,22.941177,85.909615,Canara Bank,1.34882,0.67336,40
ATM_00883,Maharashtra,Nashik,24.998288,72.131897,Canara Bank,1.10679,1.07159,38
ATM_00884,Uttar Pradesh,Kanpur Nagar,9.805286,82.486924,ICICI Bank,0.81485,0.88317,61
ATM_00885,Andhra Pradesh,Vijayawada,25.434587,83.648149,Union Bank,1.00299,0.74811,9
ATM_00886,Haryana,Faridabad,14.405267,74.04045,PNB,0.92564,0.70533,14
ATM_00887,Gujarat,Ahmedabad,17.070011,78.350752,HDFC Bank,0.70357,2.35794,25
ATM_00888,Telangana,Warangal,10.406062,72.57128,Canara Bank,0.97701,0.84405,41
ATM_00889,Rajasthan,Jaipur,26.94986,75.768058,Union Bank,0.76699,0.55584,42
ATM_00890,Telangana,Karimnagar,20.836033,87.785255,SBI,0.68478,0.72491,31
ATM_00891,Telangana,Hyderabad,19.602636,82.20933,HDFC Bank,0.54015,0.90903,40
ATM_00892,Rajasthan,Jaipur,29.808206,85.355591,Axis Bank,0.84076,1.12076,42
ATM_00893,Uttar Pradesh,Ghaziabad,15.859127,79.082291,HDFC Bank,1.16242,1.12395,56
ATM_00894,Uttar Pradesh,Lucknow,28.097144,72.900315,Axis Bank,0.74747,1.17291,47
ATM_00895,Andhra Pradesh,Vijayawada,24.333133,82.614037,HDFC Bank,2.30324,0.73858,9
ATM_00896,Rajasthan,Ajmer,28.927619,78.261643,PNB,1.2996,1.04271,42
ATM_00897,Andhra Pradesh,Vijayawada,28.471645,71.625402,Canara Bank,1.50468,0.68117,9
ATM_00898,Uttar Pradesh,Kanpur Nagar,30.302656,76.454813,ICICI Bank,1.25911,0.74513,61
ATM_00899,Telangana,Warangal,11.396889,81.014224,Kotak Mahindra Bank,1.82316,0.67131,41
ATM_00900,Maharashtra,Pune,26.012361,83.074303,SBI,0.7237,0.61063,36
ATM_00901,Maharashtra,Nashik,26.198876,72.986026,Canara Bank,0.38899,1.34332,38
ATM_00902,Uttar Pradesh,Varanasi,22.676218,85.957945,Union Bank,0.8154,1.17784,48
ATM_00903,Uttar Pradesh,Lucknow,14.634941,75.780798,Kotak Mahindra Bank,1.15887,1.30279,47
ATM_00904,Tamil Nadu,Chennai,29.733262,73.558303,ICICI Bank,1.00511,0.93841,8
ATM_00905,Maharashtra,Nagpur,12.997287,71.999961,Canara Bank,1.04968,1.21477,40
ATM_00906,Telangana,Karimnagar,19.490658,84.485512,Union Bank,1.51344,0.49968,31
ATM_00907,Rajasthan,Jaipur,19.972716,75.260374,Kotak Mahindra Bank,1.08957,1.25201,42
ATM_00908,Rajasthan,Jaipur,12.060246,77.90968,HDFC Bank,1.26073,0.98478,42
ATM_00909,Telangana,Karimnagar,24.395634,72.567806,PNB,0.68607,1.15276,31
ATM_00910,Uttar Pradesh,Ghaziabad,10.455078,82.064867,ICICI Bank,0.64965,1.05726,56
ATM_00911,Kerala,Thrissur,23.748151,84.011185,Axis Bank,1.677,0.65521,4
ATM_00912,West Bengal,Durgapur,27.169541,74.958218,HDFC Bank,0.98746,0.54791,18
ATM_00913,Gujarat,Ahmedabad,16.186721,87.374127,HDFC Bank,0.76639,0.72141,25
ATM_00914,Rajasthan,Kota,24.107258,68.627517,ICICI Bank,0.76688,1.12794,47
ATM_00915,Uttar Pradesh,Ghaziabad,11.949028,70.725334,HDFC Bank,0.75948,1.17845,56
ATM_00916,Tamil Nadu,Madurai,27.110878,80.070134,Union Bank,0.74374,0.57344,9
ATM_00917,Maharashtra,Nashik,29.444697,82.378841,Canara Bank,0.60833,0.65658,38
ATM_00918,Uttar Pradesh,Varanasi,11.859261,73.139001,Axis Bank,0.56379,0.71859,48
ATM_00919,Maharashtra,Mumbai,23.720908,79.358457,Bank of Baroda,0.89031,0.81678,40
ATM_00920,West Bengal,Siliguri,19.628284,74.526918,Canara Bank,0.77456,0.57462,16
ATM_00921,Karnataka,Hubballi,20.192985,79.35883,HDFC Bank,1.40435,0.56268,33
ATM_00922,Gujarat,Surat,24.042774,81.516217,ICICI Bank,1.05616,0.69422,29
ATM_00923,West Bengal,Asansol,19.252291,87.942565,Kotak Mahindra Bank,1.04595,0.95395,20
ATM_00924,Maharashtra,Nashik,21.707181,77.341786,SBI,0.7349,0.6123,38
ATM_00925,Tamil Nadu,Coimbatore,13.579822,81.288429,PNB,0.91366,0.88882,11
ATM_00926,Rajasthan,Udaipur,16.827145,79.849805,PNB,1.08157,1.34066,38
ATM_00927,Karnataka,Mangaluru,27.535288,74.509875,ICICI Bank,1.22475,0.58687,32
ATM_00928,Uttar Pradesh,Kanpur Nagar,10.917855,73.187815,ICICI Bank,0.92238,0.86107,61
ATM_00929,Kerala,Thiruvananthapuram,21.646656,88.25135,HDFC Bank,1.39064,1.3249,3
ATM_00930,Maharashtra,Aurangabad,12.554315,72.240473,Canara Bank,0.95587,0.79954,36
ATM_00931,Uttar Pradesh,Lucknow,27.123871,84.200643,HDFC Bank,1.25805,0.75721,47
ATM_00932,Rajasthan,Jodhpur,21.238967,71.005042,Kotak Mahindra Bank,0.80302,1.39082,43
ATM_00933,Uttar Pradesh,Varanasi,17.367073,84.489201,Axis Bank,0.50543,0.83152,48
ATM_00934,Uttar Pradesh,Varanasi,13.996143,71.807433,PNB,1.04707,1.3624,48
ATM_00935,Karnataka,Mangaluru,18.110583,87.826711,Kotak Mahindra Bank,1.22867,1.07553,32
ATM_00936,Rajasthan,Kota,29.567471,82.062747,Axis Bank,1.16584,0.82092,47
ATM_00937,Tamil Nadu,Salem,19.702604,69.847424,Canara Bank,1.10499,1.09479,10
ATM_00938,Maharashtra,Mumbai,18.82877,82.210131,SBI,0.84372,1.03544,40
ATM_00939,Gujarat,Rajkot,24.918024,80.374226,SBI,0.71871,1.3231,28
ATM_00940,Rajasthan,Udaipur,16.839036,74.919698,Bank of Baroda,1.15624,0.76395,38
ATM_00941,Karnataka,Hubballi,17.903327,73.345088,Bank of Baroda,1.10664,0.93903,33
ATM_00942,Telangana,Warangal,15.91285,82.734596,Axis Bank,0.78329,0.90587,41
ATM_00943,Rajasthan,Kota,11.820235,83.197908,SBI,1.40546,1.18427,47
ATM_00944,Andhra Pradesh,Guntur,24.203803,74.70772,Kotak Mahindra Bank,0.69982,0.64653,11
ATM_00945,Maharashtra,Pune,27.70668,85.962656,Axis Bank,0.77712,1.3213,36
ATM_00946,Uttar Pradesh,Agra,28.423038,73.510958,Bank of Baroda,1.69015,1.08968,59
ATM_00947,Karnataka,Bengaluru Urban,27.877665,69.432221,Axis Bank,1.29184,0.58377,37
ATM_00948,Delhi,West Delhi,18.439244,80.297291,Bank of Baroda,0.84094,1.41279,12
ATM_00949,Uttar Pradesh,Varanasi,14.749456,70.194947,Canara Bank,1.05406,2.02305,48
ATM_00950,Rajasthan,Jodhpur,22.534322,73.671613,Union Bank,1.00626,1.31431,43
ATM_00951,Haryana,Panipat,29.503508,78.397321,Bank of Baroda,0.36462,1.52519,8
ATM_00952,Gujarat,Vadodara,24.495114,73.870372,HDFC Bank,0.69406,0.95366,17
ATM_00953,Kerala,Kochi,19.386668,72.407425,Kotak Mahindra Bank,0.93638,0.51744,4
ATM_00954,Telangana,Nizamabad,23.653789,82.415301,ICICI Bank,0.84135,0.48541,44
ATM_00955,Karnataka,Mysuru,25.495834,79.213486,SBI,1.03931,1.01202,38
ATM_00956,Maharashtra,Thane,28.723924,85.215106,SBI,1.41536,0.75237,41
ATM_00957,Andhra Pradesh,Guntur,25.290747,79.915412,Union Bank,0.85174,0.67205,11
ATM_00958,Maharashtra,Nashik,18.030192,77.910668,Axis Bank,0.65829,0.90548,38
ATM_00959,Gujarat,Rajkot,14.519343,73.355755,SBI,1.06798,1.14812,28
ATM_00960,Rajasthan,Jaipur,19.497397,84.23735,Kotak Mahindra Bank,0.85023,0.55666,42
ATM_00961,Telangana,Hyderabad,15.719915,72.035856,ICICI Bank,0.90253,0.79102,40
ATM_00962,Gujarat,Surat,29.240821,72.965682,PNB,0.86066,1.57008,29
ATM_00963,Telangana,Hyderabad,19.675249,85.252566,Kotak Mahindra Bank,2.08905,0.63529,40
ATM_00964,Haryana,Gurugram,18.885239,83.194447,SBI,0.4351,1.25494,9
ATM_00965,Rajasthan,Kota,16.160317,80.563907,Union Bank,0.83206,0.78115,47
ATM_00966,Karnataka,Bengaluru Urban,22.566954,68.797871,Canara Bank,0.95197,1.12042,37
ATM_00967,Maharashtra,Thane,19.941128,70.608781,HDFC Bank,0.72518,1.35898,41
ATM_00968,Rajasthan,Ajmer,11.339076,78.249128,Axis Bank,1.30605,1.19976,42
ATM_00969,Rajasthan,Udaipur,27.622572,83.299948,Bank of Baroda,1.26707,1.27237,38
ATM_00970,Uttar Pradesh,Lucknow,16.398282,77.514068,HDFC Bank,0.9374,0.61854,47
ATM_00971,Uttar Pradesh,Lucknow,18.016725,68.354507,Union Bank,0.86704,1.36677,47
ATM_00972,Karnataka,Mysuru,13.024675,71.777535,ICICI Bank,0.91657,0.68676,38
ATM_00973,Karnataka,Mysuru,20.674761,80.069717,PNB,0.91887,1.0136,38
ATM_00974,Karnataka,Hubballi,23.945211,82.23145,Kotak Mahindra Bank,0.92741,1.01314,33
ATM_00975,Uttar Pradesh,Agra,27.885637,68.68528,Canara Bank,0.8925,1.09687,59
ATM_00976,Maharashtra,Nashik,9.635369,68.888301,HDFC Bank,1.04125,1.04144,38
ATM_00977,Uttar Pradesh,Lucknow,29.913302,73.356857,SBI,1.24072,0.6889,47
ATM_00978,Gujarat,Rajkot,23.98399,69.711785,HDFC Bank,0.6197,0.57708,28
ATM_00979,Delhi,West Delhi,14.754571,79.109898,Bank of Baroda,0.6599,1.25608,12
ATM_00980,Maharashtra,Thane,12.998445,70.535891,Kotak Mahindra Bank,0.5169,0.98779,41
ATM_00981,Karnataka,Hubballi,15.013934,81.288496,HDFC Bank,1.29086,1.38397,33
ATM_00982,Uttar Pradesh,Ghaziabad,27.765967,83.933119,Union Bank,1.04048,0.91121,56
ATM_00983,Maharashtra,Nashik,14.910584,87.895592,SBI,1.13759,0.56601,38
ATM_00984,Uttar Pradesh,Lucknow,18.682065,87.442343,ICICI Bank,0.57796,1.29799,47
ATM_00985,Maharashtra,Mumbai,24.026237,73.603986,Canara Bank,1.78033,0.81305,40
ATM_00986,Karnataka,Mysuru,27.683777,68.602897,Kotak Mahindra Bank,0.77026,1.04328,38
ATM_00987,Tamil Nadu,Madurai,22.988566,74.75295,Union Bank,1.011,0.73791,9
ATM_00988,Maharashtra,Thane,25.068402,82.523842,Bank of Baroda,1.28544,1.64572,41
ATM_00989,Telangana,Warangal,12.31319,69.225925,SBI,0.67478,0.68105,41
ATM_00990,Karnataka,Mysuru,27.802972,75.374109,ICICI Bank,0.7873,0.82248,38
ATM_00991,Andhra Pradesh,Vijayawada,14.565822,74.109708,Kotak Mahindra Bank,1.01489,0.96106,9
ATM_00992,Karnataka,Mangaluru,11.32432,72.496586,SBI,2.59136,0.63154,32
ATM_00993,Maharashtra,Nagpur,29.977374,82.47568,Union Bank,1.05914,1.0391,40
ATM_00994,Karnataka,Hubballi,12.936078,81.511489,Union Bank,1.67246,1.62717,33
ATM_00995,Maharashtra,Mumbai,11.506343,78.977629,Union Bank,1.45361,0.77959,40
ATM_00996,Bihar,Gaya,22.27246,86.67088,HDFC Bank,1.08423,1.06287,5
ATM_00997,Rajasthan,Ajmer,15.514989,70.114346,ICICI Bank,0.67425,0.35359,42
ATM_00998,Karnataka,Hubballi,11.433683,71.068629,HDFC Bank,1.38124,0.91306,33
ATM_00999,Uttar Pradesh,Agra,21.724665,75.860718,Axis Bank,0.56424,0.82953,59
ATM_01000,Rajasthan,Jaipur,25.197675,81.445582,Bank of Baroda,1.66925,0.69503,42
ATM_01001,Delhi,Central Delhi,25.950364,79.973625,HDFC Bank,1.02231,1.35145,13
ATM_01002,Karnataka,Bengaluru Urban,11.921277,69.517875,Canara Bank,0.377,0.82571,37
ATM_01003,Rajasthan,Jaipur,20.751075,87.647708,ICICI Bank,0.84611,0.86984,42
ATM_01004,Andhra Pradesh,Vijayawada,26.400924,74.253829,Canara Bank,1.19835,0.81111,9
ATM_01005,Delhi,West Delhi,12.043914,75.358939,ICICI Bank,0.87731,0.47321,12
ATM_01006,Maharashtra,Nagpur,13.06901,80.784411,PNB,1.22424,0.6228,40
ATM_01007,Telangana,Karimnagar,8.553051,87.375893,ICICI Bank,0.70791,1.2957,31
ATM_01008,Rajasthan,Kota,20.041951,81.585109,Kotak Mahindra Bank,0.60349,0.44228,47
ATM_01009,Karnataka,Bengaluru Urban,12.782997,87.572853,HDFC Bank,0.92966,0.70784,37
ATM_01010,Maharashtra,Nagpur,24.433337,71.845618,SBI,0.96379,0.80474,40
ATM_01011,Maharashtra,Mumbai,29.668705,80.685604,HDFC Bank,0.84378,1.70393,40
ATM_01012,Tamil Nadu,Madurai,13.092621,84.992017,Axis Bank,1.46465,1.21129,9
ATM_01013,Tamil Nadu,Salem,22.780134,78.435002,PNB,0.70786,0.7616,10
ATM_01014,Delhi,Central Delhi,13.160358,75.42456,HDFC Bank,1.06362,1.46119,13
ATM_01015,Bihar,Bhagalpur,8.896151,88.18755,Kotak Mahindra Bank,0.97615,0.71426,7
ATM_01016,Gujarat,Ahmedabad,25.188192,70.89024,Union Bank,0.55279,1.31766,25
ATM_01017,Gujarat,Vadodara,18.048103,76.424055,Axis Bank,0.60074,0.57526,17
ATM_01018,Gujarat,Rajkot,29.329311,85.904162,Axis Bank,0.95718,1.34758,28
ATM_01019,Rajasthan,Jaipur,20.254289,86.459855,PNB,1.90692,0.80294,42
ATM_01020,Rajasthan,Kota,11.964623,88.097833,Union Bank,1.16744,0.64577,47
ATM_01021,Maharashtra,Aurangabad,18.395038,86.139376,ICICI Bank,0.52105,0.85785,36
ATM_01022,Karnataka,Mangaluru,12.963619,69.044619,PNB,0.32091,1.01994,32
ATM_01023,Maharashtra,Pune,27.816644,87.060213,Axis Bank,1.232,0.77842,36
ATM_01024,Maharashtra,Pune,23.69987,76.777427,SBI,0.92163,1.12362,36
ATM_01025,Telangana,Nizamabad,16.007254,81.358193,Kotak Mahindra Bank,1.42121,0.75474,44
ATM_01026,Rajasthan,Ajmer,20.112047,76.082655,Kotak Mahindra Bank,0.70034,1.15005,42
ATM_01027,Maharashtra,Nagpur,23.228564,84.680196,Axis Bank,1.0775,1.08053,40
ATM_01028,West Bengal,Asansol,25.72287,79.806345,Union Bank,1.28175,0.90606,20
ATM_01029,Delhi,North Delhi,10.263239,85.333665,ICICI Bank,0.81502,0.7931,14
ATM_01030,Uttar Pradesh,Ghaziabad,8.995415,71.972315,Kotak Mahindra Bank,0.82114,0.976,56
ATM_01031,Uttar Pradesh,Prayagraj,11.017959,71.792153,Axis Bank,0.96166,1.12217,50
ATM_01032,Maharashtra,Thane,17.189919,77.027724,ICICI Bank,1.15258,1.90466,41
ATM_01033,West Bengal,Asansol,18.767545,68.097407,Bank of Baroda,0.94843,1.28591,20
ATM_01034,West Bengal,Asansol,11.502156,82.203486,ICICI Bank,1.3404,1.30248,20
ATM_01035,Uttar Pradesh,Lucknow,17.545369,74.069101,Canara Bank,0.8109,2.72823,47
ATM_01036,Gujarat,Vadodara,18.215701,79.424637,Union Bank,0.59877,1.10878,17
ATM_01037,Uttar Pradesh,Ghaziabad,10.899979,69.435073,Axis Bank,1.9041,1.09669,56
ATM_01038,Rajasthan,Jodhpur,28.666519,71.498209,Kotak Mahindra Bank,0.7714,1.18421,43
ATM_01039,Odisha,Bhubaneswar,21.68121,80.768613,Axis Bank,0.78123,0.65021,3
ATM_01040,Uttar Pradesh,Kanpur Nagar,17.047782,74.266084,PNB,0.9315,0.7924,61
ATM_01041,Uttar Pradesh,Varanasi,19.651958,72.4018,ICICI Bank,0.97588,0.77531,48
ATM_01042,Rajasthan,Kota,15.412345,72.691353,Union Bank,0.83254,1.16106,47
ATM_01043,Karnataka,Mysuru,27.295283,72.403797,Bank of Baroda,0.9474,0.87085,38
ATM_01044,Tamil Nadu,Salem,21.150331,80.768444,PNB,0.94002,0.97147,10
ATM_01045,Bihar,Patna,19.387708,71.43767,HDFC Bank,1.01334,1.3543,7
ATM_01046,Uttar Pradesh,Ghaziabad,28.539479,75.43548,HDFC Bank,0.41767,1.25204,56
ATM_01047,Uttar Pradesh,Agra,26.935553,82.101681,Kotak Mahindra Bank,1.84112,0.87465,59
ATM_01048,West Bengal,Howrah,26.381642,78.530257,PNB,0.9053,0.73211,19
ATM_01049,Maharashtra,Thane,13.463402,80.244258,Union Bank,1.16799,1.37715,41
ATM_01050,Haryana,Faridabad,11.868708,73.143593,Bank of Baroda,0.58845,1.21353,14
ATM_01051,Karnataka,Bengaluru Urban,23.682123,87.120655,Axis Bank,0.80833,0.52755,37
ATM_01052,Uttar Pradesh,Lucknow,18.81013,76.484525,Canara Bank,0.75334,0.8295,47
ATM_01053,West Bengal,Howrah,23.54168,73.882761,Union Bank,1.59436,0.98079,19
ATM_01054,Uttar Pradesh,Agra,25.233799,86.538687,ICICI Bank,0.77649,1.21563,59
ATM_01055,Rajasthan,Udaipur,14.996897,81.433437,SBI,1.24284,1.27279,38
ATM_01056,Telangana,Warangal,14.76231,80.58589,SBI,0.75913,1.02228,41
ATM_01057,Telangana,Warangal,19.298294,86.17806,Axis Bank,0.81355,1.13599,41
ATM_01058,Karnataka,Bengaluru Urban,14.518085,69.200076,Union Bank,0.8747,0.9466,37
ATM_01059,Karnataka,Mysuru,23.180496,85.17243,Axis Bank,1.49393,0.73112,38
ATM_01060,Kerala,Kochi,24.92807,81.896219,Canara Bank,0.49195,0.8447,4
ATM_01061,Odisha,Sambalpur,18.884857,75.379852,Bank of Baroda,0.60145,0.93176,2
ATM_01062,Telangana,Hyderabad,24.423595,73.255203,ICICI Bank,0.48216,0.91442,40
ATM_01063,Uttar Pradesh,Lucknow,19.729627,70.148521,Union Bank,0.65145,0.47841,47
ATM_01064,Gujarat,Rajkot,24.183178,87.29202,Union Bank,0.71749,0.80538,28
ATM_01065,Bihar,Gaya,13.449301,70.909198,PNB,0.54172,0.94397,5
ATM_01066,Maharashtra,Thane,24.754547,73.31849,Kotak Mahindra Bank,0.73721,0.83878,41
ATM_01067,Rajasthan,Jaipur,24.232729,82.167697,Axis Bank,0.47091,0.84898,42
ATM_01068,Rajasthan,Ajmer,14.365326,82.558125,Union Bank,0.66749,1.09798,42
ATM_01069,Uttar Pradesh,Agra,20.731362,71.295758,Axis Bank,1.45094,0.63447,59
ATM_01070,Karnataka,Mysuru,27.316857,84.689689,Kotak Mahindra Bank,1.09782,0.52354,38
ATM_01071,Maharashtra,Pune,13.989498,78.460889,Canara Bank,1.01784,0.8194,36
ATM_01072,West Bengal,Durgapur,24.691555,85.393362,Kotak Mahindra Bank,0.67105,1.20939,18
ATM_01073,West Bengal,Siliguri,29.487268,69.78935,ICICI Bank,0.55679,1.67082,16
ATM_01074,West Bengal,Howrah,27.557322,68.878015,SBI,0.63978,1.21703,19
ATM_01075,Rajasthan,Jodhpur,17.333442,81.058303,HDFC Bank,0.93889,0.55365,43
ATM_01076,Maharashtra,Aurangabad,21.85857,71.075488,Bank of Baroda,1.29166,0.85329,36
ATM_01077,Gujarat,Surat,30.318943,78.761455,PNB,1.30721,1.01257,29
ATM_01078,West Bengal,Kolkata,21.005623,68.28923,Canara Bank,1.18861,0.98494,17
ATM_01079,Rajasthan,Ajmer,11.030607,83.98855,Kotak Mahindra Bank,0.73633,1.11787,42
ATM_01080,Haryana,Faridabad,9.499477,86.440368,Bank of Baroda,0.96142,0.67146,14
ATM_01081,Uttar Pradesh,Varanasi,25.886919,85.197097,PNB,0.8518,0.94687,48
ATM_01082,Delhi,West Delhi,17.819823,87.646233,PNB,0.88839,1.07228,12
ATM_01083,Uttar Pradesh,Kanpur Nagar,13.929884,86.513463,HDFC Bank,1.94461,1.23572,61
ATM_01084,Uttar Pradesh,Prayagraj,16.148785,77.102369,Kotak Mahindra Bank,0.51446,0.69814,50
ATM_01085,Telangana,Warangal,25.162203,76.166138,SBI,0.87803,0.82026,41
ATM_01086,Uttar Pradesh,Lucknow,18.735441,86.371765,Canara Bank,1.45671,0.35928,47
ATM_01087,Uttar Pradesh,Ghaziabad,27.606989,87.002245,Axis Bank,0.57064,0.74465,56
ATM_01088,Uttar Pradesh,Kanpur Nagar,24.668363,87.943137,ICICI Bank,0.76091,0.77038,61
ATM_01089,Rajasthan,Udaipur,29.928311,83.750503,PNB,0.79208,0.64779,38
ATM_01090,Gujarat,Ahmedabad,28.047083,72.140771,Canara Bank,0.88154,0.98082,25
ATM_01091,Uttar Pradesh,Kanpur Nagar,14.100039,87.37156,HDFC Bank,0.54525,0.90764,61
ATM_01092,Karnataka,Mangaluru,22.999303,87.4164,HDFC Bank,1.174,0.41977,32
ATM_01093,West Bengal,Siliguri,8.951947,81.655693,HDFC Bank,1.20354,0.9981,16
ATM_01094,Uttar Pradesh,Varanasi,30.304348,85.574245,ICICI Bank,1.13883,0.66882,48
ATM_01095,Uttar Pradesh,Agra,14.242134,79.504117,SBI,0.70288,1.09709,59
ATM_01096,Delhi,South Delhi,23.125492,87.354602,ICICI Bank,0.9825,0.59098,9
ATM_01097,West Bengal,Asansol,27.18138,69.925696,Union Bank,0.69577,0.93536,20
ATM_01098,Telangana,Hyderabad,12.030223,85.711256,Kotak Mahindra Bank,0.84845,0.83825,40
ATM_01099,West Bengal,Howrah,27.153346,69.137824,Kotak Mahindra Bank,2.02543,1.02918,19
ATM_01100,Uttar Pradesh,Varanasi,8.769405,74.951695,Bank of Baroda,0.98566,0.96688,48
ATM_01101,Rajasthan,Jaipur,18.223497,70.774176,Union Bank,0.62904,0.84651,42
ATM_01102,Gujarat,Rajkot,18.884828,77.822269,PNB,1.0153,0.54063,28
ATM_01103,Maharashtra,Thane,16.729996,72.761046,SBI,0.59389,0.55192,41
ATM_01104,Gujarat,Ahmedabad,21.400464,87.517484,PNB,0.62651,0.75451,25
ATM_01105,Telangana,Hyderabad,28.626532,79.466087,Union Bank,0.66211,0.92291,40
ATM_01106,Gujarat,Rajkot,15.693761,86.40348,Axis Bank,0.81592,0.7481,28
ATM_01107,Rajasthan,Udaipur,21.243718,73.700199,Bank of Baroda,1.32314,1.152,38
ATM_01108,Maharashtra,Nagpur,27.804176,68.53254,Axis Bank,1.16708,0.83941,40
ATM_01109,Maharashtra,Nashik,25.505899,83.900928,HDFC Bank,1.14467,0.66029,38
ATM_01110,Maharashtra,Mumbai,9.396132,82.398742,ICICI Bank,0.64885,0.83974,40
ATM_01111,Gujarat,Vadodara,29.241397,79.182579,ICICI Bank,0.78868,1.00172,17
ATM_01112,Uttar Pradesh,Varanasi,9.526232,84.714526,SBI,1.0484,1.03705,48
ATM_01113,Uttar Pradesh,Varanasi,21.452686,85.22173,Bank of Baroda,0.76503,1.78623,48
ATM_01114,Uttar Pradesh,Ghaziabad,21.15778,80.052018,Bank of Baroda,0.86471,0.73239,56
ATM_01115,Uttar Pradesh,Prayagraj,25.800585,87.80152,ICICI Bank,1.11243,0.90209,50
ATM_01116,West Bengal,Asansol,11.765747,82.754095,HDFC Bank,0.84366,1.07446,20
ATM_01117,Rajasthan,Jaipur,12.446149,81.875945,PNB,1.03168,0.91803,42
ATM_01118,Kerala,Thiruvananthapuram,25.046353,75.409147,Union Bank,1.6645,0.77682,3
ATM_01119,Uttar Pradesh,Agra,11.789105,68.046301,Bank of Baroda,0.89755,0.53818,59
ATM_01120,Karnataka,Bengaluru Urban,18.827793,72.939325,Union Bank,1.44028,0.77405,37
ATM_01121,Rajasthan,Kota,24.596258,83.66037,Axis Bank,1.15934,0.63564,47
ATM_01122,Rajasthan,Ajmer,22.827322,82.552361,HDFC Bank,0.57037,0.50579,42
ATM_01123,Delhi,West Delhi,13.133292,74.785954,Union Bank,0.64812,0.7006,12
ATM_01124,Bihar,Patna,15.187126,80.824451,Union Bank,0.71199,0.64159,7
ATM_01125,Delhi,East Delhi,29.817448,72.003393,Canara Bank,0.70672,1.13541,18
ATM_01126,Uttar Pradesh,Agra,18.370754,73.404368,Canara Bank,0.92355,1.14231,59
ATM_01127,Maharashtra,Thane,9.478064,87.421866,SBI,1.18198,0.67457,41
ATM_01128,Karnataka,Mangaluru,13.330868,76.470202,Canara Bank,1.47901,0.84501,32
ATM_01129,Maharashtra,Aurangabad,16.033572,73.022246,Canara Bank,1.06176,0.48301,36
ATM_01130,Gujarat,Rajkot,30.488767,77.985719,Axis Bank,0.81553,0.77853,28
ATM_01131,Telangana,Nizamabad,15.159214,75.933826,ICICI Bank,0.45991,1.0643,44
ATM_01132,Telangana,Hyderabad,9.080709,82.955345,PNB,0.97704,1.23541,40
ATM_01133,West Bengal,Howrah,19.784275,87.72338,Axis Bank,0.96183,0.72116,19
ATM_01134,Gujarat,Surat,10.339318,80.130617,ICICI Bank,1.01622,1.33753,29
ATM_01135,Uttar Pradesh,Ghaziabad,14.529487,80.118517,Union Bank,1.99222,0.54454,56
ATM_01136,Uttar Pradesh,Ghaziabad,30.33243,75.479094,Bank of Baroda,1.47149,0.5981,56
ATM_01137,Telangana,Hyderabad,24.002047,79.574934,Canara Bank,1.25463,1.18655,40
ATM_01138,Rajasthan,Ajmer,9.614666,74.546242,Canara Bank,0.68068,1.66124,42
ATM_01139,Maharashtra,Nagpur,18.371108,68.022388,Axis Bank,0.79654,1.10007,40
ATM_01140,Rajasthan,Ajmer,12.276025,85.754972,HDFC Bank,0.92208,0.91261,42
ATM_01141,Gujarat,Rajkot,11.204782,76.803604,HDFC Bank,0.72664,0.42928,28
ATM_01142,West Bengal,Kolkata,21.415439,78.087814,PNB,1.13568,0.45604,17
ATM_01143,Telangana,Nizamabad,19.62443,69.711769,Bank of Baroda,1.08003,0.96847,44
ATM_01144,Rajasthan,Kota,24.843065,85.160766,Axis Bank,0.65126,0.81656,47
ATM_01145,Maharashtra,Nashik,28.130737,71.49191,ICICI Bank,1.44912,0.62853,38
ATM_01146,Telangana,Warangal,13.927001,76.417734,Union Bank,0.98795,0.94706,41
ATM_01147,Maharashtra,Nagpur,28.805824,85.225444,PNB,0.52043,0.96365,40
ATM_01148,Telangana,Warangal,19.895819,77.38455,Union Bank,0.93622,1.28816,41
ATM_01149,Karnataka,Mangaluru,14.194368,87.088623,Bank of Baroda,1.05179,0.97091,32
ATM_01150,Uttar Pradesh,Agra,27.107288,72.290943,Bank of Baroda,1.33983,1.42278,59
ATM_01151,Uttar Pradesh,Kanpur Nagar,9.281658,82.662273,Kotak Mahindra Bank,0.847,0.92818,61
ATM_01152,Maharashtra,Mumbai,20.809206,88.04897,Kotak Mahindra Bank,1.2736,0.88897,40
ATM_01153,Haryana,Hisar,24.375674,79.26708,Axis Bank,1.01772,1.34337,12
ATM_01154,Karnataka,Mysuru,14.659509,82.18977,PNB,0.60158,0.65719,38
ATM_01155,Uttar Pradesh,Agra,27.496822,76.061147,Kotak Mahindra Bank,0.58086,2.47869,59
ATM_01156,Haryana,Faridabad,13.78626,83.402415,Kotak Mahindra Bank,1.41194,1.0555,14
ATM_01157,Rajasthan,Kota,26.977234,86.631918,SBI,1.44869,1.05756,47
ATM_01158,Rajasthan,Jodhpur,10.227989,82.412639,HDFC Bank,1.06725,1.11233,43
ATM_01159,Andhra Pradesh,Nellore,12.018407,87.186539,ICICI Bank,1.60892,1.78545,9
ATM_01160,Uttar Pradesh,Agra,16.881661,80.067379,Union Bank,1.37972,1.22146,59
ATM_01161,Maharashtra,Nashik,27.289221,79.831318,SBI,1.21087,0.52777,38
ATM_01162,Telangana,Hyderabad,11.680878,74.244861,SBI,0.69288,1.51269,40
ATM_01163,Uttar Pradesh,Kanpur Nagar,27.759641,82.547364,SBI,1.74729,0.82148,61
ATM_01164,Karnataka,Bengaluru Urban,13.554094,86.080027,HDFC Bank,1.15001,0.96096,37
ATM_01165,Maharashtra,Thane,18.455185,81.249483,PNB,0.83279,0.59152,41
ATM_01166,Uttar Pradesh,Agra,16.260157,72.777304,Union Bank,0.7544,1.11276,59
ATM_01167,Maharashtra,Aurangabad,11.098777,79.154237,Union Bank,1.04283,0.7369,36
ATM_01168,Rajasthan,Ajmer,29.274814,83.496717,ICICI Bank,0.5311,0.95861,42
ATM_01169,Uttar Pradesh,Kanpur Nagar,18.139922,87.256948,Canara Bank,1.21769,0.83798,61
ATM_01170,Uttar Pradesh,Varanasi,23.687288,71.210219,Kotak Mahindra Bank,0.68271,1.81562,48
ATM_01171,Delhi,East Delhi,21.155889,70.61369,Bank of Baroda,1.08522,1.85236,18
ATM_01172,Maharashtra,Aurangabad,19.53775,76.465342,Kotak Mahindra Bank,0.79414,0.94078,36
ATM_01173,Maharashtra,Nagpur,22.064708,70.575029,Canara Bank,0.86894,0.94655,40
ATM_01174,Uttar Pradesh,Agra,28.263531,88.098793,ICICI Bank,0.73136,0.81218,59
ATM_01175,Maharashtra,Aurangabad,23.884872,76.69824,Canara Bank,0.9009,1.36312,36
ATM_01176,Maharashtra,Nashik,20.214562,78.939016,PNB,1.84661,0.82494,38
ATM_01177,Karnataka,Mangaluru,22.694091,72.6553,Kotak Mahindra Bank,1.54781,0.79868,32
ATM_01178,Maharashtra,Nashik,21.840674,77.207086,Bank of Baroda,1.07911,1.30366,38
ATM_01179,Haryana,Hisar,18.028667,88.186226,Canara Bank,0.9448,0.76664,12
ATM_01180,Tamil Nadu,Coimbatore,22.244808,78.018087,PNB,1.28087,0.91344,11
ATM_01181,Uttar Pradesh,Kanpur Nagar,18.258536,68.18089,Union Bank,1.41561,0.53217,61
ATM_01182,Uttar Pradesh,Prayagraj,25.167516,72.971814,Bank of Baroda,0.71293,1.18428,50
ATM_01183,Uttar Pradesh,Agra,29.816075,88.058324,ICICI Bank,0.92771,1.82572,59
ATM_01184,Karnataka,Mangaluru,29.617038,88.275884,PNB,0.50378,1.19137,32
ATM_01185,Uttar Pradesh,Prayagraj,26.556187,72.315108,PNB,1.41221,1.54388,50
ATM_01186,Delhi,East Delhi,21.738696,80.612914,SBI,1.96369,0.68835,18
ATM_01187,Gujarat,Ahmedabad,24.985304,69.576621,SBI,0.98029,1.0054,25
ATM_01188,West Bengal,Kolkata,12.417062,79.837554,HDFC Bank,0.45308,0.66536,17
ATM_01189,Telangana,Hyderabad,19.038406,70.581374,Axis Bank,1.1796,0.85466,40
ATM_01190,Odisha,Sambalpur,14.160705,84.782561,HDFC Bank,0.69464,1.21282,2
ATM_01191,Uttar Pradesh,Ghaziabad,8.57689,87.261287,Kotak Mahindra Bank,0.7557,0.95917,56
ATM_01192,Rajasthan,Kota,29.768227,71.54623,PNB,1.18693,0.56454,47
ATM_01193,Maharashtra,Nashik,27.504668,77.485599,HDFC Bank,1.04202,0.58416,38
ATM_01194,Andhra Pradesh,Nellore,19.80137,70.091881,Kotak Mahindra Bank,0.80351,0.57079,9
ATM_01195,Telangana,Warangal,14.09135,74.95237,HDFC Bank,0.75935,1.09931,41
ATM_01196,West Bengal,Howrah,23.745455,69.334504,Kotak Mahindra Bank,0.99612,1.90605,19
ATM_01197,Uttar Pradesh,Lucknow,18.065624,73.423204,Axis Bank,0.82593,1.49113,47
ATM_01198,Bihar,Gaya,26.17369,88.299585,SBI,0.64651,0.47667,5
ATM_01199,Rajasthan,Udaipur,30.489398,68.914367,Axis Bank,0.84846,1.52204,38
ATM_01200,Rajasthan,Jodhpur,16.179817,85.608851,Kotak Mahindra Bank,1.0735,1.28455,43
ATM_01201,Madhya Pradesh,Bhopal,13.876867,69.587778,PNB,0.89559,0.53892,7
ATM_01202,Rajasthan,Udaipur,14.382415,78.844437,HDFC Bank,0.5812,0.83239,38
ATM_01203,Rajasthan,Jodhpur,10.553617,77.268456,Kotak Mahindra Bank,1.34749,1.35812,43
ATM_01204,Telangana,Nizamabad,17.169016,87.096871,ICICI Bank,0.36549,1.12224,44
ATM_01205,Uttar Pradesh,Agra,8.883351,72.080522,Bank of Baroda,0.81533,0.58537,59
ATM_01206,Maharashtra,Aurangabad,11.016702,71.683481,SBI,0.7672,1.14618,36
ATM_01207,Uttar Pradesh,Agra,14.477306,83.348639,PNB,1.00394,0.43804,59
ATM_01208,Uttar Pradesh,Ghaziabad,12.016981,82.877249,Kotak Mahindra Bank,1.16027,0.85614,56
ATM_01209,Delhi,East Delhi,24.6075,82.333226,Canara Bank,1.41402,1.37845,18
ATM_01210,Telangana,Warangal,10.823305,68.535606,Union Bank,0.74284,0.93156,41
ATM_01211,Maharashtra,Thane,27.55187,73.329174,Kotak Mahindra Bank,1.17043,0.77728,41
ATM_01212,Rajasthan,Udaipur,13.364519,85.217851,HDFC Bank,1.02082,1.26357,38
ATM_01213,Rajasthan,Jaipur,10.888994,80.317591,ICICI Bank,0.52363,1.30191,42
ATM_01214,Karnataka,Mysuru,8.722346,80.344996,SBI,1.85384,1.46402,38
ATM_01215,Tamil Nadu,Chennai,24.23451,74.06629,Bank of Baroda,0.57608,1.25695,8
ATM_01216,Tamil Nadu,Chennai,14.145568,73.333548,Bank of Baroda,1.10395,1.35142,8
ATM_01217,Rajasthan,Jaipur,19.708969,87.404375,SBI,1.09259,1.19625,42
ATM_01218,Maharashtra,Mumbai,10.955553,82.918983,Canara Bank,1.04974,1.01573,40
ATM_01219,Rajasthan,Jodhpur,30.17651,70.600755,SBI,0.80169,0.95504,43
ATM_01220,Telangana,Nizamabad,11.258464,87.222992,Kotak Mahindra Bank,1.27329,0.85183,44
ATM_01221,Rajasthan,Kota,17.56237,79.938588,Union Bank,0.55208,0.60553,47
ATM_01222,Karnataka,Mysuru,27.236289,74.833929,Kotak Mahindra Bank,0.93149,0.66253,38
ATM_01223,Telangana,Nizamabad,13.887513,76.141359,HDFC Bank,0.78248,0.83859,44
ATM_01224,Maharashtra,Mumbai,14.373379,82.870792,Kotak Mahindra Bank,0.75202,1.00721,40
ATM_01225,Maharashtra,Nagpur,26.286989,75.713589,Bank of Baroda,1.10753,1.53259,40
ATM_01226,Rajasthan,Udaipur,14.513472,79.864268,Kotak Mahindra Bank,1.38983,0.91214,38
ATM_01227,Uttar Pradesh,Lucknow,8.563169,82.56524,Union Bank,0.84529,1.31507,47
ATM_01228,Uttar Pradesh,Ghaziabad,17.914102,72.005187,Canara Bank,1.25271,1.35044,56
ATM_01229,Gujarat,Surat,8.775775,87.35695,SBI,0.96994,0.85356,29
ATM_01230,Rajasthan,Jodhpur,28.51543,75.301542,Union Bank,0.69741,1.13976,43
ATM_01231,Maharashtra,Nashik,22.619891,76.597183,Bank of Baroda,0.87091,0.84996,38
ATM_01232,Telangana,Warangal,21.326314,82.319545,Kotak Mahindra Bank,0.85834,1.47023,41
ATM_01233,Gujarat,Ahmedabad,12.934969,80.480094,Union Bank,0.74695,1.15629,25
ATM_01234,Maharashtra,Thane,23.898816,77.022457,SBI,1.10742,0.61018,41
ATM_01235,West Bengal,Asansol,23.399602,81.319712,PNB,1.03478,0.97942,20
ATM_01236,Tamil Nadu,Coimbatore,9.830199,86.50798,SBI,0.54626,1.64792,11
ATM_01237,Telangana,Warangal,27.878624,84.405814,ICICI Bank,0.53474,0.8687,41
ATM_01238,Karnataka,Mangaluru,21.247094,84.89731,HDFC Bank,1.10595,1.08261,32
ATM_01239,Uttar Pradesh,Prayagraj,25.934271,73.297372,PNB,0.71657,1.12045,50
ATM_01240,Andhra Pradesh,Guntur,14.28411,76.597769,HDFC Bank,1.05948,0.64394,11
ATM_01241,Rajasthan,Jaipur,11.185052,79.353292,Kotak Mahindra Bank,1.25282,1.10674,42
ATM_01242,Tamil Nadu,Madurai,23.953891,68.905912,HDFC Bank,0.61093,0.56826,9
ATM_01243,Telangana,Warangal,25.965419,83.78074,Canara Bank,0.5816,0.74357,41
ATM_01244,Uttar Pradesh,Prayagraj,16.992738,74.631,SBI,1.71278,1.34875,50
ATM_01245,Uttar Pradesh,Prayagraj,9.02123,73.79322,Axis Bank,1.07801,1.04868,50
ATM_01246,Karnataka,Mysuru,26.501589,73.315486,Canara Bank,0.82311,0.83202,38
ATM_01247,Telangana,Hyderabad,13.034066,73.809275,Union Bank,0.68742,1.08213,40
ATM_01248,Uttar Pradesh,Varanasi,15.958703,74.929304,Kotak Mahindra Bank,0.79725,0.90632,48
ATM_01249,Gujarat,Rajkot,22.321082,80.398903,Kotak Mahindra Bank,0.62837,0.92967,28
ATM_01250,Delhi,South Delhi,10.699004,79.963089,Bank of Baroda,1.29857,1.16481,9
ATM_01251,Rajasthan,Jodhpur,10.083907,73.242091,ICICI Bank,0.7263,0.71755,43
ATM_01252,Rajasthan,Kota,9.065483,72.231698,ICICI Bank,1.39767,0.93875,47
ATM_01253,Uttar Pradesh,Varanasi,28.666077,84.940343,PNB,0.82849,0.82976,48
ATM_01254,West Bengal,Asansol,15.35042,69.900828,Canara Bank,0.66159,0.53137,20
ATM_01255,Maharashtra,Nagpur,23.034494,78.512868,PNB,0.82108,0.67066,40
ATM_01256,Delhi,North Delhi,30.263175,78.671498,Axis Bank,0.38045,1.60247,14
ATM_01257,Rajasthan,Kota,23.227917,79.769805,Bank of Baroda,0.91375,1.059,47
ATM_01258,Telangana,Nizamabad,20.052086,86.155827,Kotak Mahindra Bank,0.8981,0.58241,44
ATM_01259,Maharashtra,Nashik,19.960239,80.790236,Union Bank,1.27217,0.53986,38
ATM_01260,Uttar Pradesh,Prayagraj,16.792177,87.959492,HDFC Bank,0.49256,0.88995,50
ATM_01261,Gujarat,Vadodara,21.695152,85.862738,Bank of Baroda,1.4315,1.59853,17
ATM_01262,Rajasthan,Udaipur,29.593411,72.402175,HDFC Bank,1.27033,0.86702,38
ATM_01263,Telangana,Nizamabad,25.836969,72.944258,Union Bank,1.4774,1.46246,44
ATM_01264,Madhya Pradesh,Gwalior,17.832986,75.06787,SBI,0.93577,1.04692,8
ATM_01265,Madhya Pradesh,Gwalior,15.813786,76.026046,Kotak Mahindra Bank,1.35925,1.09156,8
ATM_01266,Delhi,South Delhi,27.937694,79.3364,PNB,0.56957,0.57994,9
ATM_01267,Uttar Pradesh,Lucknow,11.487288,72.766509,SBI,1.2234,1.28506,47
ATM_01268,Telangana,Warangal,27.190876,72.558076,Canara Bank,0.72772,0.8232,41
ATM_01269,Delhi,North Delhi,14.111689,75.818494,SBI,0.53477,1.25202,14
ATM_01270,Rajasthan,Jodhpur,24.243843,81.776474,Axis Bank,0.64315,0.69608,43
ATM_01271,Uttar Pradesh,Ghaziabad,26.236853,82.106575,Axis Bank,0.95505,0.98476,56
ATM_01272,West Bengal,Kolkata,18.993923,88.010393,Bank of Baroda,0.71431,1.04694,17
ATM_01273,Rajasthan,Udaipur,12.730247,72.149516,PNB,1.0873,0.87701,38
ATM_01274,Telangana,Warangal,27.08489,76.053613,Bank of Baroda,0.5062,1.06637,41
ATM_01275,Bihar,Bhagalpur,16.585184,87.775889,Axis Bank,0.45275,0.84319,7
ATM_01276,Telangana,Warangal,15.554966,82.145179,SBI,1.54096,0.73749,41
ATM_01277,Rajasthan,Udaipur,19.720356,80.14171,Kotak Mahindra Bank,1.30787,1.62351,38
ATM_01278,Maharashtra,Aurangabad,18.071897,79.062744,ICICI Bank,0.66022,1.33617,36
ATM_01279,Rajasthan,Udaipur,23.527149,69.547963,Bank of Baroda,0.9522,0.70919,38
ATM_01280,Uttar Pradesh,Kanpur Nagar,11.518352,86.314163,SBI,1.36192,1.12933,61
ATM_01281,West Bengal,Durgapur,18.085172,80.822857,ICICI Bank,1.10383,0.71372,18
ATM_01282,West Bengal,Howrah,28.11744,79.719182,Bank of Baroda,1.00395,0.61142,19
ATM_01283,Maharashtra,Nagpur,9.29338,79.059757,PNB,1.39846,1.3291,40
ATM_01284,Maharashtra,Nagpur,18.561443,76.034241,ICICI Bank,0.7381,0.50979,40
ATM_01285,Delhi,East Delhi,23.031703,73.220626,Canara Bank,0.96366,1.28027,18
ATM_01286,Uttar Pradesh,Lucknow,28.029644,83.484101,Kotak Mahindra Bank,0.94726,0.84723,47
ATM_01287,Telangana,Nizamabad,21.563297,78.446134,Axis Bank,0.86641,0.85953,44
ATM_01288,Rajasthan,Kota,26.638654,68.69576,ICICI Bank,0.83163,1.06832,47
ATM_01289,Karnataka,Mysuru,13.399202,76.181437,SBI,0.97782,1.13439,38
ATM_01290,Uttar Pradesh,Varanasi,16.261808,87.036375,PNB,0.96475,0.69312,48
ATM_01291,Karnataka,Mysuru,29.22691,75.664839,SBI,0.66042,1.18991,38
ATM_01292,Rajasthan,Ajmer,27.991452,76.471277,HDFC Bank,1.262,0.96305,42
ATM_01293,Karnataka,Mysuru,20.774966,80.791203,HDFC Bank,0.67728,0.59634,38
ATM_01294,Uttar Pradesh,Prayagraj,18.960743,84.434333,Union Bank,0.8831,0.87216,50
ATM_01295,Rajasthan,Jodhpur,18.423483,81.703453,Axis Bank,0.85961,1.50098,43
ATM_01296,Telangana,Karimnagar,9.793373,85.426122,Union Bank,1.08048,1.66443,31
ATM_01297,Maharashtra,Nashik,28.132296,70.336397,Canara Bank,0.45402,1.18975,38
ATM_01298,Uttar Pradesh,Varanasi,26.499289,86.954147,SBI,1.30198,0.61021,48
ATM_01299,Uttar Pradesh,Ghaziabad,18.537525,86.5304,ICICI Bank,0.75211,1.09898,56
ATM_01300,Maharashtra,Nagpur,14.647679,78.642546,SBI,1.4609,1.24667,40
ATM_01301,Uttar Pradesh,Lucknow,16.044253,80.807216,SBI,0.80631,1.19324,47
ATM_01302,Andhra Pradesh,Visakhapatnam,11.209533,72.362668,Bank of Baroda,0.93704,1.21824,4
ATM_01303,Rajasthan,Udaipur,24.379374,77.182922,ICICI Bank,1.86245,1.05108,38
ATM_01304,West Bengal,Durgapur,20.746737,72.155419,SBI,0.86502,0.90242,18
ATM_01305,Bihar,Gaya,13.650275,68.450522,Axis Bank,1.47059,0.74807,5
ATM_01306,Uttar Pradesh,Kanpur Nagar,22.206123,88.108513,Bank of Baroda,0.96631,0.47635,61
ATM_01307,Karnataka,Mangaluru,30.043065,73.312504,PNB,1.10237,1.04242,32
ATM_01308,Delhi,Central Delhi,11.192693,80.15872,Canara Bank,0.97683,0.98786,13
ATM_01309,Karnataka,Mysuru,18.58667,74.155133,Axis Bank,1.28251,1.12505,38
ATM_01310,Rajasthan,Jaipur,19.371494,75.597743,Bank of Baroda,0.74986,0.57957,42
ATM_01311,Rajasthan,Jaipur,12.169539,76.154112,SBI,0.67547,1.16001,42
ATM_01312,Uttar Pradesh,Varanasi,20.194765,74.868458,Axis Bank,0.76229,1.89983,48
ATM_01313,Telangana,Hyderabad,21.8315,81.066695,Canara Bank,0.98705,0.95135,40
ATM_01314,Kerala,Thiruvananthapuram,11.96158,87.699194,SBI,0.8823,0.90582,3
ATM_01315,Madhya Pradesh,Gwalior,11.903926,76.78701,PNB,1.22221,1.0313,8
ATM_01316,Uttar Pradesh,Agra,27.339672,87.953198,Bank of Baroda,1.5049,1.88512,59
ATM_01317,Karnataka,Mysuru,15.350524,81.689843,Kotak Mahindra Bank,0.67741,0.64687,38
ATM_01318,Maharashtra,Aurangabad,22.367335,80.446292,ICICI Bank,0.73726,0.99381,36
ATM_01319,Haryana,Faridabad,22.289008,72.860629,Kotak Mahindra Bank,0.57659,0.69963,14
ATM_01320,Uttar Pradesh,Varanasi,26.961759,69.289874,Axis Bank,1.94002,0.76431,48
ATM_01321,Andhra Pradesh,Visakhapatnam,24.777682,85.464663,PNB,1.06046,0.90966,4
ATM_01322,West Bengal,Asansol,26.992682,79.766612,Bank of Baroda,1.12749,1.48325,20
ATM_01323,Uttar Pradesh,Prayagraj,22.254725,76.495484,Canara Bank,0.5963,1.73849,50
ATM_01324,Uttar Pradesh,Varanasi,18.388058,84.64533,HDFC Bank,0.95281,1.08277,48
ATM_01325,West Bengal,Durgapur,17.158463,74.366898,PNB,1.13917,0.81128,18
ATM_01326,Uttar Pradesh,Ghaziabad,16.838655,84.064154,HDFC Bank,0.8725,2.21473,56
ATM_01327,Telangana,Warangal,17.704648,74.723259,SBI,1.38897,0.79694,41
ATM_01328,Tamil Nadu,Chennai,11.344804,86.878064,Axis Bank,2.14086,0.75788,8
ATM_01329,Telangana,Hyderabad,17.827084,73.493321,Kotak Mahindra Bank,0.68427,0.4973,40
ATM_01330,Rajasthan,Ajmer,17.067788,70.819859,PNB,0.66653,1.50878,42
ATM_01331,Rajasthan,Kota,9.260577,82.310983,Kotak Mahindra Bank,0.70107,1.29895,47
ATM_01332,Uttar Pradesh,Prayagraj,14.552877,71.338369,Bank of Baroda,1.67236,2.1574,50
ATM_01333,Madhya Pradesh,Bhopal,25.041953,87.461943,PNB,1.37285,0.56912,7
ATM_01334,Maharashtra,Aurangabad,21.214803,81.43888,Bank of Baroda,0.90904,1.54193,36
ATM_01335,Uttar Pradesh,Ghaziabad,26.235685,72.732644,Bank of Baroda,0.96547,0.94859,56
ATM_01336,Maharashtra,Nashik,20.439137,72.280788,HDFC Bank,0.71625,1.22729,38
ATM_01337,Madhya Pradesh,Indore,27.289843,86.939438,Kotak Mahindra Bank,1.30158,0.51994,6
ATM_01338,Uttar Pradesh,Agra,26.013476,80.461087,ICICI Bank,0.83452,1.54728,59
ATM_01339,Delhi,North Delhi,10.662261,86.321588,HDFC Bank,0.87026,1.2189,14
ATM_01340,Karnataka,Mangaluru,29.99414,70.259617,Axis Bank,1.17956,0.91307,32
ATM_01341,West Bengal,Durgapur,8.824444,86.97054,Canara Bank,0.8925,1.16005,18
ATM_01342,Bihar,Patna,21.630437,78.661011,ICICI Bank,0.87795,0.70804,7
ATM_01343,Delhi,West Delhi,25.935253,81.702649,Axis Bank,0.95673,0.75568,12
ATM_01344,Andhra Pradesh,Vijayawada,15.801671,75.643947,ICICI Bank,1.25916,0.78699,9
ATM_01345,Uttar Pradesh,Kanpur Nagar,21.668535,69.212377,Canara Bank,1.69611,0.48395,61
ATM_01346,West Bengal,Kolkata,16.466696,87.638435,Union Bank,1.16998,1.25143,17
ATM_01347,Telangana,Warangal,9.833529,88.389266,Union Bank,1.26267,1.40457,41
ATM_01348,Telangana,Hyderabad,8.686153,75.47321,HDFC Bank,0.8888,0.72412,40
ATM_01349,Haryana,Gurugram,10.586965,87.349293,Axis Bank,0.74404,1.04555,9
ATM_01350,Madhya Pradesh,Gwalior,10.665011,71.438389,Canara Bank,1.19837,0.84344,8
ATM_01351,Karnataka,Mysuru,21.939575,71.171031,HDFC Bank,1.01207,1.03828,38
ATM_01352,Rajasthan,Udaipur,20.069035,69.498793,SBI,0.57935,0.74306,38
ATM_01353,Rajasthan,Udaipur,18.520193,76.021023,ICICI Bank,0.8498,0.67941,38
ATM_01354,Rajasthan,Udaipur,23.722272,69.072196,Union Bank,0.92594,1.33763,38
ATM_01355,Maharashtra,Nagpur,8.870175,76.090472,Canara Bank,0.79725,0.90512,40
ATM_01356,Rajasthan,Jodhpur,14.461637,70.837004,HDFC Bank,1.60107,1.87838,43
ATM_01357,Uttar Pradesh,Kanpur Nagar,25.60264,82.97582,Union Bank,1.12751,0.94071,61
ATM_01358,Uttar Pradesh,Agra,28.519496,85.083934,HDFC Bank,1.54138,0.66935,59
ATM_01359,Gujarat,Rajkot,18.143405,82.100216,Union Bank,1.04526,1.42205,28
ATM_01360,Rajasthan,Jaipur,10.292648,72.11013,Canara Bank,0.98074,1.15425,42
ATM_01361,Tamil Nadu,Chennai,26.072032,83.720388,HDFC Bank,0.68678,1.19372,8
ATM_01362,Karnataka,Bengaluru Urban,27.97375,73.114754,Axis Bank,0.95719,1.40408,37
ATM_01363,Uttar Pradesh,Kanpur Nagar,17.600526,83.569516,Kotak Mahindra Bank,0.95756,0.73653,61
ATM_01364,Uttar Pradesh,Prayagraj,13.853816,79.63165,Axis Bank,0.59071,0.88527,50
ATM_01365,Maharashtra,Nashik,9.467377,75.517607,Union Bank,0.78918,0.87168,38
ATM_01366,Bihar,Gaya,21.503822,69.711594,Union Bank,0.85122,0.58914,5
ATM_01367,Maharashtra,Pune,28.517129,84.963945,SBI,1.10162,0.84402,36
ATM_01368,Telangana,Warangal,23.413537,87.262885,PNB,1.12024,1.47758,41
ATM_01369,Andhra Pradesh,Vijayawada,15.479469,81.651314,Axis Bank,0.77772,1.00576,9
ATM_01370,Bihar,Bhagalpur,22.643543,87.773102,Kotak Mahindra Bank,1.12319,0.57785,7
ATM_01371,Maharashtra,Nagpur,26.805505,87.149284,Bank of Baroda,0.89435,0.53694,40
ATM_01372,Uttar Pradesh,Kanpur Nagar,18.968261,71.989472,Canara Bank,0.34913,1.65756,61
ATM_01373,Uttar Pradesh,Varanasi,26.534467,82.989853,Axis Bank,0.80446,0.89678,48
ATM_01374,Uttar Pradesh,Kanpur Nagar,17.122013,75.160749,Kotak Mahindra Bank,1.39057,0.73792,61
ATM_01375,Uttar Pradesh,Varanasi,16.167125,77.994106,HDFC Bank,0.52911,0.84095,48
ATM_01376,Telangana,Warangal,21.32575,71.217791,PNB,0.99155,0.5519,41
ATM_01377,Tamil Nadu,Madurai,18.723101,87.982978,HDFC Bank,1.66015,1.52311,9
ATM_01378,Telangana,Warangal,29.996462,82.885816,Kotak Mahindra Bank,0.73041,0.80662,41
ATM_01379,Karnataka,Hubballi,19.860567,73.47162,SBI,0.95392,1.49371,33
ATM_01380,Maharashtra,Pune,16.973785,75.61517,SBI,0.60391,0.94247,36
ATM_01381,West Bengal,Howrah,17.188538,76.6609,SBI,1.68472,1.52655,19
ATM_01382,Karnataka,Bengaluru Urban,20.554679,83.324441,Bank of Baroda,0.9258,1.01259,37
ATM_01383,Delhi,West Delhi,16.308065,86.976794,ICICI Bank,0.96888,1.2477,12
ATM_01384,Andhra Pradesh,Nellore,24.403945,74.589523,Canara Bank,1.53123,1.19048,9
ATM_01385,Maharashtra,Mumbai,16.874584,77.686252,Kotak Mahindra Bank,1.20152,1.15122,40
ATM_01386,Uttar Pradesh,Ghaziabad,16.951177,80.160755,SBI,0.70159,1.04545,56
ATM_01387,Maharashtra,Mumbai,22.073411,76.063552,Bank of Baroda,0.75997,0.85315,40
ATM_01388,Rajasthan,Jaipur,9.838631,78.335717,Union Bank,1.13348,1.80954,42
ATM_01389,Andhra Pradesh,Visakhapatnam,22.917808,70.167006,Axis Bank,0.76615,0.67384,4
ATM_01390,Rajasthan,Ajmer,19.609389,71.437325,PNB,0.45431,0.92698,42
ATM_01391,Gujarat,Rajkot,18.466575,76.222576,Canara Bank,0.9356,0.93042,28
ATM_01392,Telangana,Warangal,24.323566,86.75625,SBI,0.56779,1.06559,41
ATM_01393,Uttar Pradesh,Agra,25.181627,75.16184,Bank of Baroda,1.67827,0.79641,59
ATM_01394,Maharashtra,Nashik,27.117739,73.120753,Axis Bank,1.01404,1.03338,38
ATM_01395,Karnataka,Mangaluru,16.745669,83.228676,HDFC Bank,0.69437,0.87247,32
ATM_01396,Karnataka,Mysuru,15.694829,87.457168,PNB,0.74643,0.53205,38
ATM_01397,Rajasthan,Jodhpur,24.215526,77.412034,ICICI Bank,0.49203,0.92869,43
ATM_01398,Maharashtra,Mumbai,21.299707,68.176402,SBI,0.64873,0.62969,40
ATM_01399,Gujarat,Surat,22.399634,82.107061,ICICI Bank,1.3604,0.50441,29
ATM_01400,Uttar Pradesh,Ghaziabad,20.721504,76.508746,Kotak Mahindra Bank,2.08172,0.97101,56
ATM_01401,Andhra Pradesh,Guntur,25.499247,81.809734,Canara Bank,1.22913,1.09794,11
ATM_01402,Uttar Pradesh,Lucknow,12.6809,73.693189,Kotak Mahindra Bank,0.92298,1.11295,47
ATM_01403,Uttar Pradesh,Prayagraj,20.725667,68.049367,Bank of Baroda,0.81945,1.12883,50
ATM_01404,Rajasthan,Kota,11.978239,75.062172,HDFC Bank,0.68201,0.47061,47
ATM_01405,Telangana,Karimnagar,17.459543,82.448243,Axis Bank,1.96008,0.57483,31
ATM_01406,Telangana,Karimnagar,23.107864,76.058822,HDFC Bank,0.89226,1.84671,31
ATM_01407,Rajasthan,Kota,19.347575,72.49307,Canara Bank,1.99878,0.64156,47
ATM_01408,Kerala,Thrissur,16.851014,77.512141,ICICI Bank,1.5524,1.14622,4
ATM_01409,Rajasthan,Jaipur,27.96934,83.423145,PNB,0.51829,0.72778,42
ATM_01410,Rajasthan,Kota,25.502166,70.448378,Axis Bank,0.75502,0.95176,47
ATM_01411,Rajasthan,Jaipur,20.078397,82.180917,ICICI Bank,0.7542,0.74158,42
ATM_01412,Uttar Pradesh,Kanpur Nagar,29.401169,81.680552,PNB,0.92693,1.12661,61
ATM_01413,Telangana,Hyderabad,17.836036,75.600127,Bank of Baroda,0.93329,0.97097,40
ATM_01414,Maharashtra,Nashik,25.837604,87.891892,HDFC Bank,2.72032,0.79118,38
ATM_01415,Karnataka,Bengaluru Urban,12.194597,86.341459,Bank of Baroda,0.65379,0.6409,37
ATM_01416,Uttar Pradesh,Ghaziabad,14.787434,74.48131,ICICI Bank,1.03273,1.01653,56
ATM_01417,Bihar,Muzaffarpur,15.937883,68.637367,Union Bank,1.18275,0.60545,4
ATM_01418,Rajasthan,Jaipur,10.828057,74.320249,Canara Bank,0.95267,1.07497,42
ATM_01419,Haryana,Gurugram,19.539706,72.1968,Union Bank,0.99067,2.32087,9
ATM_01420,Rajasthan,Jaipur,12.729723,79.218664,PNB,0.66126,1.48473,42
ATM_01421,Uttar Pradesh,Agra,22.45209,86.834261,Union Bank,0.98939,1.19017,59
ATM_01422,West Bengal,Howrah,12.682032,85.841919,Axis Bank,1.14003,0.89826,19
ATM_01423,Karnataka,Bengaluru Urban,11.217138,74.269498,HDFC Bank,1.069,0.46959,37
ATM_01424,West Bengal,Kolkata,29.819908,76.786249,Bank of Baroda,1.16374,0.58267,17
ATM_01425,Rajasthan,Ajmer,22.981287,68.749115,Bank of Baroda,1.5628,1.45012,42
ATM_01426,Karnataka,Hubballi,29.10192,79.155352,ICICI Bank,1.32314,0.70206,33
ATM_01427,Delhi,East Delhi,19.277531,69.299044,Kotak Mahindra Bank,0.97728,0.72465,18
ATM_01428,Karnataka,Mysuru,9.234854,87.241426,PNB,0.63252,0.87345,38
ATM_01429,Maharashtra,Nagpur,21.136166,85.772144,Axis Bank,0.77265,0.63824,40
ATM_01430,Karnataka,Mysuru,20.783236,72.390846,Union Bank,0.88267,0.60248,38
ATM_01431,Karnataka,Mangaluru,8.829463,82.337058,PNB,1.04122,0.90938,32
ATM_01432,Madhya Pradesh,Indore,27.447325,79.644418,SBI,0.80626,0.67749,6
ATM_01433,Rajasthan,Kota,22.139355,84.427833,Axis Bank,0.68699,0.71413,47
ATM_01434,Rajasthan,Ajmer,24.883206,77.750868,Union Bank,0.62889,0.70416,42
ATM_01435,West Bengal,Durgapur,19.366264,71.931325,Bank of Baroda,0.53481,1.11126,18
ATM_01436,Telangana,Warangal,22.104854,81.11679,Kotak Mahindra Bank,0.87795,0.85336,41
ATM_01437,Gujarat,Ahmedabad,14.164338,69.645747,Bank of Baroda,0.56989,0.86951,25
ATM_01438,Rajasthan,Kota,29.922671,79.984054,SBI,0.67158,1.14066,47
ATM_01439,Maharashtra,Nagpur,17.31584,72.360449,Axis Bank,0.83044,0.8807,40
ATM_01440,Gujarat,Rajkot,12.071186,82.041197,Axis Bank,0.5972,0.83969,28
ATM_01441,Uttar Pradesh,Kanpur Nagar,9.730139,84.974885,Kotak Mahindra Bank,1.0887,1.09126,61
ATM_01442,Uttar Pradesh,Varanasi,22.495783,70.245257,HDFC Bank,1.23509,1.16946,48
ATM_01443,Karnataka,Bengaluru Urban,30.134357,76.205505,HDFC Bank,0.78645,0.87915,37
ATM_01444,Gujarat,Surat,28.207479,83.037193,HDFC Bank,0.818,0.95207,29
ATM_01445,Haryana,Hisar,23.9463,71.355913,Canara Bank,1.15047,0.70402,12
ATM_01446,Maharashtra,Thane,30.293154,79.613735,PNB,0.74243,0.68484,41
ATM_01447,Uttar Pradesh,Varanasi,24.402222,81.772699,Canara Bank,0.72478,1.21152,48
ATM_01448,Madhya Pradesh,Gwalior,15.963525,75.273269,Kotak Mahindra Bank,1.44895,1.08156,8
ATM_01449,Uttar Pradesh,Prayagraj,21.726799,85.055637,Kotak Mahindra Bank,1.29892,1.08548,50
ATM_01450,Uttar Pradesh,Prayagraj,10.254866,78.468493,Canara Bank,1.17658,1.02119,50
ATM_01451,Maharashtra,Nashik,13.377015,80.853394,Canara Bank,1.3179,0.94068,38
ATM_01452,Telangana,Karimnagar,17.685885,70.887892,ICICI Bank,0.47712,1.18106,31
ATM_01453,Haryana,Faridabad,12.940007,68.474784,PNB,1.53098,1.28397,14
ATM_01454,Gujarat,Ahmedabad,29.477022,69.040346,Kotak Mahindra Bank,1.0934,1.27329,25
ATM_01455,Karnataka,Mangaluru,30.403146,86.530363,Kotak Mahindra Bank,1.35777,0.89351,32
ATM_01456,Uttar Pradesh,Lucknow,16.66059,86.094169,PNB,1.09152,1.50399,47
ATM_01457,Maharashtra,Thane,24.103038,84.555625,Axis Bank,0.96966,1.00264,41
ATM_01458,Rajasthan,Jodhpur,17.470956,72.092048,HDFC Bank,0.86564,1.15489,43
ATM_01459,Uttar Pradesh,Prayagraj,11.569202,78.771902,Kotak Mahindra Bank,1.0839,1.02163,50
ATM_01460,Maharashtra,Thane,15.912391,84.320401,Bank of Baroda,0.85467,1.00917,41
ATM_01461,Maharashtra,Mumbai,13.634177,81.830718,PNB,1.29153,0.71545,40
ATM_01462,Uttar Pradesh,Prayagraj,15.717721,70.368184,Union Bank,0.54706,1.18311,50
ATM_01463,Telangana,Nizamabad,13.230477,86.358595,ICICI Bank,0.78861,2.50559,44
ATM_01464,Karnataka,Mysuru,10.971593,71.293989,Axis Bank,1.94986,0.8118,38
ATM_01465,Uttar Pradesh,Agra,13.283425,71.521812,Canara Bank,0.76563,0.94887,59
ATM_01466,Rajasthan,Udaipur,28.426655,86.470677,Axis Bank,0.8768,0.79176,38
ATM_01467,West Bengal,Asansol,10.374877,77.934647,ICICI Bank,0.69989,0.78025,20
ATM_01468,Gujarat,Rajkot,15.644646,75.644282,HDFC Bank,1.07209,1.5892,28
ATM_01469,West Bengal,Durgapur,20.125898,79.349963,Canara Bank,0.73666,0.73135,18
ATM_01470,Rajasthan,Ajmer,16.299278,88.118645,SBI,0.89324,0.78407,42
ATM_01471,West Bengal,Siliguri,19.887356,70.452424,SBI,1.28296,0.53102,16
ATM_01472,Maharashtra,Pune,9.455241,83.517451,SBI,0.7464,0.71,36
ATM_01473,Maharashtra,Nashik,22.768532,74.85368,Union Bank,1.25619,0.50902,38
ATM_01474,Uttar Pradesh,Ghaziabad,20.896534,70.39951,SBI,1.27106,1.15466,56
ATM_01475,Rajasthan,Kota,23.481258,76.649634,Axis Bank,1.37892,2.46592,47
ATM_01476,Rajasthan,Jaipur,20.979672,79.249434,HDFC Bank,1.00126,0.81411,42
ATM_01477,Maharashtra,Aurangabad,18.133879,72.222214,Canara Bank,2.96391,0.51649,36
ATM_01478,Gujarat,Rajkot,16.203114,76.308024,SBI,1.37872,1.26829,28
ATM_01479,Maharashtra,Mumbai,13.481574,81.031359,SBI,1.06799,0.71767,40
ATM_01480,Maharashtra,Mumbai,19.50149,79.817184,Axis Bank,0.70152,1.45855,40
ATM_01481,Uttar Pradesh,Agra,9.073154,82.824792,Union Bank,0.92136,0.83859,59
ATM_01482,Rajasthan,Jodhpur,15.721298,85.146293,SBI,1.57032,0.74196,43
ATM_01483,Maharashtra,Aurangabad,23.41319,76.387377,Bank of Baroda,1.73395,0.86969,36
ATM_01484,Maharashtra,Aurangabad,10.891775,76.670829,Kotak Mahindra Bank,1.59917,1.20671,36
ATM_01485,Maharashtra,Pune,9.883607,78.182189,Canara Bank,1.25469,0.85477,36
ATM_01486,Gujarat,Surat,22.847929,79.610244,Union Bank,0.61421,0.77788,29
ATM_01487,Tamil Nadu,Salem,17.251044,70.220615,ICICI Bank,1.1304,0.86336,10
ATM_01488,Rajasthan,Ajmer,26.140151,74.409025,PNB,0.61729,0.59305,42
ATM_01489,Karnataka,Mangaluru,29.120849,71.523782,HDFC Bank,0.56635,1.06357,32
ATM_01490,Delhi,North Delhi,29.55489,75.909982,Canara Bank,1.03642,0.49526,14
ATM_01491,Odisha,Cuttack,17.863043,87.953758,Axis Bank,1.14475,0.79234,4
ATM_01492,Karnataka,Bengaluru Urban,14.315199,79.945985,SBI,1.30767,1.20738,37
ATM_01493,Haryana,Faridabad,21.889502,76.802321,PNB,1.13436,1.02916,14
ATM_01494,Haryana,Hisar,22.320244,79.601706,Union Bank,1.14812,1.13801,12
ATM_01495,West Bengal,Durgapur,22.191589,81.716069,ICICI Bank,0.67533,0.90475,18
ATM_01496,Rajasthan,Kota,15.57913,76.916546,SBI,0.91881,1.39387,47
ATM_01497,Uttar Pradesh,Lucknow,9.902538,77.178051,Union Bank,0.56247,1.2793,47
ATM_01498,Uttar Pradesh,Ghaziabad,13.120106,82.378723,Bank of Baroda,0.47279,1.08201,56
ATM_01499,Rajasthan,Ajmer,11.897227,69.247683,SBI,1.23527,1.28058,42
