withdrawal_id,complaint_id,atm_id,withdrawal_time,withdrawal_amount,suspicious
W_00000001,C_00000029,ATM_00484,2026-01-01 19:50:00,581.9,1
W_00000002,C_00000041,ATM_00761,2026-01-01 15:44:00,12200.63,1
W_00000003,C_00000095,ATM_00511,2026-01-02 17:16:00,15116.81,1
W_00000004,C_00000119,ATM_01122,2026-01-01 23:49:00,6021.71,1
W_00000005,C_00000156,ATM_01209,2026-01-02 03:43:00,28388.1,1
W_00000006,C_00000159,ATM_01080,2026-01-01 16:45:00,8076.78,1
W_00000007,C_00000263,ATM_01252,2026-01-01 17:59:00,715.85,1
W_00000008,C_00000279,ATM_00600,2026-01-01 16:20:00,40689.1,1
W_00000009,C_00000281,ATM_01066,2026-01-02 15:27:00,18420.72,1
W_00000010,C_00000289,ATM_01215,2026-01-01 21:26:00,28100.44,1
W_00000011,C_00000305,ATM_01059,2026-01-02 04:39:00,57803.08,1
W_00000012,C_00000314,ATM_01397,2026-01-02 04:31:00,10343.03,1
W_00000013,C_00000513,ATM_00349,2026-01-02 05:56:00,2499.26,1
W_00000014,C_00000558,ATM_00544,2026-01-01 23:42:00,70208.5,1
W_00000015,C_00000561,ATM_00893,2026-01-02 02:22:00,6057.17,1
W_00000016,C_00000611,ATM_00545,2026-01-02 04:28:00,40379.73,1
W_00000017,C_00000621,ATM_00100,2026-01-02 05:43:00,46984.5,1
W_00000018,C_00000641,ATM_00708,2026-01-02 01:36:00,3949.88,1
W_00000019,C_00000647,ATM_00604,2026-01-01 16:30:00,4767.71,1
W_00000020,C_00000649,ATM_00660,2026-01-01 18:22:00,5831.85,1
W_00000021,C_00000672,ATM_00268,2026-01-02 19:41:00,23369.12,1
W_00000022,C_00000694,ATM_00399,2026-01-02 11:59:00,10717.31,1
W_00000023,C_00000695,ATM_01389,2026-01-01 15:29:00,8462.59,1
W_00000024,C_00000720,ATM_00408,2026-01-02 01:09:00,38611.35,1
W_00000025,C_00000723,ATM_01157,2026-01-01 22:05:00,1891.57,1
W_00000026,C_00000780,ATM_00660,2026-01-02 05:19:00,1442.77,1
W_00000027,C_00000785,ATM_00895,2026-01-01 22:10:00,95819.17,1
W_00000028,C_00000839,ATM_00176,2026-01-02 08:47:00,12501.92,1
W_00000029,C_00000857,ATM_00656,2026-01-01 13:22:00,23491.56,1
W_00000030,C_00000881,ATM_00753,2026-01-02 07:16:00,33911.45,1
W_00000031,C_00000923,ATM_00347,2026-01-02 19:09:00,1763.24,1
W_00000032,C_00001049,ATM_00374,2026-01-01 16:36:00,58645.27,1
W_00000033,C_00001060,ATM_01425,2026-01-01 20:12:00,28834.94,1
W_00000034,C_00001066,ATM_00508,2026-01-02 00:47:00,3897.12,1
W_00000035,C_00001076,ATM_01434,2026-01-02 03:01:00,6761.72,1
W_00000036,C_00001201,ATM_01244,2026-01-01 11:19:00,65030.6,1
W_00000037,C_00001240,ATM_01027,2026-01-01 22:32:00,16151.84,1
W_00000038,C_00001244,ATM_00782,2026-01-02 01:49:00,17421.48,1
W_00000039,C_00001250,ATM_00930,2026-01-02 07:34:00,53076.47,1
W_00000040,C_00001263,ATM_01404,2026-01-01 19:59:00,23887.12,1
W_00000041,C_00001309,ATM_00968,2026-01-02 00:06:00,2596.41,1
W_00000042,C_00001345,ATM_00733,2026-01-02 07:34:00,13473.69,1
W_00000043,C_00001393,ATM_00752,2026-01-01 17:08:00,883.6,1
W_00000044,C_00001402,ATM_00263,2026-01-02 07:47:00,7758.11,1
W_00000045,C_00001414,ATM_00189,2026-01-01 23:24:00,7745.1,1
W_00000046,C_00001477,ATM_00183,2026-01-02 12:00:00,61664.58,1
W_00000047,C_00001524,ATM_00480,2026-01-01 10:40:00,16015.39,1
W_00000048,C_00001545,ATM_00768,2026-01-02 08:38:00,26533.21,1
W_00000049,C_00001565,ATM_00888,2026-01-02 19:23:00,16547.61,1
W_00000050,C_00001604,ATM_00655,2026-01-02 00:36:00,4515.22,1
W_00000051,C_00001622,ATM_01381,2026-01-02 03:45:00,6934.03,1
W_00000052,C_00001647,ATM_01273,2026-01-02 09:32:00,10961.45,1
W_00000053,C_00001666,ATM_01480,2026-01-01 18:19:00,3369.1,1
W_00000054,C_00001716,ATM_00341,2026-01-01 11:41:00,1391.58,1
W_00000055,C_00001717,ATM_00225,2026-01-02 03:23:00,4824.08,1
W_00000056,C_00001722,ATM_00631,2026-01-02 14:15:00,924.89,1
W_00000057,C_00001725,ATM_00130,2026-01-02 09:16:00,21503.2,1
W_00000058,C_00001845,ATM_00528,2026-01-02 03:07:00,24708.16,1
W_00000059,C_00001901,ATM_01254,2026-01-02 06:51:00,73962.07,1
W_00000060,C_00001976,ATM_00784,2026-01-02 09:11:00,8210.67,1
W_00000061,C_00002050,ATM_01239,2026-01-02 18:56:00,5727.9,1
W_00000062,C_00002102,ATM_01028,2026-01-02 15:40:00,2442.03,1
W_00000063,C_00002113,ATM_00243,2026-01-02 02:08:00,17392.61,1
W_00000064,C_00002150,ATM_00811,2026-01-02 05:22:00,10076.62,1
W_00000065,C_00002160,ATM_01462,2026-01-02 01:21:00,9316.66,1
W_00000066,C_00002219,ATM_00560,2026-01-01 22:55:00,7912.21,1
W_00000067,C_00002333,ATM_01172,2026-01-02 02:18:00,31425.72,1
W_00000068,C_00002341,ATM_01339,2026-01-01 13:58:00,3509.62,1
W_00000069,C_00002344,ATM_00711,2026-01-01 05:55:00,4306.74,1
W_00000070,C_00002347,ATM_01407,2026-01-02 10:04:00,3154.2,1
W_00000071,C_00002353,ATM_00010,2026-01-02 04:45:00,171937.24,1
W_00000072,C_00002395,ATM_01221,2026-01-02 02:55:00,4028.18,1
W_00000073,C_00002408,ATM_01055,2026-01-01 10:30:00,1399.49,1
W_00000074,C_00002552,ATM_01461,2026-01-01 23:30:00,995.54,1
W_00000075,C_00002573,ATM_00218,2026-01-02 00:23:00,5786.9,1
W_00000076,C_00002596,ATM_00516,2026-01-02 08:54:00,97596.11,1
W_00000077,C_00002615,ATM_01497,2026-01-02 00:30:00,7487.93,1
W_00000078,C_00002641,ATM_01464,2026-01-02 18:24:00,20147.94,1
W_00000079,C_00002662,ATM_01128,2026-01-01 13:47:00,4052.66,1
W_00000080,C_00002663,ATM_00004,2026-01-02 06:00:00,4101.05,1
W_00000081,C_00002681,ATM_00200,2026-01-02 13:50:00,12160.25,1
W_00000082,C_00002687,ATM_01167,2026-01-02 05:49:00,13100.94,1
W_00000083,C_00002688,ATM_00929,2026-01-01 15:00:00,25120.07,1
W_00000084,C_00002728,ATM_00399,2026-01-02 11:36:00,13785.21,1
W_00000085,C_00002751,ATM_01011,2026-01-02 05:50:00,1712.62,1
W_00000086,C_00002761,ATM_00438,2026-01-01 09:06:00,30789.86,1
W_00000087,C_00002843,ATM_00654,2026-01-02 00:46:00,40200.78,1
W_00000088,C_00002881,ATM_00614,2026-01-02 01:04:00,8640.12,1
W_00000089,C_00002899,ATM_01348,2026-01-01 22:21:00,9196.77,1
W_00000090,C_00002933,ATM_00726,2026-01-02 16:40:00,110232.04,1
W_00000091,C_00002952,ATM_00689,2026-01-02 06:51:00,3563.57,1
W_00000092,C_00002982,ATM_00319,2026-01-02 13:14:00,12560.87,1
W_00000093,C_00002990,ATM_00273,2026-01-02 09:33:00,3986.23,1
W_00000094,C_00003007,ATM_00627,2026-01-02 05:42:00,3776.5,1
W_00000095,C_00003023,ATM_00110,2026-01-01 18:36:00,818.64,1
W_00000096,C_00003060,ATM_00635,2026-01-02 01:41:00,13171.6,1
W_00000097,C_00003085,ATM_00336,2026-01-01 05:31:00,10082.47,1
W_00000098,C_00003106,ATM_00625,2026-01-02 05:20:00,4903.94,1
W_00000099,C_00003158,ATM_00465,2026-01-01 17:48:00,6764.34,1
W_00000100,C_00003197,ATM_00259,2026-01-02 06:30:00,8894.63,1
W_00000101,C_00003205,ATM_00655,2026-01-02 04:19:00,642.81,1
W_00000102,C_00003218,ATM_00440,2026-01-01 15:43:00,15787.67,1
W_00000103,C_00003338,ATM_01478,2026-01-02 13:58:00,12031.62,1
W_00000104,C_00003418,ATM_01067,2026-01-01 15:37:00,7134.12,1
W_00000105,C_00003422,ATM_01396,2026-01-02 01:46:00,5149.66,1
W_00000106,C_00003462,ATM_00426,2026-01-02 02:04:00,6496.04,1
W_00000107,C_00003486,ATM_01062,2026-01-01 09:51:00,34717.2,1
W_00000108,C_00003494,ATM_01436,2026-01-02 07:48:00,26988.6,1
W_00000109,C_00003524,ATM_00129,2026-01-01 15:48:00,5614.59,1
W_00000110,C_00003537,ATM_00669,2026-01-02 00:44:00,4210.19,1
W_00000111,C_00003540,ATM_00807,2026-01-01 23:15:00,63349.63,1
W_00000112,C_00003569,ATM_00911,2026-01-02 12:47:00,6601.97,1
W_00000113,C_00003579,ATM_01001,2026-01-02 13:55:00,16146.82,1
W_00000114,C_00003598,ATM_00860,2026-01-01 19:22:00,2275.24,1
W_00000115,C_00003610,ATM_00907,2026-01-01 18:08:00,34316.15,1
W_00000116,C_00003615,ATM_00108,2026-01-02 04:35:00,48320.33,1
W_00000117,C_00003699,ATM_00164,2026-01-02 06:26:00,20927.76,1
W_00000118,C_00003754,ATM_00336,2026-01-02 11:11:00,1227.72,1
W_00000119,C_00003782,ATM_00609,2026-01-02 10:13:00,14168.05,1
W_00000120,C_00003787,ATM_00890,2026-01-02 08:23:00,15435.77,1
W_00000121,C_00003791,ATM_01005,2026-01-02 14:34:00,9695.02,1
W_00000122,C_00003805,ATM_00016,2026-01-02 00:40:00,12696.28,1
W_00000123,C_00003809,ATM_01424,2026-01-02 06:52:00,976.94,1
W_00000124,C_00003823,ATM_01019,2026-01-01 12:01:00,38064.24,1
W_00000125,C_00003844,ATM_00169,2026-01-01 07:09:00,11931.14,1
W_00000126,C_00003845,ATM_01016,2026-01-01 11:18:00,3491.14,1
W_00000127,C_00003866,ATM_00708,2026-01-01 19:43:00,10092.3,1
W_00000128,C_00003871,ATM_00355,2026-01-01 11:09:00,23142.4,1
W_00000129,C_00003911,ATM_00013,2026-01-01 18:51:00,123673.61,1
W_00000130,C_00003973,ATM_01421,2026-01-02 07:45:00,5759.33,1
W_00000131,C_00003983,ATM_00838,2026-01-02 11:28:00,45553.02,1
W_00000132,C_00003986,ATM_01052,2026-01-01 20:03:00,31825.69,1
W_00000133,C_00004071,ATM_00321,2026-01-02 20:54:00,3428.64,1
W_00000134,C_00004106,ATM_00551,2026-01-02 02:55:00,6991.33,1
W_00000135,C_00004114,ATM_00728,2026-01-01 20:50:00,1302.59,1
W_00000136,C_00004171,ATM_01498,2026-01-02 04:14:00,29401.34,1
W_00000137,C_00004182,ATM_00302,2026-01-01 18:45:00,11097.58,1
W_00000138,C_00004210,ATM_00694,2026-01-02 08:17:00,8883.59,1
W_00000139,C_00004219,ATM_00181,2026-01-02 07:01:00,7919.19,1
W_00000140,C_00004225,ATM_00974,2026-01-02 09:09:00,29458.57,1
W_00000141,C_00004285,ATM_01047,2026-01-01 19:07:00,1812.46,1
W_00000142,C_00004289,ATM_01465,2026-01-02 09:00:00,4631.35,1
W_00000143,C_00004324,ATM_01040,2026-01-01 15:34:00,5747.2,1
W_00000144,C_00004334,ATM_00394,2026-01-02 00:01:00,1948.65,1
W_00000145,C_00004412,ATM_00521,2026-01-02 01:44:00,10818.26,1
W_00000146,C_00004517,ATM_01329,2026-01-01 18:18:00,2501.32,1
W_00000147,C_00004555,ATM_00839,2026-01-02 09:12:00,4872.87,1
W_00000148,C_00004602,ATM_01189,2026-01-01 13:56:00,6251.83,1
W_00000149,C_00004678,ATM_01061,2026-01-02 00:08:00,6316.01,1
W_00000150,C_00004752,ATM_01312,2026-01-01 20:22:00,1910.29,1
W_00000151,C_00004776,ATM_00500,2026-01-02 01:08:00,13593.8,1
W_00000152,C_00004801,ATM_00395,2026-01-01 13:03:00,3615.83,1
W_00000153,C_00004844,ATM_00209,2026-01-01 17:57:00,3545.05,1
W_00000154,C_00004883,ATM_01064,2026-01-02 11:41:00,17532.37,1
W_00000155,C_00004893,ATM_00645,2026-01-01 15:22:00,1792.76,1
W_00000156,C_00004929,ATM_00772,2026-01-02 09:44:00,60168.61,1
W_00000157,C_00004991,ATM_00726,2026-01-02 01:23:00,9200.97,1
W_00000158,C_00004996,ATM_00066,2026-01-02 00:54:00,6700.13,1
W_00000159,C_00005020,ATM_00440,2026-01-01 21:04:00,60548.08,1
W_00000160,C_00005066,ATM_01124,2026-01-01 21:03:00,21460.4,1
W_00000161,C_00005106,ATM_00390,2026-01-01 19:46:00,56854.19,1
W_00000162,C_00005142,ATM_00600,2026-01-02 02:13:00,7589.35,1
W_00000163,C_00005163,ATM_00661,2026-01-02 14:46:00,8505.81,1
W_00000164,C_00005182,ATM_00223,2026-01-02 17:03:00,1427.66,1
W_00000165,C_00005214,ATM_01449,2026-01-02 09:01:00,12881.0,1
W_00000166,C_00005239,ATM_00774,2026-01-02 17:43:00,500.0,1
W_00000167,C_00005291,ATM_01308,2026-01-01 20:39:00,2621.97,1
W_00000168,C_00005296,ATM_00198,2026-01-02 15:04:00,64018.22,1
W_00000169,C_00005302,ATM_00331,2026-01-02 13:26:00,24360.13,1
W_00000170,C_00005356,ATM_00747,2026-01-02 09:22:00,21188.28,1
W_00000171,C_00005377,ATM_00496,2026-01-02 08:35:00,3954.58,1
W_00000172,C_00005400,ATM_00270,2026-01-01 12:07:00,5694.14,1
W_00000173,C_00005477,ATM_00010,2026-01-01 18:03:00,14451.54,1
W_00000174,C_00005491,ATM_01351,2026-01-01 11:10:00,3152.23,1
W_00000175,C_00005516,ATM_00067,2026-01-02 02:25:00,51099.95,1
W_00000176,C_00005554,ATM_00202,2026-01-02 07:33:00,18300.28,1
W_00000177,C_00005605,ATM_00508,2026-01-02 00:41:00,554.68,1
W_00000178,C_00005664,ATM_01222,2026-01-02 00:44:00,12493.26,1
W_00000179,C_00005743,ATM_00819,2026-01-02 14:14:00,23223.8,1
W_00000180,C_00005839,ATM_01050,2026-01-02 00:21:00,15097.86,1
W_00000181,C_00005859,ATM_00388,2026-01-02 17:56:00,31592.61,1
W_00000182,C_00005905,ATM_01133,2026-01-01 12:44:00,3007.85,1
W_00000183,C_00006040,ATM_00851,2026-01-02 08:53:00,12460.4,1
W_00000184,C_00006105,ATM_01372,2026-01-02 11:19:00,18557.9,1
W_00000185,C_00006130,ATM_01411,2026-01-02 13:42:00,2615.99,1
W_00000186,C_00006147,ATM_00322,2026-01-01 13:03:00,7582.75,1
W_00000187,C_00006157,ATM_00417,2026-01-01 18:27:00,3029.14,1
W_00000188,C_00006181,ATM_01310,2026-01-02 06:35:00,6156.61,1
W_00000189,C_00006210,ATM_00107,2026-01-02 08:17:00,23328.78,1
W_00000190,C_00006213,ATM_00871,2026-01-02 15:39:00,74067.1,1
W_00000191,C_00006236,ATM_00949,2026-01-01 15:56:00,2419.22,1
W_00000192,C_00006294,ATM_01160,2026-01-01 18:19:00,21715.6,1
W_00000193,C_00006306,ATM_00585,2026-01-02 09:40:00,1733.02,1
W_00000194,C_00006350,ATM_00062,2026-01-01 13:25:00,15317.98,1
W_00000195,C_00006371,ATM_00597,2026-01-01 21:38:00,20287.75,1
W_00000196,C_00006377,ATM_00506,2026-01-02 09:35:00,5235.07,1
W_00000197,C_00006447,ATM_00325,2026-01-02 01:33:00,11824.01,1
W_00000198,C_00006451,ATM_01195,2026-01-01 10:59:00,4857.46,1
W_00000199,C_00006477,ATM_00140,2026-01-02 04:10:00,1452.25,1
W_00000200,C_00006491,ATM_00752,2026-01-02 08:58:00,2108.99,1
W_00000201,C_00006577,ATM_00035,2026-01-02 15:15:00,1215.03,1
W_00000202,C_00006633,ATM_00459,2026-01-01 16:28:00,16032.99,1
W_00000203,C_00006667,ATM_00318,2026-01-01 21:42:00,9066.53,1
W_00000204,C_00006691,ATM_00307,2026-01-02 02:15:00,18086.82,1
W_00000205,C_00006735,ATM_00352,2026-01-02 09:01:00,20718.47,1
W_00000206,C_00006736,ATM_00327,2026-01-02 12:22:00,22802.93,1
W_00000207,C_00006765,ATM_01235,2026-01-01 22:39:00,17445.48,1
W_00000208,C_00006766,ATM_01376,2026-01-02 04:51:00,164509.08,1
W_00000209,C_00006768,ATM_01483,2026-01-01 23:24:00,5817.31,1
W_00000210,C_00006781,ATM_00326,2026-01-02 11:23:00,2279.35,1
W_00000211,C_00006790,ATM_01149,2026-01-02 09:20:00,5920.59,1
W_00000212,C_00006840,ATM_01457,2026-01-02 00:47:00,10787.94,1
W_00000213,C_00006876,ATM_00641,2026-01-02 10:48:00,3699.37,1
W_00000214,C_00006918,ATM_01351,2026-01-02 04:27:00,2122.46,1
W_00000215,C_00006934,ATM_00569,2026-01-02 03:15:00,5154.5,1
W_00000216,C_00007031,ATM_00157,2026-01-01 23:03:00,3124.35,1
W_00000217,C_00007063,ATM_00419,2026-01-02 09:24:00,2840.17,1
W_00000218,C_00007110,ATM_01410,2026-01-01 12:42:00,24823.22,1
W_00000219,C_00007135,ATM_01303,2026-01-02 09:59:00,8161.44,1
W_00000220,C_00007142,ATM_00382,2026-01-02 12:31:00,53209.65,1
W_00000221,C_00007149,ATM_00314,2026-01-01 22:04:00,12428.59,1
W_00000222,C_00007174,ATM_00006,2026-01-01 23:59:00,19412.44,1
W_00000223,C_00007185,ATM_00227,2026-01-01 23:59:00,7939.16,1
W_00000224,C_00007198,ATM_00379,2026-01-01 15:02:00,6045.8,1
W_00000225,C_00007201,ATM_00775,2026-01-01 05:21:00,21261.68,1
W_00000226,C_00007278,ATM_00401,2026-01-01 22:56:00,17922.99,1
W_00000227,C_00007291,ATM_01405,2026-01-02 03:30:00,10109.19,1
W_00000228,C_00007321,ATM_01404,2026-01-01 17:40:00,675.48,1
W_00000229,C_00007398,ATM_00012,2026-01-02 18:06:00,10510.05,1
W_00000230,C_00007400,ATM_00123,2026-01-02 00:24:00,8334.58,1
W_00000231,C_00007424,ATM_00181,2026-01-01 10:24:00,9898.42,1
W_00000232,C_00007510,ATM_00174,2026-01-01 05:15:00,7309.34,1
W_00000233,C_00007553,ATM_01239,2026-01-01 19:10:00,2575.31,1
W_00000234,C_00007570,ATM_00361,2026-01-01 18:13:00,3428.67,1
W_00000235,C_00007608,ATM_00169,2026-01-02 15:28:00,12353.63,1
W_00000236,C_00007617,ATM_00397,2026-01-02 08:04:00,25067.06,1
W_00000237,C_00007698,ATM_00938,2026-01-01 11:18:00,500.0,1
W_00000238,C_00007703,ATM_00287,2026-01-02 06:30:00,2485.08,1
W_00000239,C_00007721,ATM_00261,2026-01-02 10:24:00,8851.89,1
W_00000240,C_00007736,ATM_00362,2026-01-02 08:54:00,18687.46,1
W_00000241,C_00007768,ATM_00156,2026-01-02 11:30:00,8900.84,1
W_00000242,C_00007787,ATM_00650,2026-01-01 14:15:00,14007.42,1
W_00000243,C_00007837,ATM_00032,2026-01-02 05:38:00,3389.18,1
W_00000244,C_00007874,ATM_00759,2026-01-01 21:55:00,18929.0,1
W_00000245,C_00007929,ATM_00952,2026-01-02 08:31:00,12026.47,1
W_00000246,C_00007954,ATM_00731,2026-01-01 22:22:00,3065.7,1
W_00000247,C_00007971,ATM_00242,2026-01-01 20:41:00,3268.13,1
W_00000248,C_00007976,ATM_00907,2026-01-02 05:34:00,3210.54,1
W_00000249,C_00008007,ATM_00762,2026-01-02 11:42:00,80184.41,1
W_00000250,C_00008047,ATM_00994,2026-01-02 14:53:00,8607.35,1
W_00000251,C_00008083,ATM_00513,2026-01-01 15:24:00,14293.99,1
W_00000252,C_00008101,ATM_01345,2026-01-01 13:37:00,2229.16,1
W_00000253,C_00008102,ATM_01112,2026-01-01 17:45:00,56994.24,1
W_00000254,C_00008164,ATM_00359,2026-01-02 05:15:00,37470.8,1
W_00000255,C_00008237,ATM_00498,2026-01-01 19:37:00,61737.69,1
W_00000256,C_00008297,ATM_00975,2026-01-01 19:04:00,12091.35,1
W_00000257,C_00008316,ATM_00030,2026-01-01 19:25:00,22491.94,1
W_00000258,C_00008380,ATM_00961,2026-01-01 21:15:00,8530.25,1
W_00000259,C_00008382,ATM_00105,2026-01-02 10:33:00,11892.78,1
W_00000260,C_00008423,ATM_00578,2026-01-01 14:08:00,5810.75,1
W_00000261,C_00008544,ATM_00178,2026-01-01 20:33:00,7725.69,1
W_00000262,C_00008557,ATM_01447,2026-01-02 11:33:00,6969.07,1
W_00000263,C_00008565,ATM_00210,2026-01-02 00:11:00,14349.76,1
W_00000264,C_00008615,ATM_00270,2026-01-01 18:38:00,76716.0,1
W_00000265,C_00008639,ATM_00600,2026-01-02 03:29:00,3824.03,1
W_00000266,C_00008672,ATM_01288,2026-01-02 13:09:00,12393.02,1
W_00000267,C_00008745,ATM_00442,2026-01-02 02:32:00,26635.26,1
W_00000268,C_00008749,ATM_00603,2026-01-02 06:01:00,51077.59,1
W_00000269,C_00008769,ATM_00508,2026-01-02 03:31:00,55522.67,1
W_00000270,C_00008795,ATM_00310,2026-01-02 10:17:00,31196.19,1
W_00000271,C_00008826,ATM_00359,2026-01-02 01:53:00,16719.01,1
W_00000272,C_00008878,ATM_00374,2026-01-02 01:09:00,8993.05,1
W_00000273,C_00008978,ATM_01072,2026-01-02 03:51:00,13579.65,1
W_00000274,C_00009031,ATM_00421,2026-01-01 16:58:00,23621.29,1
W_00000275,C_00009045,ATM_01115,2026-01-02 07:34:00,64802.03,1
W_00000276,C_00009057,ATM_00201,2026-01-02 01:07:00,53243.56,1
W_00000277,C_00009067,ATM_00586,2026-01-02 00:49:00,13909.65,1
W_00000278,C_00009130,ATM_01268,2026-01-02 06:16:00,5259.79,1
W_00000279,C_00009146,ATM_01290,2026-01-02 07:01:00,5007.14,1
W_00000280,C_00009193,ATM_01411,2026-01-02 12:09:00,12990.35,1
W_00000281,C_00009195,ATM_00081,2026-01-01 16:58:00,3134.59,1
W_00000282,C_00009284,ATM_01264,2026-01-01 11:22:00,1526.42,1
W_00000283,C_00009290,ATM_00801,2026-01-01 20:04:00,17907.59,1
W_00000284,C_00009299,ATM_00645,2026-01-01 22:52:00,4951.04,1
W_00000285,C_00009382,ATM_01335,2026-01-02 02:17:00,4768.86,1
W_00000286,C_00009405,ATM_00244,2026-01-01 19:55:00,9156.78,1
W_00000287,C_00009471,ATM_01281,2026-01-02 09:46:00,3922.45,1
W_00000288,C_00009490,ATM_01096,2026-01-02 00:22:00,44139.02,1
W_00000289,C_00009547,ATM_00711,2026-01-01 07:51:00,17072.69,1
W_00000290,C_00009556,ATM_00874,2026-01-02 06:16:00,19904.91,1
W_00000291,C_00009621,ATM_00298,2026-01-02 09:05:00,11016.31,1
W_00000292,C_00009636,ATM_00330,2026-01-02 07:55:00,8209.88,1
W_00000293,C_00009751,ATM_00694,2026-01-01 08:06:00,3295.92,1
W_00000294,C_00009754,ATM_01336,2026-01-02 08:30:00,6595.77,1
W_00000295,C_00009760,ATM_01136,2026-01-02 18:10:00,101001.91,1
W_00000296,C_00009775,ATM_00634,2026-01-02 03:30:00,68414.12,1
W_00000297,C_00009788,ATM_00182,2026-01-02 10:39:00,79714.37,1
W_00000298,C_00009855,ATM_00986,2026-01-02 16:12:00,4477.64,1
W_00000299,C_00009861,ATM_00735,2026-01-01 13:22:00,4722.39,1
W_00000300,C_00009885,ATM_01046,2026-01-01 23:56:00,15712.6,1
W_00000301,C_00009919,ATM_00103,2026-01-01 11:07:00,11717.69,1
W_00000302,C_00009922,ATM_00819,2026-01-01 15:30:00,23699.03,1
W_00000303,C_00009954,ATM_00225,2026-01-02 01:39:00,15676.65,1
W_00000304,C_00010080,ATM_00400,2026-01-03 02:49:00,11660.57,1
W_00000305,C_00010157,ATM_01067,2026-01-03 04:54:00,9013.45,1
W_00000306,C_00010236,ATM_01054,2026-01-02 21:33:00,9189.39,1
W_00000307,C_00010250,ATM_01118,2026-01-03 05:20:00,8576.68,1
W_00000308,C_00010251,ATM_00637,2026-01-02 18:38:00,14703.35,1
W_00000309,C_00010301,ATM_00284,2026-01-02 12:52:00,11870.47,1
W_00000310,C_00010365,ATM_01175,2026-01-02 19:20:00,4048.92,1
W_00000311,C_00010369,ATM_00495,2026-01-03 10:12:00,34837.01,1
W_00000312,C_00010375,ATM_01486,2026-01-03 08:21:00,20201.18,1
W_00000313,C_00010433,ATM_00205,2026-01-02 12:25:00,21311.44,1
W_00000314,C_00010464,ATM_00709,2026-01-03 10:04:00,4741.98,1
W_00000315,C_00010475,ATM_01140,2026-01-03 06:10:00,13844.63,1
W_00000316,C_00010524,ATM_01163,2026-01-02 09:19:00,9364.14,1
W_00000317,C_00010527,ATM_01492,2026-01-03 07:31:00,9545.51,1
W_00000318,C_00010555,ATM_00018,2026-01-02 09:15:00,12751.11,1
W_00000319,C_00010558,ATM_00275,2026-01-02 14:54:00,75045.94,1
W_00000320,C_00010590,ATM_00730,2026-01-03 02:40:00,50623.71,1
W_00000321,C_00010602,ATM_00430,2026-01-03 17:23:00,2054.19,1
W_00000322,C_00010629,ATM_01435,2026-01-02 19:34:00,16043.22,1
W_00000323,C_00010644,ATM_01091,2026-01-03 00:45:00,12434.83,1
W_00000324,C_00010649,ATM_00291,2026-01-03 03:34:00,13844.39,1
W_00000325,C_00010686,ATM_01245,2026-01-02 18:10:00,2465.9,1
W_00000326,C_00010730,ATM_01312,2026-01-03 11:35:00,10502.69,1
W_00000327,C_00010748,ATM_00137,2026-01-03 11:43:00,14913.55,1
W_00000328,C_00010820,ATM_00132,2026-01-03 11:45:00,5682.71,1
W_00000329,C_00010850,ATM_00393,2026-01-03 07:24:00,15849.65,1
W_00000330,C_00010855,ATM_00320,2026-01-03 07:56:00,21575.14,1
W_00000331,C_00010921,ATM_01490,2026-01-03 12:07:00,23806.13,1
W_00000332,C_00010922,ATM_01127,2026-01-03 10:08:00,30528.61,1
W_00000333,C_00010938,ATM_00369,2026-01-03 08:13:00,684.09,1
W_00000334,C_00010968,ATM_00541,2026-01-03 09:36:00,4919.57,1
W_00000335,C_00010986,ATM_00884,2026-01-02 13:47:00,3705.61,1
W_00000336,C_00011031,ATM_01462,2026-01-03 01:07:00,8819.04,1
W_00000337,C_00011072,ATM_00171,2026-01-03 03:31:00,5450.57,1
W_00000338,C_00011089,ATM_00738,2026-01-02 23:43:00,2944.06,1
W_00000339,C_00011126,ATM_00789,2026-01-03 00:27:00,16055.66,1
W_00000340,C_00011139,ATM_00188,2026-01-02 19:11:00,962.78,1
W_00000341,C_00011196,ATM_01438,2026-01-02 23:12:00,12327.1,1
W_00000342,C_00011261,ATM_00880,2026-01-03 08:16:00,10012.27,1
W_00000343,C_00011282,ATM_00265,2026-01-02 08:47:00,1515.87,1
W_00000344,C_00011289,ATM_00129,2026-01-02 19:15:00,4763.68,1
W_00000345,C_00011417,ATM_01345,2026-01-03 01:29:00,4924.72,1
W_00000346,C_00011446,ATM_00952,2026-01-02 23:17:00,3139.8,1
W_00000347,C_00011461,ATM_00837,2026-01-03 06:22:00,92376.55,1
W_00000348,C_00011495,ATM_01205,2026-01-03 02:41:00,8387.67,1
W_00000349,C_00011585,ATM_00071,2026-01-03 05:29:00,119416.82,1
W_00000350,C_00011591,ATM_00939,2026-01-03 04:58:00,32270.56,1
W_00000351,C_00011601,ATM_01247,2026-01-02 16:19:00,21805.44,1
W_00000352,C_00011610,ATM_01235,2026-01-03 11:43:00,2402.5,1
W_00000353,C_00011627,ATM_00163,2026-01-03 05:46:00,7852.22,1
W_00000354,C_00011704,ATM_00164,2026-01-03 11:15:00,35583.4,1
W_00000355,C_00011747,ATM_01023,2026-01-02 11:25:00,9408.29,1
W_00000356,C_00011820,ATM_00941,2026-01-03 13:47:00,5063.01,1
W_00000357,C_00011838,ATM_01037,2026-01-03 07:00:00,16074.27,1
W_00000358,C_00011914,ATM_01051,2026-01-03 11:36:00,1548.96,1
W_00000359,C_00011985,ATM_00888,2026-01-03 16:32:00,2418.87,1
W_00000360,C_00012045,ATM_00671,2026-01-03 18:39:00,58468.19,1
W_00000361,C_00012049,ATM_01197,2026-01-02 21:01:00,8548.22,1
W_00000362,C_00012071,ATM_00417,2026-01-03 00:05:00,17177.7,1
W_00000363,C_00012104,ATM_01035,2026-01-02 14:02:00,7058.93,1
W_00000364,C_00012113,ATM_00684,2026-01-03 03:15:00,1243.49,1
W_00000365,C_00012135,ATM_01229,2026-01-02 19:35:00,9634.07,1
W_00000366,C_00012138,ATM_00992,2026-01-02 23:26:00,11284.69,1
W_00000367,C_00012145,ATM_00325,2026-01-03 10:53:00,3922.55,1
W_00000368,C_00012167,ATM_00220,2026-01-02 15:15:00,2696.89,1
W_00000369,C_00012201,ATM_00220,2026-01-02 19:43:00,7248.13,1
W_00000370,C_00012233,ATM_00031,2026-01-03 11:57:00,18492.76,1
W_00000371,C_00012267,ATM_00544,2026-01-03 09:13:00,2524.66,1
W_00000372,C_00012386,ATM_00455,2026-01-02 10:43:00,32013.35,1
W_00000373,C_00012444,ATM_00738,2026-01-03 06:22:00,2663.3,1
W_00000374,C_00012503,ATM_00835,2026-01-03 03:41:00,4888.81,1
W_00000375,C_00012504,ATM_01295,2026-01-02 16:45:00,14175.53,1
W_00000376,C_00012546,ATM_00540,2026-01-03 04:06:00,11106.4,1
W_00000377,C_00012547,ATM_00656,2026-01-03 04:10:00,3953.81,1
W_00000378,C_00012564,ATM_00182,2026-01-03 08:58:00,10992.24,1
W_00000379,C_00012594,ATM_00623,2026-01-02 23:17:00,39410.14,1
W_00000380,C_00012603,ATM_01172,2026-01-03 05:38:00,93179.77,1
W_00000381,C_00012665,ATM_00098,2026-01-02 15:21:00,69481.25,1
W_00000382,C_00012672,ATM_00263,2026-01-03 04:08:00,100037.56,1
W_00000383,C_00012743,ATM_01126,2026-01-02 17:14:00,4688.62,1
W_00000384,C_00012796,ATM_01107,2026-01-02 23:13:00,1674.5,1
W_00000385,C_00012804,ATM_00685,2026-01-02 21:16:00,8743.85,1
W_00000386,C_00012892,ATM_00582,2026-01-02 20:41:00,8691.6,1
W_00000387,C_00012913,ATM_00234,2026-01-03 12:37:00,7540.91,1
W_00000388,C_00012976,ATM_00082,2026-01-03 06:23:00,3216.8,1
W_00000389,C_00012988,ATM_01487,2026-01-02 21:47:00,3335.77,1
W_00000390,C_00013003,ATM_01120,2026-01-02 09:38:00,4333.56,1
W_00000391,C_00013007,ATM_00526,2026-01-03 01:38:00,7168.66,1
W_00000392,C_00013015,ATM_01007,2026-01-02 14:53:00,1824.15,1
W_00000393,C_00013038,ATM_01352,2026-01-03 01:44:00,81743.98,1
W_00000394,C_00013075,ATM_00766,2026-01-03 04:35:00,4356.77,1
W_00000395,C_00013118,ATM_01454,2026-01-03 06:55:00,16757.19,1
W_00000396,C_00013129,ATM_01266,2026-01-02 21:54:00,4285.33,1
W_00000397,C_00013138,ATM_00534,2026-01-02 23:17:00,45383.32,1
W_00000398,C_00013173,ATM_00763,2026-01-03 11:27:00,54653.07,1
W_00000399,C_00013232,ATM_00722,2026-01-02 12:50:00,12328.89,1
W_00000400,C_00013295,ATM_01076,2026-01-03 12:31:00,7412.05,1
W_00000401,C_00013377,ATM_00755,2026-01-03 07:41:00,5597.07,1
W_00000402,C_00013395,ATM_00448,2026-01-03 11:04:00,42211.55,1
W_00000403,C_00013448,ATM_00393,2026-01-03 14:13:00,8462.02,1
W_00000404,C_00013487,ATM_00954,2026-01-03 10:15:00,35607.37,1
W_00000405,C_00013495,ATM_00710,2026-01-03 00:00:00,11904.38,1
W_00000406,C_00013505,ATM_00451,2026-01-03 13:07:00,4754.66,1
W_00000407,C_00013515,ATM_00882,2026-01-03 10:04:00,57313.45,1
W_00000408,C_00013552,ATM_00671,2026-01-03 01:48:00,9133.47,1
W_00000409,C_00013586,ATM_00406,2026-01-03 04:54:00,60954.09,1
W_00000410,C_00013627,ATM_00211,2026-01-02 16:12:00,12606.03,1
W_00000411,C_00013665,ATM_00399,2026-01-02 22:00:00,4576.94,1
W_00000412,C_00013686,ATM_00601,2026-01-03 04:27:00,25583.56,1
W_00000413,C_00013736,ATM_00780,2026-01-02 18:07:00,7102.25,1
W_00000414,C_00013752,ATM_00978,2026-01-02 23:41:00,30138.88,1
W_00000415,C_00013760,ATM_00207,2026-01-03 19:01:00,4160.32,1
W_00000416,C_00013769,ATM_00114,2026-01-03 08:22:00,2296.86,1
W_00000417,C_00013794,ATM_00216,2026-01-02 19:53:00,2213.25,1
W_00000418,C_00013931,ATM_00825,2026-01-03 14:18:00,19694.12,1
W_00000419,C_00013932,ATM_00276,2026-01-02 11:12:00,2387.09,1
W_00000420,C_00013957,ATM_01006,2026-01-03 00:34:00,33595.56,1
W_00000421,C_00013965,ATM_00204,2026-01-03 02:27:00,34481.0,1
W_00000422,C_00014054,ATM_01208,2026-01-03 18:24:00,932.63,1
W_00000423,C_00014063,ATM_01415,2026-01-02 14:02:00,3361.03,1
W_00000424,C_00014084,ATM_00635,2026-01-02 09:33:00,10869.8,1
W_00000425,C_00014214,ATM_00112,2026-01-02 14:49:00,3439.24,1
W_00000426,C_00014244,ATM_00402,2026-01-03 08:33:00,1324.16,1
W_00000427,C_00014333,ATM_00844,2026-01-02 12:03:00,25808.44,1
W_00000428,C_00014397,ATM_00844,2026-01-03 07:48:00,2669.34,1
W_00000429,C_00014415,ATM_01375,2026-01-03 03:27:00,7265.28,1
W_00000430,C_00014442,ATM_00787,2026-01-03 05:54:00,2977.56,1
W_00000431,C_00014467,ATM_00251,2026-01-02 14:49:00,10765.22,1
W_00000432,C_00014524,ATM_01488,2026-01-02 20:18:00,4671.68,1
W_00000433,C_00014525,ATM_01144,2026-01-03 14:28:00,2239.84,1
W_00000434,C_00014576,ATM_01286,2026-01-03 06:28:00,732.78,1
W_00000435,C_00014591,ATM_01158,2026-01-03 06:04:00,7116.25,1
W_00000436,C_00014614,ATM_01047,2026-01-03 20:06:00,33635.3,1
W_00000437,C_00014616,ATM_01181,2026-01-03 09:07:00,4200.87,1
W_00000438,C_00014729,ATM_01126,2026-01-03 19:28:00,7972.8,1
W_00000439,C_00014761,ATM_00551,2026-01-03 06:29:00,9888.45,1
W_00000440,C_00014776,ATM_01184,2026-01-03 01:39:00,31959.91,1
W_00000441,C_00014859,ATM_00811,2026-01-02 19:16:00,8224.86,1
W_00000442,C_00014905,ATM_00640,2026-01-03 19:03:00,16440.36,1
W_00000443,C_00014934,ATM_00521,2026-01-03 03:07:00,13740.36,1
W_00000444,C_00014968,ATM_01282,2026-01-03 18:02:00,13677.44,1
W_00000445,C_00014983,ATM_00304,2026-01-02 19:14:00,2557.49,1
W_00000446,C_00015021,ATM_01046,2026-01-02 17:49:00,27673.53,1
W_00000447,C_00015054,ATM_01280,2026-01-02 15:29:00,59664.39,1
W_00000448,C_00015061,ATM_00209,2026-01-03 16:47:00,47972.52,1
W_00000449,C_00015102,ATM_00968,2026-01-03 15:14:00,27362.28,1
W_00000450,C_00015173,ATM_00823,2026-01-02 18:58:00,9839.32,1
W_00000451,C_00015200,ATM_00231,2026-01-03 02:27:00,17417.46,1
W_00000452,C_00015226,ATM_01161,2026-01-03 07:49:00,7974.36,1
W_00000453,C_00015247,ATM_01404,2026-01-03 06:38:00,1687.39,1
W_00000454,C_00015268,ATM_00941,2026-01-03 14:12:00,2818.72,1
W_00000455,C_00015326,ATM_00125,2026-01-03 06:54:00,15237.67,1
W_00000456,C_00015330,ATM_00342,2026-01-03 06:52:00,17932.27,1
W_00000457,C_00015332,ATM_01283,2026-01-03 00:25:00,4592.92,1
W_00000458,C_00015376,ATM_00351,2026-01-02 21:08:00,26896.85,1
W_00000459,C_00015377,ATM_00658,2026-01-02 21:45:00,27393.65,1
W_00000460,C_00015402,ATM_00342,2026-01-03 02:25:00,31398.43,1
W_00000461,C_00015410,ATM_00509,2026-01-02 15:05:00,4370.85,1
W_00000462,C_00015434,ATM_01283,2026-01-03 11:01:00,3552.66,1
W_00000463,C_00015456,ATM_00228,2026-01-02 23:51:00,8714.17,1
W_00000464,C_00015478,ATM_00357,2026-01-03 04:42:00,20096.44,1
W_00000465,C_00015514,ATM_00225,2026-01-03 02:16:00,33273.59,1
W_00000466,C_00015527,ATM_00474,2026-01-03 04:13:00,1135.87,1
W_00000467,C_00015579,ATM_00357,2026-01-03 11:29:00,15388.58,1
W_00000468,C_00015684,ATM_01324,2026-01-03 09:52:00,5113.13,1
W_00000469,C_00015716,ATM_01135,2026-01-03 04:45:00,16455.36,1
W_00000470,C_00015725,ATM_00718,2026-01-02 19:51:00,19354.23,1
W_00000471,C_00015762,ATM_01115,2026-01-03 08:51:00,1755.37,1
W_00000472,C_00015784,ATM_00744,2026-01-03 06:45:00,1165.73,1
W_00000473,C_00015807,ATM_00449,2026-01-03 17:22:00,17105.94,1
W_00000474,C_00015816,ATM_00276,2026-01-03 08:43:00,5215.29,1
W_00000475,C_00015900,ATM_00298,2026-01-02 21:20:00,51721.51,1
W_00000476,C_00015920,ATM_00580,2026-01-02 22:51:00,19077.12,1
W_00000477,C_00015933,ATM_01120,2026-01-03 15:26:00,15811.9,1
W_00000478,C_00015935,ATM_00952,2026-01-03 03:13:00,27053.09,1
W_00000479,C_00015939,ATM_01342,2026-01-02 22:24:00,41121.02,1
W_00000480,C_00015970,ATM_00395,2026-01-03 17:38:00,1386.63,1
W_00000481,C_00015985,ATM_00663,2026-01-03 13:29:00,2161.28,1
W_00000482,C_00016036,ATM_01231,2026-01-03 10:03:00,39253.75,1
W_00000483,C_00016042,ATM_01380,2026-01-02 14:54:00,13281.31,1
W_00000484,C_00016151,ATM_00416,2026-01-03 09:30:00,1704.1,1
W_00000485,C_00016158,ATM_00465,2026-01-02 17:36:00,4628.23,1
W_00000486,C_00016196,ATM_00359,2026-01-03 05:42:00,10004.05,1
W_00000487,C_00016197,ATM_01280,2026-01-02 15:34:00,2347.79,1
W_00000488,C_00016285,ATM_01150,2026-01-03 09:23:00,8294.68,1
W_00000489,C_00016401,ATM_01220,2026-01-02 10:16:00,500.0,1
W_00000490,C_00016413,ATM_00882,2026-01-02 12:06:00,11102.71,1
W_00000491,C_00016414,ATM_01227,2026-01-03 10:22:00,18505.42,1
W_00000492,C_00016456,ATM_00871,2026-01-03 01:39:00,7934.14,1
W_00000493,C_00016529,ATM_01196,2026-01-03 08:38:00,4561.27,1
W_00000494,C_00016533,ATM_00291,2026-01-02 23:52:00,7862.63,1
W_00000495,C_00016553,ATM_00905,2026-01-03 02:18:00,13991.95,1
W_00000496,C_00016580,ATM_00014,2026-01-03 02:56:00,500.0,1
W_00000497,C_00016692,ATM_00435,2026-01-03 01:19:00,11796.92,1
W_00000498,C_00016773,ATM_01300,2026-01-02 09:31:00,20317.88,1
W_00000499,C_00016864,ATM_00202,2026-01-03 21:41:00,10262.96,1
W_00000500,C_00016916,ATM_01132,2026-01-02 12:42:00,97250.2,1
W_00000501,C_00016928,ATM_01419,2026-01-03 01:49:00,2293.76,1
W_00000502,C_00016939,ATM_00130,2026-01-03 17:30:00,6642.53,1
W_00000503,C_00016945,ATM_00536,2026-01-02 22:49:00,2419.5,1
W_00000504,C_00016978,ATM_01009,2026-01-02 19:01:00,44708.3,1
W_00000505,C_00017007,ATM_01388,2026-01-03 01:02:00,19824.56,1
W_00000506,C_00017015,ATM_00108,2026-01-03 03:00:00,9871.89,1
W_00000507,C_00017022,ATM_00045,2026-01-03 05:31:00,16554.29,1
W_00000508,C_00017072,ATM_00250,2026-01-03 17:25:00,11424.22,1
W_00000509,C_00017111,ATM_01302,2026-01-03 03:29:00,37952.47,1
W_00000510,C_00017113,ATM_01320,2026-01-02 23:53:00,10781.93,1
W_00000511,C_00017127,ATM_00402,2026-01-03 17:03:00,17456.08,1
W_00000512,C_00017134,ATM_00196,2026-01-02 23:00:00,978.74,1
W_00000513,C_00017164,ATM_00025,2026-01-02 21:50:00,3256.64,1
W_00000514,C_00017167,ATM_01460,2026-01-02 19:28:00,1244.59,1
W_00000515,C_00017195,ATM_01306,2026-01-02 17:37:00,1683.11,1
W_00000516,C_00017196,ATM_01200,2026-01-03 10:04:00,39334.14,1
W_00000517,C_00017224,ATM_00121,2026-01-03 04:36:00,1492.57,1
W_00000518,C_00017225,ATM_01434,2026-01-03 15:50:00,21376.27,1
W_00000519,C_00017242,ATM_00096,2026-01-03 13:37:00,1366.04,1
W_00000520,C_00017310,ATM_00399,2026-01-03 12:10:00,14684.81,1
W_00000521,C_00017323,ATM_00944,2026-01-02 10:30:00,14521.38,1
W_00000522,C_00017324,ATM_00288,2026-01-03 10:29:00,5466.86,1
W_00000523,C_00017355,ATM_00052,2026-01-03 00:26:00,3652.45,1
W_00000524,C_00017360,ATM_00101,2026-01-02 23:17:00,2336.54,1
W_00000525,C_00017396,ATM_00387,2026-01-03 15:18:00,4276.85,1
W_00000526,C_00017423,ATM_00879,2026-01-02 17:59:00,9724.09,1
W_00000527,C_00017472,ATM_01297,2026-01-02 11:41:00,3124.91,1
W_00000528,C_00017490,ATM_00962,2026-01-03 13:12:00,8728.59,1
W_00000529,C_00017583,ATM_00031,2026-01-03 17:49:00,5393.73,1
W_00000530,C_00017592,ATM_00332,2026-01-03 00:06:00,51516.03,1
W_00000531,C_00017667,ATM_00315,2026-01-03 06:09:00,5549.46,1
W_00000532,C_00017671,ATM_00637,2026-01-03 10:15:00,2847.82,1
W_00000533,C_00017764,ATM_00402,2026-01-02 18:56:00,1869.54,1
W_00000534,C_00017813,ATM_00895,2026-01-03 07:51:00,562.97,1
W_00000535,C_00017816,ATM_00322,2026-01-03 14:51:00,6608.05,1
W_00000536,C_00017842,ATM_00022,2026-01-03 03:40:00,24664.45,1
W_00000537,C_00017848,ATM_00525,2026-01-03 11:18:00,4631.9,1
W_00000538,C_00017849,ATM_00465,2026-01-02 14:22:00,6197.4,1
W_00000539,C_00017883,ATM_00514,2026-01-03 05:59:00,4935.45,1
W_00000540,C_00017942,ATM_01229,2026-01-03 20:34:00,3607.76,1
W_00000541,C_00017944,ATM_00914,2026-01-03 19:37:00,14857.37,1
W_00000542,C_00017994,ATM_01417,2026-01-03 01:57:00,2624.0,1
W_00000543,C_00017998,ATM_01368,2026-01-03 03:26:00,11058.47,1
W_00000544,C_00018003,ATM_00184,2026-01-03 02:36:00,2654.72,1
W_00000545,C_00018019,ATM_01127,2026-01-03 00:52:00,11257.3,1
W_00000546,C_00018043,ATM_00688,2026-01-03 12:53:00,4405.81,1
W_00000547,C_00018054,ATM_00804,2026-01-03 07:52:00,43015.76,1
W_00000548,C_00018106,ATM_01181,2026-01-03 11:42:00,2287.16,1
W_00000549,C_00018125,ATM_00522,2026-01-03 04:01:00,81722.21,1
W_00000550,C_00018206,ATM_00912,2026-01-03 07:58:00,2690.29,1
W_00000551,C_00018330,ATM_00472,2026-01-03 09:00:00,524.57,1
W_00000552,C_00018349,ATM_00006,2026-01-03 18:29:00,68612.59,1
W_00000553,C_00018671,ATM_00274,2026-01-03 00:43:00,6417.13,1
W_00000554,C_00018676,ATM_01289,2026-01-03 17:33:00,17442.45,1
W_00000555,C_00018691,ATM_00529,2026-01-03 06:10:00,6697.16,1
W_00000556,C_00018728,ATM_00783,2026-01-02 16:14:00,7751.26,1
W_00000557,C_00018730,ATM_01314,2026-01-02 22:49:00,13537.52,1
W_00000558,C_00018780,ATM_01085,2026-01-02 19:35:00,5514.55,1
W_00000559,C_00018823,ATM_01250,2026-01-02 11:01:00,4032.5,1
W_00000560,C_00018865,ATM_00532,2026-01-02 15:14:00,5198.6,1
W_00000561,C_00018931,ATM_00806,2026-01-02 15:30:00,2047.9,1
W_00000562,C_00018933,ATM_00722,2026-01-03 05:25:00,7663.1,1
W_00000563,C_00018978,ATM_00958,2026-01-02 21:03:00,873.06,1
W_00000564,C_00019044,ATM_01436,2026-01-02 20:14:00,1538.4,1
W_00000565,C_00019061,ATM_01203,2026-01-02 20:30:00,42850.04,1
W_00000566,C_00019080,ATM_01172,2026-01-03 13:39:00,10541.75,1
W_00000567,C_00019087,ATM_01129,2026-01-02 18:32:00,57604.38,1
W_00000568,C_00019117,ATM_00914,2026-01-03 07:19:00,19055.12,1
W_00000569,C_00019135,ATM_01002,2026-01-02 20:37:00,2050.01,1
W_00000570,C_00019163,ATM_00707,2026-01-03 12:10:00,6797.36,1
W_00000571,C_00019172,ATM_00722,2026-01-03 18:58:00,9840.15,1
W_00000572,C_00019192,ATM_00109,2026-01-03 01:11:00,3462.8,1
W_00000573,C_00019208,ATM_00957,2026-01-03 01:39:00,119674.16,1
W_00000574,C_00019214,ATM_00562,2026-01-02 16:33:00,11858.56,1
W_00000575,C_00019221,ATM_00646,2026-01-02 23:28:00,5471.88,1
W_00000576,C_00019225,ATM_00112,2026-01-03 12:44:00,17903.62,1
W_00000577,C_00019380,ATM_00317,2026-01-03 06:51:00,3138.93,1
W_00000578,C_00019393,ATM_00833,2026-01-02 14:49:00,7239.16,1
W_00000579,C_00019398,ATM_00349,2026-01-02 12:44:00,8613.66,1
W_00000580,C_00019437,ATM_00499,2026-01-03 02:16:00,4129.1,1
W_00000581,C_00019470,ATM_00841,2026-01-03 11:11:00,2625.62,1
W_00000582,C_00019590,ATM_00512,2026-01-03 12:18:00,31042.95,1
W_00000583,C_00019614,ATM_01031,2026-01-02 09:47:00,61716.64,1
W_00000584,C_00019732,ATM_00431,2026-01-03 00:44:00,1157.0,1
W_00000585,C_00019748,ATM_01130,2026-01-03 13:30:00,12305.53,1
W_00000586,C_00019764,ATM_01110,2026-01-02 11:37:00,18409.31,1
W_00000587,C_00019780,ATM_01289,2026-01-02 12:30:00,20113.23,1
W_00000588,C_00019811,ATM_01202,2026-01-02 12:33:00,121467.63,1
W_00000589,C_00019844,ATM_00771,2026-01-03 06:40:00,25329.47,1
W_00000590,C_00019852,ATM_01051,2026-01-02 13:10:00,10311.97,1
W_00000591,C_00019925,ATM_00730,2026-01-02 22:15:00,33965.97,1
W_00000592,C_00019933,ATM_01367,2026-01-03 16:21:00,9778.03,1
W_00000593,C_00019950,ATM_01424,2026-01-02 21:52:00,1268.43,1
W_00000594,C_00019953,ATM_01114,2026-01-03 21:28:00,8203.72,1
W_00000595,C_00019955,ATM_00373,2026-01-03 08:14:00,13708.93,1
W_00000596,C_00019956,ATM_00409,2026-01-03 10:07:00,5673.58,1
W_00000597,C_00020013,ATM_01016,2026-01-04 07:55:00,2221.78,1
W_00000598,C_00020089,ATM_01244,2026-01-03 18:35:00,776.92,1
W_00000599,C_00020099,ATM_00274,2026-01-03 21:01:00,3733.14,1
W_00000600,C_00020125,ATM_00923,2026-01-04 04:02:00,36595.31,1
W_00000601,C_00020241,ATM_00258,2026-01-04 05:02:00,40971.76,1
W_00000602,C_00020253,ATM_00826,2026-01-04 10:18:00,24447.6,1
W_00000603,C_00020280,ATM_00031,2026-01-03 20:33:00,4394.72,1
W_00000604,C_00020299,ATM_00962,2026-01-04 12:48:00,32229.78,1
W_00000605,C_00020329,ATM_00058,2026-01-03 23:31:00,10526.15,1
W_00000606,C_00020346,ATM_01243,2026-01-04 04:20:00,9745.02,1
W_00000607,C_00020390,ATM_01317,2026-01-03 15:35:00,10169.66,1
W_00000608,C_00020399,ATM_00170,2026-01-04 07:14:00,2589.81,1
W_00000609,C_00020432,ATM_00768,2026-01-03 17:27:00,13404.08,1
W_00000610,C_00020484,ATM_00624,2026-01-03 11:58:00,7160.74,1
W_00000611,C_00020517,ATM_00160,2026-01-04 07:05:00,13412.93,1
W_00000612,C_00020548,ATM_00418,2026-01-03 15:32:00,28525.34,1
W_00000613,C_00020562,ATM_00137,2026-01-04 09:54:00,4363.64,1
W_00000614,C_00020567,ATM_00009,2026-01-04 15:32:00,60883.59,1
W_00000615,C_00020573,ATM_00205,2026-01-03 20:50:00,19996.69,1
W_00000616,C_00020636,ATM_01201,2026-01-03 18:18:00,16512.07,1
W_00000617,C_00020663,ATM_00214,2026-01-03 23:29:00,5287.88,1
W_00000618,C_00020705,ATM_01035,2026-01-03 19:36:00,1898.65,1
W_00000619,C_00020711,ATM_00170,2026-01-04 06:39:00,16130.26,1
W_00000620,C_00020756,ATM_00774,2026-01-04 14:06:00,73907.69,1
W_00000621,C_00020763,ATM_00462,2026-01-03 15:58:00,23637.95,1
W_00000622,C_00020768,ATM_00192,2026-01-04 07:54:00,7333.81,1
W_00000623,C_00020774,ATM_00259,2026-01-03 13:58:00,2101.68,1
W_00000624,C_00020819,ATM_01189,2026-01-04 04:54:00,6630.91,1
W_00000625,C_00020865,ATM_00380,2026-01-03 13:17:00,6551.79,1
W_00000626,C_00020883,ATM_00819,2026-01-04 08:07:00,28619.21,1
W_00000627,C_00020903,ATM_00223,2026-01-04 08:12:00,4514.74,1
W_00000628,C_00020917,ATM_00949,2026-01-03 23:12:00,7462.63,1
W_00000629,C_00020933,ATM_00972,2026-01-04 10:23:00,7096.71,1
W_00000630,C_00020938,ATM_01262,2026-01-03 21:40:00,8480.24,1
W_00000631,C_00021031,ATM_00887,2026-01-04 02:19:00,3400.75,1
W_00000632,C_00021046,ATM_00916,2026-01-03 13:05:00,22735.07,1
W_00000633,C_00021071,ATM_00035,2026-01-04 15:54:00,7055.19,1
W_00000634,C_00021121,ATM_01423,2026-01-04 07:03:00,1102.19,1
W_00000635,C_00021128,ATM_00357,2026-01-04 06:04:00,10195.54,1
W_00000636,C_00021175,ATM_01167,2026-01-03 13:34:00,9214.31,1
W_00000637,C_00021219,ATM_00039,2026-01-03 19:41:00,21345.48,1
W_00000638,C_00021253,ATM_01046,2026-01-03 11:10:00,4420.72,1
W_00000639,C_00021288,ATM_00110,2026-01-04 20:56:00,1469.02,1
W_00000640,C_00021323,ATM_01032,2026-01-03 19:36:00,46504.34,1
W_00000641,C_00021342,ATM_00156,2026-01-04 02:20:00,3398.96,1
W_00000642,C_00021360,ATM_00664,2026-01-03 19:00:00,4823.53,1
W_00000643,C_00021396,ATM_00670,2026-01-03 14:14:00,5894.22,1
W_00000644,C_00021420,ATM_00448,2026-01-04 10:40:00,9888.14,1
W_00000645,C_00021469,ATM_00494,2026-01-03 19:26:00,2036.0,1
W_00000646,C_00021477,ATM_00951,2026-01-04 08:20:00,9896.94,1
W_00000647,C_00021511,ATM_00449,2026-01-03 16:25:00,28502.78,1
W_00000648,C_00021574,ATM_01414,2026-01-04 19:27:00,50628.65,1
W_00000649,C_00021602,ATM_00610,2026-01-04 00:43:00,5397.42,1
W_00000650,C_00021648,ATM_00661,2026-01-03 14:54:00,32184.2,1
W_00000651,C_00021674,ATM_00746,2026-01-04 08:38:00,23244.92,1
W_00000652,C_00021688,ATM_00225,2026-01-03 15:55:00,16464.97,1
W_00000653,C_00021701,ATM_00914,2026-01-03 10:17:00,26330.78,1
W_00000654,C_00021702,ATM_00502,2026-01-04 21:24:00,3921.4,1
W_00000655,C_00021725,ATM_01291,2026-01-04 05:29:00,3417.92,1
W_00000656,C_00021728,ATM_01031,2026-01-04 05:53:00,2607.91,1
W_00000657,C_00021745,ATM_00299,2026-01-03 12:50:00,16480.24,1
W_00000658,C_00021768,ATM_00390,2026-01-04 09:59:00,21360.21,1
W_00000659,C_00021832,ATM_01272,2026-01-03 18:35:00,1151.66,1
W_00000660,C_00021852,ATM_00713,2026-01-04 09:24:00,20877.61,1
W_00000661,C_00021869,ATM_00967,2026-01-04 21:09:00,2896.69,1
W_00000662,C_00021871,ATM_00631,2026-01-03 15:30:00,661.71,1
W_00000663,C_00021894,ATM_00543,2026-01-03 21:56:00,2290.63,1
W_00000664,C_00021948,ATM_01122,2026-01-03 15:39:00,21944.73,1
W_00000665,C_00022027,ATM_01089,2026-01-04 17:19:00,26895.95,1
W_00000666,C_00022033,ATM_00283,2026-01-03 21:55:00,8851.67,1
W_00000667,C_00022044,ATM_00957,2026-01-03 22:41:00,16296.83,1
W_00000668,C_00022050,ATM_00183,2026-01-04 07:51:00,8372.22,1
W_00000669,C_00022069,ATM_00968,2026-01-04 03:59:00,29171.51,1
W_00000670,C_00022244,ATM_01439,2026-01-04 08:12:00,9438.06,1
W_00000671,C_00022315,ATM_01139,2026-01-04 02:41:00,4644.98,1
W_00000672,C_00022332,ATM_00411,2026-01-04 00:12:00,39669.76,1
W_00000673,C_00022336,ATM_00042,2026-01-04 16:39:00,18201.23,1
W_00000674,C_00022346,ATM_00444,2026-01-04 17:04:00,13068.03,1
W_00000675,C_00022381,ATM_00372,2026-01-04 04:52:00,45998.84,1
W_00000676,C_00022439,ATM_01212,2026-01-04 07:07:00,2126.55,1
W_00000677,C_00022451,ATM_00709,2026-01-04 05:23:00,4813.06,1
W_00000678,C_00022497,ATM_00156,2026-01-04 01:16:00,11389.14,1
W_00000679,C_00022499,ATM_01387,2026-01-04 11:49:00,15364.88,1
W_00000680,C_00022541,ATM_01383,2026-01-03 18:05:00,23724.87,1
W_00000681,C_00022564,ATM_00717,2026-01-03 23:30:00,1814.44,1
W_00000682,C_00022575,ATM_01107,2026-01-03 19:52:00,77343.72,1
W_00000683,C_00022599,ATM_01121,2026-01-04 04:00:00,44530.59,1
W_00000684,C_00022657,ATM_00067,2026-01-04 08:48:00,14119.84,1
W_00000685,C_00022662,ATM_00023,2026-01-04 00:50:00,23558.36,1
W_00000686,C_00022691,ATM_00323,2026-01-04 10:42:00,14278.74,1
W_00000687,C_00022758,ATM_00226,2026-01-03 20:39:00,753.27,1
W_00000688,C_00022796,ATM_01205,2026-01-03 20:40:00,9809.66,1
W_00000689,C_00022832,ATM_01120,2026-01-04 08:34:00,48366.49,1
W_00000690,C_00022863,ATM_00417,2026-01-04 13:00:00,500.0,1
W_00000691,C_00022892,ATM_01396,2026-01-04 17:13:00,11695.88,1
W_00000692,C_00022925,ATM_01027,2026-01-03 11:41:00,4597.61,1
W_00000693,C_00022956,ATM_01480,2026-01-04 13:49:00,6701.19,1
W_00000694,C_00022964,ATM_00357,2026-01-03 18:57:00,3357.04,1
W_00000695,C_00022989,ATM_00092,2026-01-04 14:36:00,7487.6,1
W_00000696,C_00022990,ATM_01243,2026-01-04 07:24:00,7568.08,1
W_00000697,C_00023053,ATM_01105,2026-01-04 14:32:00,500.0,1
W_00000698,C_00023084,ATM_01064,2026-01-04 02:17:00,57666.89,1
W_00000699,C_00023112,ATM_00268,2026-01-04 00:50:00,2067.57,1
W_00000700,C_00023127,ATM_01242,2026-01-04 05:27:00,10577.29,1
W_00000701,C_00023216,ATM_00971,2026-01-03 21:29:00,3062.63,1
W_00000702,C_00023244,ATM_00379,2026-01-03 14:19:00,3410.25,1
W_00000703,C_00023257,ATM_01373,2026-01-04 15:33:00,61914.1,1
W_00000704,C_00023258,ATM_01483,2026-01-04 04:38:00,3438.38,1
W_00000705,C_00023282,ATM_00825,2026-01-03 18:16:00,12924.88,1
W_00000706,C_00023306,ATM_00201,2026-01-04 02:26:00,7719.52,1
W_00000707,C_00023399,ATM_00275,2026-01-04 07:14:00,4474.22,1
W_00000708,C_00023411,ATM_00454,2026-01-04 16:15:00,1682.39,1
W_00000709,C_00023458,ATM_00012,2026-01-04 06:22:00,6577.36,1
W_00000710,C_00023494,ATM_00445,2026-01-04 01:29:00,5289.16,1
W_00000711,C_00023500,ATM_01158,2026-01-04 00:00:00,1377.14,1
W_00000712,C_00023505,ATM_00484,2026-01-03 20:22:00,14864.88,1
W_00000713,C_00023507,ATM_00173,2026-01-03 21:45:00,25804.26,1
W_00000714,C_00023556,ATM_00350,2026-01-03 23:59:00,9766.71,1
W_00000715,C_00023564,ATM_01393,2026-01-04 03:42:00,4576.9,1
W_00000716,C_00023576,ATM_00600,2026-01-03 17:37:00,3505.65,1
W_00000717,C_00023602,ATM_01111,2026-01-03 18:42:00,863.2,1
W_00000718,C_00023636,ATM_01071,2026-01-04 07:58:00,3943.2,1
W_00000719,C_00023740,ATM_00288,2026-01-03 14:42:00,14646.53,1
W_00000720,C_00023752,ATM_01462,2026-01-04 10:19:00,2871.29,1
W_00000721,C_00023810,ATM_01303,2026-01-03 22:00:00,1999.15,1
W_00000722,C_00023825,ATM_01401,2026-01-03 17:36:00,5567.15,1
W_00000723,C_00023851,ATM_00050,2026-01-03 16:30:00,16768.9,1
W_00000724,C_00023870,ATM_00829,2026-01-03 15:22:00,9545.31,1
W_00000725,C_00023876,ATM_00261,2026-01-04 04:02:00,79984.31,1
W_00000726,C_00023908,ATM_01180,2026-01-03 17:34:00,1471.68,1
W_00000727,C_00023909,ATM_00384,2026-01-03 12:24:00,1930.28,1
W_00000728,C_00023918,ATM_00291,2026-01-04 03:24:00,12225.06,1
W_00000729,C_00023935,ATM_00138,2026-01-03 15:43:00,8864.49,1
W_00000730,C_00023947,ATM_00545,2026-01-04 13:30:00,5959.56,1
W_00000731,C_00023989,ATM_01033,2026-01-04 04:47:00,76028.19,1
W_00000732,C_00024020,ATM_01326,2026-01-04 05:06:00,5267.51,1
W_00000733,C_00024064,ATM_01072,2026-01-03 16:27:00,8863.83,1
W_00000734,C_00024124,ATM_01290,2026-01-04 04:16:00,17759.34,1
W_00000735,C_00024128,ATM_00910,2026-01-04 09:11:00,48792.21,1
W_00000736,C_00024147,ATM_01230,2026-01-04 19:42:00,10913.25,1
W_00000737,C_00024165,ATM_00132,2026-01-03 21:14:00,4723.5,1
W_00000738,C_00024191,ATM_00053,2026-01-04 06:21:00,47736.48,1
W_00000739,C_00024195,ATM_00188,2026-01-04 11:12:00,8719.75,1
W_00000740,C_00024204,ATM_01478,2026-01-04 05:59:00,4952.2,1
W_00000741,C_00024377,ATM_00302,2026-01-03 12:02:00,19695.67,1
W_00000742,C_00024412,ATM_01472,2026-01-04 01:54:00,7735.49,1
W_00000743,C_00024484,ATM_00740,2026-01-04 06:47:00,2559.56,1
W_00000744,C_00024526,ATM_00444,2026-01-03 08:37:00,7062.27,1
W_00000745,C_00024536,ATM_01042,2026-01-04 02:53:00,726.69,1
W_00000746,C_00024556,ATM_00433,2026-01-03 19:31:00,28494.59,1
W_00000747,C_00024621,ATM_00885,2026-01-04 11:58:00,3553.31,1
W_00000748,C_00024657,ATM_01463,2026-01-04 09:40:00,1068.11,1
W_00000749,C_00024781,ATM_01061,2026-01-04 10:36:00,15483.28,1
W_00000750,C_00024802,ATM_01167,2026-01-04 15:35:00,3364.21,1
W_00000751,C_00024830,ATM_01324,2026-01-04 04:54:00,19156.21,1
W_00000752,C_00024863,ATM_00544,2026-01-03 22:13:00,14876.75,1
W_00000753,C_00024875,ATM_01449,2026-01-04 07:11:00,4964.4,1
W_00000754,C_00024894,ATM_00023,2026-01-03 07:39:00,3869.07,1
W_00000755,C_00024902,ATM_01017,2026-01-03 21:39:00,3050.02,1
W_00000756,C_00024905,ATM_00968,2026-01-03 22:15:00,7560.53,1
W_00000757,C_00024916,ATM_00546,2026-01-04 03:33:00,8599.7,1
W_00000758,C_00024918,ATM_00734,2026-01-03 23:11:00,31445.52,1
W_00000759,C_00024987,ATM_01128,2026-01-04 03:55:00,16917.48,1
W_00000760,C_00025024,ATM_01261,2026-01-03 21:21:00,26112.65,1
W_00000761,C_00025032,ATM_00446,2026-01-04 08:12:00,2178.92,1
W_00000762,C_00025158,ATM_00828,2026-01-03 20:41:00,3063.09,1
W_00000763,C_00025174,ATM_00314,2026-01-03 18:00:00,7273.26,1
W_00000764,C_00025189,ATM_01112,2026-01-03 22:41:00,4618.23,1
W_00000765,C_00025197,ATM_00841,2026-01-04 07:00:00,13344.75,1
W_00000766,C_00025245,ATM_01270,2026-01-03 20:33:00,14444.79,1
W_00000767,C_00025282,ATM_01392,2026-01-04 09:02:00,10401.89,1
W_00000768,C_00025301,ATM_00511,2026-01-03 20:02:00,25561.1,1
W_00000769,C_00025334,ATM_01022,2026-01-03 21:14:00,12964.69,1
W_00000770,C_00025349,ATM_00392,2026-01-03 11:20:00,7136.72,1
W_00000771,C_00025351,ATM_01454,2026-01-04 07:20:00,7070.18,1
W_00000772,C_00025352,ATM_00230,2026-01-04 02:41:00,20676.78,1
W_00000773,C_00025408,ATM_00278,2026-01-04 04:15:00,35832.82,1
W_00000774,C_00025528,ATM_00866,2026-01-03 21:00:00,4316.68,1
W_00000775,C_00025571,ATM_00907,2026-01-04 16:29:00,11958.43,1
W_00000776,C_00025596,ATM_00201,2026-01-04 02:55:00,12689.62,1
W_00000777,C_00025667,ATM_00975,2026-01-04 01:56:00,3328.22,1
W_00000778,C_00025672,ATM_00370,2026-01-04 03:23:00,7771.62,1
W_00000779,C_00025826,ATM_01246,2026-01-04 10:18:00,3048.44,1
W_00000780,C_00025836,ATM_00348,2026-01-04 05:34:00,36706.0,1
W_00000781,C_00025849,ATM_01249,2026-01-04 11:20:00,6828.1,1
W_00000782,C_00025875,ATM_01096,2026-01-04 02:54:00,8795.05,1
W_00000783,C_00025904,ATM_01181,2026-01-04 20:09:00,13454.55,1
W_00000784,C_00025959,ATM_01238,2026-01-04 07:49:00,10462.7,1
W_00000785,C_00025985,ATM_01237,2026-01-04 07:06:00,6415.68,1
W_00000786,C_00025988,ATM_00214,2026-01-04 07:52:00,10875.09,1
W_00000787,C_00026064,ATM_00595,2026-01-04 01:22:00,8995.42,1
W_00000788,C_00026107,ATM_00460,2026-01-03 19:35:00,48139.39,1
W_00000789,C_00026261,ATM_00326,2026-01-04 04:32:00,32228.26,1
W_00000790,C_00026308,ATM_01206,2026-01-04 05:34:00,1545.42,1
W_00000791,C_00026356,ATM_00926,2026-01-04 17:23:00,1931.52,1
W_00000792,C_00026437,ATM_01212,2026-01-04 00:33:00,13359.56,1
W_00000793,C_00026446,ATM_01041,2026-01-04 03:23:00,5051.04,1
W_00000794,C_00026477,ATM_01149,2026-01-04 07:12:00,8768.2,1
W_00000795,C_00026482,ATM_00584,2026-01-03 19:27:00,8751.31,1
W_00000796,C_00026491,ATM_00081,2026-01-04 15:09:00,55371.41,1
W_00000797,C_00026522,ATM_00460,2026-01-04 00:38:00,50538.11,1
W_00000798,C_00026621,ATM_01038,2026-01-04 02:54:00,7955.43,1
W_00000799,C_00026683,ATM_00181,2026-01-03 21:02:00,25313.71,1
W_00000800,C_00026812,ATM_00640,2026-01-03 19:32:00,35540.33,1
W_00000801,C_00026829,ATM_00709,2026-01-03 23:14:00,9821.84,1
W_00000802,C_00026831,ATM_00973,2026-01-03 18:25:00,45534.35,1
W_00000803,C_00026834,ATM_00806,2026-01-03 12:43:00,1142.26,1
W_00000804,C_00027004,ATM_00291,2026-01-03 20:56:00,18521.36,1
W_00000805,C_00027009,ATM_00203,2026-01-04 07:56:00,12932.06,1
W_00000806,C_00027129,ATM_00965,2026-01-03 20:17:00,3501.51,1
W_00000807,C_00027155,ATM_01464,2026-01-04 19:08:00,7454.67,1
W_00000808,C_00027225,ATM_01176,2026-01-03 18:26:00,9533.36,1
W_00000809,C_00027231,ATM_01359,2026-01-04 14:57:00,7429.85,1
W_00000810,C_00027318,ATM_01218,2026-01-03 23:19:00,8621.05,1
W_00000811,C_00027349,ATM_00512,2026-01-03 23:45:00,22120.7,1
W_00000812,C_00027373,ATM_00459,2026-01-03 16:21:00,26727.7,1
W_00000813,C_00027382,ATM_00026,2026-01-04 10:38:00,82362.81,1
W_00000814,C_00027400,ATM_00056,2026-01-03 20:39:00,6362.27,1
W_00000815,C_00027438,ATM_00349,2026-01-03 20:49:00,8651.35,1
W_00000816,C_00027481,ATM_00409,2026-01-03 23:19:00,4968.98,1
W_00000817,C_00027515,ATM_00825,2026-01-03 23:23:00,22321.32,1
W_00000818,C_00027572,ATM_01127,2026-01-04 04:11:00,22896.83,1
W_00000819,C_00027574,ATM_01427,2026-01-03 23:54:00,5799.34,1
W_00000820,C_00027588,ATM_00945,2026-01-04 07:41:00,2392.68,1
W_00000821,C_00027647,ATM_00684,2026-01-04 08:14:00,28739.83,1
W_00000822,C_00027709,ATM_01060,2026-01-03 21:36:00,2449.33,1
W_00000823,C_00027750,ATM_01010,2026-01-04 10:49:00,8390.45,1
W_00000824,C_00027769,ATM_01495,2026-01-04 06:15:00,6311.58,1
W_00000825,C_00027777,ATM_01416,2026-01-03 18:55:00,4475.0,1
W_00000826,C_00027778,ATM_00314,2026-01-03 15:44:00,1064.2,1
W_00000827,C_00027790,ATM_00710,2026-01-04 18:57:00,3423.52,1
W_00000828,C_00027893,ATM_01338,2026-01-03 10:30:00,11653.59,1
W_00000829,C_00027904,ATM_00593,2026-01-04 09:06:00,4154.81,1
W_00000830,C_00027921,ATM_01279,2026-01-03 22:45:00,6984.48,1
W_00000831,C_00027945,ATM_00478,2026-01-03 22:35:00,11674.09,1
W_00000832,C_00027977,ATM_00421,2026-01-04 04:10:00,10459.98,1
W_00000833,C_00027999,ATM_00919,2026-01-04 09:06:00,18842.14,1
W_00000834,C_00028001,ATM_00179,2026-01-05 11:09:00,4124.87,1
W_00000835,C_00028053,ATM_00742,2026-01-05 10:33:00,32134.69,1
W_00000836,C_00028074,ATM_00965,2026-01-05 11:12:00,18793.61,1
W_00000837,C_00028122,ATM_00040,2026-01-05 03:51:00,49223.91,1
W_00000838,C_00028138,ATM_00301,2026-01-05 01:44:00,3062.15,1
W_00000839,C_00028145,ATM_00251,2026-01-05 11:40:00,28303.95,1
W_00000840,C_00028153,ATM_01033,2026-01-04 12:38:00,6334.26,1
W_00000841,C_00028162,ATM_01012,2026-01-04 21:59:00,17121.13,1
W_00000842,C_00028175,ATM_00219,2026-01-05 06:08:00,8577.18,1
W_00000843,C_00028191,ATM_00201,2026-01-05 03:57:00,6878.64,1
W_00000844,C_00028200,ATM_00314,2026-01-05 10:18:00,3059.18,1
W_00000845,C_00028202,ATM_00128,2026-01-05 04:29:00,7028.13,1
W_00000846,C_00028300,ATM_00457,2026-01-04 19:40:00,1593.17,1
W_00000847,C_00028328,ATM_00779,2026-01-05 16:13:00,3275.93,1
W_00000848,C_00028331,ATM_00845,2026-01-05 09:18:00,1583.44,1
W_00000849,C_00028376,ATM_01251,2026-01-05 17:18:00,4132.11,1
W_00000850,C_00028384,ATM_01456,2026-01-05 06:33:00,3566.2,1
W_00000851,C_00028392,ATM_00491,2026-01-04 13:30:00,6840.92,1
W_00000852,C_00028416,ATM_00837,2026-01-05 02:11:00,4643.38,1
W_00000853,C_00028433,ATM_01495,2026-01-04 17:13:00,5040.16,1
W_00000854,C_00028443,ATM_00180,2026-01-05 07:53:00,14456.34,1
W_00000855,C_00028461,ATM_00601,2026-01-05 00:04:00,32697.35,1
W_00000856,C_00028464,ATM_00753,2026-01-05 18:37:00,7800.87,1
W_00000857,C_00028513,ATM_01042,2026-01-05 15:12:00,14583.52,1
W_00000858,C_00028529,ATM_00280,2026-01-04 17:56:00,9595.43,1
W_00000859,C_00028536,ATM_00432,2026-01-05 02:07:00,54205.91,1
W_00000860,C_00028577,ATM_00233,2026-01-04 08:57:00,20265.41,1
W_00000861,C_00028584,ATM_00368,2026-01-05 05:59:00,106892.5,1
W_00000862,C_00028601,ATM_01303,2026-01-04 19:40:00,15000.72,1
W_00000863,C_00028608,ATM_00542,2026-01-05 07:17:00,99164.09,1
W_00000864,C_00028615,ATM_01420,2026-01-05 17:08:00,15071.17,1
W_00000865,C_00028631,ATM_01317,2026-01-04 13:32:00,1820.87,1
W_00000866,C_00028633,ATM_00280,2026-01-05 05:01:00,4098.18,1
W_00000867,C_00028636,ATM_00241,2026-01-04 08:25:00,70959.33,1
W_00000868,C_00028745,ATM_00042,2026-01-04 11:35:00,44270.77,1
W_00000869,C_00028753,ATM_00090,2026-01-05 13:53:00,18336.05,1
W_00000870,C_00028759,ATM_00071,2026-01-05 11:55:00,2847.33,1
W_00000871,C_00028782,ATM_00270,2026-01-05 08:24:00,10765.46,1
W_00000872,C_00029077,ATM_01189,2026-01-05 01:56:00,7422.25,1
W_00000873,C_00029087,ATM_00979,2026-01-05 07:08:00,4408.18,1
W_00000874,C_00029100,ATM_01453,2026-01-05 17:42:00,6412.74,1
W_00000875,C_00029106,ATM_00816,2026-01-05 04:50:00,2719.36,1
W_00000876,C_00029141,ATM_01453,2026-01-05 09:42:00,17998.95,1
W_00000877,C_00029166,ATM_00059,2026-01-05 12:18:00,9870.11,1
W_00000878,C_00029281,ATM_00958,2026-01-04 10:40:00,8282.06,1
W_00000879,C_00029353,ATM_01151,2026-01-04 21:41:00,39174.32,1
W_00000880,C_00029400,ATM_00996,2026-01-04 20:49:00,33084.16,1
W_00000881,C_00029433,ATM_00843,2026-01-05 04:51:00,1299.34,1
W_00000882,C_00029484,ATM_00141,2026-01-05 14:49:00,6950.16,1
W_00000883,C_00029519,ATM_00749,2026-01-05 03:32:00,21995.53,1
W_00000884,C_00029584,ATM_01188,2026-01-05 07:34:00,2637.31,1
W_00000885,C_00029595,ATM_01290,2026-01-05 11:11:00,64204.92,1
W_00000886,C_00029621,ATM_01218,2026-01-04 19:45:00,44457.97,1
W_00000887,C_00029665,ATM_00138,2026-01-05 07:50:00,12963.7,1
W_00000888,C_00029666,ATM_01318,2026-01-05 03:29:00,7004.38,1
W_00000889,C_00029732,ATM_00910,2026-01-04 22:09:00,4408.09,1
W_00000890,C_00029784,ATM_01414,2026-01-05 14:38:00,12817.5,1
W_00000891,C_00029896,ATM_01204,2026-01-05 05:51:00,7799.57,1
W_00000892,C_00029954,ATM_00289,2026-01-05 06:06:00,1967.52,1
W_00000893,C_00029973,ATM_00555,2026-01-05 01:46:00,4309.97,1
W_00000894,C_00030018,ATM_00058,2026-01-05 06:07:00,5510.35,1
W_00000895,C_00030048,ATM_00738,2026-01-04 22:56:00,11989.26,1
W_00000896,C_00030061,ATM_00508,2026-01-05 11:40:00,3936.89,1
W_00000897,C_00030068,ATM_01469,2026-01-05 18:41:00,10918.96,1
W_00000898,C_00030076,ATM_00342,2026-01-04 20:40:00,3003.55,1
W_00000899,C_00030091,ATM_00983,2026-01-05 06:40:00,3823.62,1
W_00000900,C_00030115,ATM_01254,2026-01-04 04:45:00,1826.94,1
W_00000901,C_00030117,ATM_00725,2026-01-04 10:24:00,1035.92,1
W_00000902,C_00030148,ATM_01066,2026-01-05 18:10:00,8523.14,1
W_00000903,C_00030163,ATM_01188,2026-01-05 11:07:00,89643.32,1
W_00000904,C_00030169,ATM_01499,2026-01-05 06:59:00,665.81,1
W_00000905,C_00030190,ATM_01329,2026-01-05 04:49:00,8307.24,1
W_00000906,C_00030228,ATM_00197,2026-01-05 13:38:00,9582.32,1
W_00000907,C_00030266,ATM_00251,2026-01-04 18:37:00,8692.48,1
W_00000908,C_00030268,ATM_00171,2026-01-05 08:12:00,5986.08,1
W_00000909,C_00030274,ATM_00279,2026-01-04 18:08:00,30479.73,1
W_00000910,C_00030313,ATM_01494,2026-01-05 19:39:00,14268.59,1
W_00000911,C_00030342,ATM_00609,2026-01-04 23:50:00,67566.74,1
W_00000912,C_00030344,ATM_00529,2026-01-05 12:38:00,6002.52,1
W_00000913,C_00030360,ATM_00700,2026-01-04 18:55:00,15869.08,1
W_00000914,C_00030365,ATM_01061,2026-01-04 15:12:00,1682.85,1
W_00000915,C_00030403,ATM_01165,2026-01-05 17:20:00,1395.74,1
W_00000916,C_00030413,ATM_00370,2026-01-05 12:01:00,42538.1,1
W_00000917,C_00030420,ATM_01025,2026-01-04 16:59:00,11010.02,1
W_00000918,C_00030515,ATM_00340,2026-01-05 05:14:00,2105.53,1
W_00000919,C_00030549,ATM_01166,2026-01-05 05:04:00,3141.99,1
W_00000920,C_00030563,ATM_00732,2026-01-05 13:47:00,8833.81,1
W_00000921,C_00030567,ATM_00636,2026-01-05 02:18:00,16564.9,1
W_00000922,C_00030587,ATM_00185,2026-01-05 09:51:00,4055.07,1
W_00000923,C_00030588,ATM_00901,2026-01-04 22:13:00,6426.43,1
W_00000924,C_00030603,ATM_01280,2026-01-05 12:24:00,35852.02,1
W_00000925,C_00030639,ATM_01184,2026-01-05 04:29:00,4428.0,1
W_00000926,C_00030704,ATM_00437,2026-01-04 22:02:00,14287.0,1
W_00000927,C_00030723,ATM_00564,2026-01-05 08:02:00,135018.31,1
W_00000928,C_00030725,ATM_00674,2026-01-05 08:18:00,16022.6,1
W_00000929,C_00030732,ATM_01057,2026-01-05 11:00:00,16587.96,1
W_00000930,C_00030873,ATM_00659,2026-01-04 12:30:00,33345.89,1
W_00000931,C_00030884,ATM_00914,2026-01-04 16:13:00,66654.36,1
W_00000932,C_00030946,ATM_00200,2026-01-05 02:31:00,13488.46,1
W_00000933,C_00030994,ATM_01034,2026-01-04 19:32:00,2983.5,1
W_00000934,C_00031035,ATM_00739,2026-01-05 06:26:00,3344.42,1
W_00000935,C_00031081,ATM_01406,2026-01-04 20:54:00,73707.57,1
W_00000936,C_00031084,ATM_00949,2026-01-04 18:26:00,40728.99,1
W_00000937,C_00031109,ATM_01162,2026-01-04 19:40:00,17584.45,1
W_00000938,C_00031157,ATM_00977,2026-01-05 13:50:00,40839.3,1
W_00000939,C_00031201,ATM_00259,2026-01-04 13:56:00,1118.25,1
W_00000940,C_00031219,ATM_00253,2026-01-04 13:28:00,5869.83,1
W_00000941,C_00031297,ATM_00431,2026-01-05 09:45:00,2801.18,1
W_00000942,C_00031310,ATM_00974,2026-01-05 08:45:00,13964.29,1
W_00000943,C_00031384,ATM_01298,2026-01-05 03:38:00,2955.64,1
W_00000944,C_00031387,ATM_01146,2026-01-04 13:24:00,15846.62,1
W_00000945,C_00031419,ATM_01111,2026-01-04 21:51:00,12416.14,1
W_00000946,C_00031437,ATM_00534,2026-01-04 15:11:00,5210.84,1
W_00000947,C_00031518,ATM_00289,2026-01-04 14:35:00,5480.32,1
W_00000948,C_00031547,ATM_00246,2026-01-05 12:22:00,3576.41,1
W_00000949,C_00031565,ATM_00693,2026-01-04 14:56:00,2857.08,1
W_00000950,C_00031608,ATM_01421,2026-01-05 00:22:00,12053.91,1
W_00000951,C_00031685,ATM_01226,2026-01-05 01:37:00,9624.5,1
W_00000952,C_00031745,ATM_01394,2026-01-05 13:03:00,3007.41,1
W_00000953,C_00031780,ATM_01436,2026-01-04 14:14:00,11643.99,1
W_00000954,C_00031798,ATM_00717,2026-01-04 17:49:00,54766.75,1
W_00000955,C_00031806,ATM_00857,2026-01-04 22:32:00,14620.08,1
W_00000956,C_00031811,ATM_00302,2026-01-04 21:27:00,3043.88,1
W_00000957,C_00031856,ATM_01256,2026-01-05 04:24:00,10708.52,1
W_00000958,C_00031914,ATM_00618,2026-01-05 01:01:00,4276.43,1
W_00000959,C_00031933,ATM_01150,2026-01-04 23:00:00,56963.08,1
W_00000960,C_00031964,ATM_00274,2026-01-05 00:41:00,47755.61,1
W_00000961,C_00031980,ATM_01144,2026-01-04 19:44:00,9628.27,1
W_00000962,C_00031992,ATM_01155,2026-01-04 23:10:00,3098.11,1
W_00000963,C_00032019,ATM_00852,2026-01-04 20:03:00,20061.64,1
W_00000964,C_00032126,ATM_00172,2026-01-05 01:33:00,9523.86,1
W_00000965,C_00032229,ATM_01032,2026-01-05 18:34:00,17129.16,1
W_00000966,C_00032276,ATM_01311,2026-01-05 20:36:00,20766.7,1
W_00000967,C_00032279,ATM_00423,2026-01-05 04:27:00,6677.47,1
W_00000968,C_00032424,ATM_00119,2026-01-05 16:15:00,9464.38,1
W_00000969,C_00032437,ATM_00277,2026-01-05 10:08:00,2432.03,1
W_00000970,C_00032468,ATM_00226,2026-01-05 00:21:00,2118.11,1
W_00000971,C_00032471,ATM_00638,2026-01-04 21:59:00,40609.03,1
W_00000972,C_00032502,ATM_00399,2026-01-05 08:58:00,152972.39,1
W_00000973,C_00032522,ATM_00924,2026-01-04 17:28:00,17465.64,1
W_00000974,C_00032547,ATM_01329,2026-01-05 20:06:00,3279.74,1
W_00000975,C_00032563,ATM_00470,2026-01-05 08:48:00,16942.9,1
W_00000976,C_00032602,ATM_00301,2026-01-05 12:46:00,26710.28,1
W_00000977,C_00032628,ATM_01258,2026-01-05 01:41:00,19680.27,1
W_00000978,C_00032647,ATM_00181,2026-01-04 23:27:00,10639.98,1
W_00000979,C_00032648,ATM_00466,2026-01-04 16:56:00,20348.65,1
W_00000980,C_00032653,ATM_00089,2026-01-05 13:18:00,11984.23,1
W_00000981,C_00032707,ATM_01476,2026-01-05 03:41:00,10655.63,1
W_00000982,C_00032743,ATM_01094,2026-01-05 17:32:00,1591.24,1
W_00000983,C_00032782,ATM_00529,2026-01-05 00:11:00,1609.29,1
W_00000984,C_00032790,ATM_01254,2026-01-04 15:29:00,116022.29,1
W_00000985,C_00032792,ATM_01263,2026-01-05 02:50:00,12286.89,1
W_00000986,C_00032805,ATM_00184,2026-01-04 17:35:00,6787.69,1
W_00000987,C_00032806,ATM_01364,2026-01-04 20:58:00,10811.02,1
W_00000988,C_00032813,ATM_00087,2026-01-05 14:57:00,990.86,1
W_00000989,C_00032863,ATM_00740,2026-01-04 20:48:00,4758.84,1
W_00000990,C_00032897,ATM_00910,2026-01-04 22:31:00,4507.77,1
W_00000991,C_00032935,ATM_00474,2026-01-05 09:52:00,19304.69,1
W_00000992,C_00032938,ATM_00387,2026-01-05 05:27:00,5604.93,1
W_00000993,C_00032961,ATM_00317,2026-01-05 03:02:00,1487.16,1
W_00000994,C_00032987,ATM_00243,2026-01-04 04:12:00,12730.7,1
W_00000995,C_00032996,ATM_00221,2026-01-05 11:39:00,4770.45,1
W_00000996,C_00032999,ATM_00245,2026-01-05 01:27:00,5444.52,1
W_00000997,C_00033040,ATM_00136,2026-01-04 20:22:00,3037.0,1
W_00000998,C_00033057,ATM_01385,2026-01-05 17:12:00,3585.75,1
W_00000999,C_00033068,ATM_01112,2026-01-04 19:07:00,58782.27,1
W_00001000,C_00033078,ATM_00969,2026-01-05 09:06:00,44188.24,1
W_00001001,C_00033091,ATM_00141,2026-01-04 17:42:00,9889.6,1
W_00001002,C_00033110,ATM_01070,2026-01-05 18:23:00,3099.1,1
W_00001003,C_00033112,ATM_00139,2026-01-05 04:08:00,7805.93,1
W_00001004,C_00033120,ATM_00170,2026-01-04 22:13:00,4252.44,1
W_00001005,C_00033193,ATM_01260,2026-01-05 07:36:00,1822.97,1
W_00001006,C_00033317,ATM_01071,2026-01-05 15:48:00,4013.28,1
W_00001007,C_00033321,ATM_00567,2026-01-04 14:53:00,85275.39,1
W_00001008,C_00033374,ATM_01222,2026-01-04 07:30:00,39628.41,1
W_00001009,C_00033378,ATM_01130,2026-01-05 12:28:00,4682.61,1
W_00001010,C_00033387,ATM_00340,2026-01-05 09:05:00,13040.27,1
W_00001011,C_00033392,ATM_00002,2026-01-04 22:39:00,5797.04,1
W_00001012,C_00033448,ATM_01075,2026-01-05 19:59:00,8530.1,1
W_00001013,C_00033451,ATM_01324,2026-01-04 19:52:00,5149.95,1
W_00001014,C_00033485,ATM_00312,2026-01-05 05:53:00,8992.37,1
W_00001015,C_00033571,ATM_01329,2026-01-05 03:36:00,9490.45,1
W_00001016,C_00033605,ATM_00176,2026-01-04 21:29:00,47584.84,1
W_00001017,C_00033628,ATM_01374,2026-01-05 11:56:00,7358.47,1
W_00001018,C_00033677,ATM_01265,2026-01-04 17:28:00,1534.2,1
W_00001019,C_00033687,ATM_00274,2026-01-04 23:30:00,8535.93,1
W_00001020,C_00033729,ATM_01028,2026-01-04 21:39:00,2205.72,1
W_00001021,C_00033747,ATM_00717,2026-01-05 07:00:00,39534.95,1
W_00001022,C_00033777,ATM_01427,2026-01-05 22:35:00,2882.27,1
W_00001023,C_00033786,ATM_00298,2026-01-05 06:42:00,7108.65,1
W_00001024,C_00033811,ATM_01442,2026-01-05 04:39:00,41346.78,1
W_00001025,C_00033830,ATM_00232,2026-01-04 09:30:00,63369.96,1
W_00001026,C_00033835,ATM_00631,2026-01-05 11:21:00,67017.17,1
W_00001027,C_00033837,ATM_00582,2026-01-04 21:57:00,3752.48,1
W_00001028,C_00033887,ATM_01306,2026-01-04 15:52:00,54504.58,1
W_00001029,C_00033892,ATM_00754,2026-01-05 08:14:00,11406.81,1
W_00001030,C_00033899,ATM_01306,2026-01-05 00:57:00,5346.8,1
W_00001031,C_00033940,ATM_01351,2026-01-05 09:00:00,20206.75,1
W_00001032,C_00033974,ATM_00337,2026-01-04 20:42:00,14837.12,1
W_00001033,C_00033978,ATM_00343,2026-01-05 10:43:00,7545.68,1
W_00001034,C_00034103,ATM_00502,2026-01-04 15:22:00,2512.77,1
W_00001035,C_00034127,ATM_01277,2026-01-05 06:32:00,16318.37,1
W_00001036,C_00034146,ATM_01347,2026-01-04 15:22:00,3690.49,1
W_00001037,C_00034160,ATM_00419,2026-01-04 17:13:00,4709.97,1
W_00001038,C_00034168,ATM_00049,2026-01-04 20:22:00,5487.12,1
W_00001039,C_00034179,ATM_00226,2026-01-04 17:41:00,6584.2,1
W_00001040,C_00034188,ATM_00427,2026-01-05 07:54:00,17231.2,1
W_00001041,C_00034207,ATM_00677,2026-01-04 19:30:00,595.61,1
W_00001042,C_00034227,ATM_01462,2026-01-05 07:09:00,20966.32,1
W_00001043,C_00034315,ATM_01333,2026-01-05 09:47:00,9997.93,1
W_00001044,C_00034354,ATM_01325,2026-01-04 21:12:00,22610.53,1
W_00001045,C_00034358,ATM_01080,2026-01-05 19:12:00,12560.17,1
W_00001046,C_00034402,ATM_01244,2026-01-05 00:48:00,69364.97,1
W_00001047,C_00034433,ATM_00913,2026-01-05 03:14:00,5292.77,1
W_00001048,C_00034502,ATM_01176,2026-01-04 15:35:00,4385.31,1
W_00001049,C_00034635,ATM_01305,2026-01-04 21:04:00,5984.02,1
W_00001050,C_00034673,ATM_00795,2026-01-05 05:32:00,1447.22,1
W_00001051,C_00034686,ATM_00132,2026-01-04 11:27:00,16169.38,1
W_00001052,C_00034770,ATM_00879,2026-01-05 09:08:00,9265.74,1
W_00001053,C_00034851,ATM_01357,2026-01-05 08:18:00,11996.95,1
W_00001054,C_00034872,ATM_00332,2026-01-04 18:14:00,6862.27,1
W_00001055,C_00034899,ATM_01419,2026-01-05 21:33:00,1833.49,1
W_00001056,C_00034907,ATM_01368,2026-01-05 06:54:00,16570.32,1
W_00001057,C_00034935,ATM_00923,2026-01-04 22:01:00,2080.28,1
W_00001058,C_00035026,ATM_00539,2026-01-05 08:57:00,7888.46,1
W_00001059,C_00035229,ATM_00598,2026-01-05 01:38:00,47815.57,1
W_00001060,C_00035239,ATM_00611,2026-01-05 05:42:00,28043.69,1
W_00001061,C_00035270,ATM_00919,2026-01-05 06:54:00,4580.27,1
W_00001062,C_00035300,ATM_00100,2026-01-04 23:36:00,5511.7,1
W_00001063,C_00035383,ATM_00865,2026-01-05 05:31:00,1306.29,1
W_00001064,C_00035416,ATM_00793,2026-01-05 13:08:00,2613.52,1
W_00001065,C_00035418,ATM_00425,2026-01-05 17:06:00,4591.84,1
W_00001066,C_00035513,ATM_01399,2026-01-05 06:05:00,6307.58,1
W_00001067,C_00035545,ATM_00071,2026-01-05 10:27:00,5053.77,1
W_00001068,C_00035590,ATM_00566,2026-01-05 14:44:00,55107.89,1
W_00001069,C_00035628,ATM_00228,2026-01-05 00:06:00,23951.05,1
W_00001070,C_00035636,ATM_00799,2026-01-05 01:36:00,4812.33,1
W_00001071,C_00035642,ATM_00138,2026-01-04 11:24:00,2691.26,1
W_00001072,C_00035659,ATM_01344,2026-01-04 14:42:00,4804.54,1
W_00001073,C_00035673,ATM_00804,2026-01-05 00:08:00,22996.29,1
W_00001074,C_00035678,ATM_00961,2026-01-04 19:38:00,3333.41,1
W_00001075,C_00035691,ATM_01019,2026-01-04 13:38:00,1547.79,1
W_00001076,C_00035725,ATM_00387,2026-01-05 08:37:00,21058.36,1
W_00001077,C_00035764,ATM_00919,2026-01-04 21:13:00,1657.22,1
W_00001078,C_00035766,ATM_00509,2026-01-05 16:18:00,3003.91,1
W_00001079,C_00035799,ATM_01030,2026-01-05 00:05:00,3842.5,1
W_00001080,C_00035842,ATM_00455,2026-01-05 09:07:00,7777.1,1
W_00001081,C_00035846,ATM_01391,2026-01-04 21:46:00,3702.94,1
W_00001082,C_00035851,ATM_01016,2026-01-04 16:36:00,901.99,1
W_00001083,C_00035921,ATM_00412,2026-01-05 10:52:00,4186.58,1
W_00001084,C_00035938,ATM_00312,2026-01-04 20:12:00,42484.72,1
W_00001085,C_00035968,ATM_00126,2026-01-04 12:56:00,5913.53,1
W_00001086,C_00035971,ATM_00202,2026-01-05 18:15:00,14226.97,1
W_00001087,C_00035973,ATM_00289,2026-01-05 04:26:00,15274.57,1
W_00001088,C_00035982,ATM_00845,2026-01-05 09:58:00,31799.46,1
W_00001089,C_00036027,ATM_00190,2026-01-05 21:09:00,24383.92,1
W_00001090,C_00036041,ATM_01173,2026-01-06 00:04:00,1731.89,1
W_00001091,C_00036078,ATM_00287,2026-01-06 12:43:00,5464.98,1
W_00001092,C_00036182,ATM_01484,2026-01-05 19:12:00,2063.85,1
W_00001093,C_00036187,ATM_01008,2026-01-05 01:07:00,13574.41,1
W_00001094,C_00036222,ATM_01276,2026-01-05 16:42:00,2580.35,1
W_00001095,C_00036231,ATM_00484,2026-01-06 17:06:00,15538.6,1
W_00001096,C_00036274,ATM_01001,2026-01-06 10:21:00,45912.93,1
W_00001097,C_00036281,ATM_00373,2026-01-06 07:18:00,29036.33,1
W_00001098,C_00036341,ATM_01302,2026-01-05 19:45:00,1251.42,1
W_00001099,C_00036450,ATM_00238,2026-01-06 08:04:00,62177.16,1
W_00001100,C_00036494,ATM_01040,2026-01-06 11:18:00,59550.68,1
W_00001101,C_00036507,ATM_00353,2026-01-06 08:03:00,47539.47,1
W_00001102,C_00036517,ATM_00054,2026-01-06 18:08:00,2393.02,1
W_00001103,C_00036534,ATM_01361,2026-01-06 19:36:00,2136.45,1
W_00001104,C_00036601,ATM_00922,2026-01-05 23:46:00,4727.14,1
W_00001105,C_00036603,ATM_00658,2026-01-06 13:01:00,3794.22,1
W_00001106,C_00036614,ATM_00526,2026-01-06 08:52:00,3883.5,1
W_00001107,C_00036630,ATM_01494,2026-01-05 20:54:00,8499.77,1
W_00001108,C_00036686,ATM_00673,2026-01-05 17:54:00,34008.08,1
W_00001109,C_00036695,ATM_00471,2026-01-05 23:12:00,4988.52,1
W_00001110,C_00036783,ATM_00973,2026-01-05 12:06:00,9963.56,1
W_00001111,C_00036872,ATM_00512,2026-01-06 16:44:00,49306.9,1
W_00001112,C_00036881,ATM_00126,2026-01-06 15:01:00,2899.17,1
W_00001113,C_00036900,ATM_00949,2026-01-06 02:41:00,18966.01,1
W_00001114,C_00036901,ATM_00867,2026-01-06 00:45:00,2863.94,1
W_00001115,C_00037004,ATM_00866,2026-01-06 00:31:00,17405.85,1
W_00001116,C_00037071,ATM_01259,2026-01-06 06:12:00,6772.38,1
W_00001117,C_00037083,ATM_01160,2026-01-05 23:45:00,12760.38,1
W_00001118,C_00037108,ATM_00286,2026-01-06 14:33:00,4148.35,1
W_00001119,C_00037120,ATM_01347,2026-01-06 10:17:00,12475.35,1
W_00001120,C_00037191,ATM_00939,2026-01-06 06:27:00,5588.99,1
W_00001121,C_00037219,ATM_00394,2026-01-05 17:53:00,57000.96,1
W_00001122,C_00037259,ATM_00448,2026-01-06 12:31:00,10467.45,1
W_00001123,C_00037270,ATM_00132,2026-01-06 05:50:00,6554.7,1
W_00001124,C_00037272,ATM_01415,2026-01-05 18:12:00,24277.97,1
W_00001125,C_00037293,ATM_00288,2026-01-05 21:07:00,10453.98,1
W_00001126,C_00037382,ATM_00060,2026-01-05 16:11:00,14918.11,1
W_00001127,C_00037384,ATM_01208,2026-01-06 07:42:00,14485.87,1
W_00001128,C_00037393,ATM_01095,2026-01-06 10:21:00,10672.84,1
W_00001129,C_00037399,ATM_01466,2026-01-05 21:29:00,2690.28,1
W_00001130,C_00037412,ATM_00793,2026-01-06 06:41:00,19393.86,1
W_00001131,C_00037413,ATM_00178,2026-01-05 15:43:00,10428.57,1
W_00001132,C_00037425,ATM_00253,2026-01-06 03:01:00,20161.93,1
W_00001133,C_00037461,ATM_00313,2026-01-06 10:45:00,9591.49,1
W_00001134,C_00037570,ATM_01432,2026-01-05 21:52:00,13812.8,1
W_00001135,C_00037580,ATM_01068,2026-01-05 15:56:00,3610.26,1
W_00001136,C_00037651,ATM_00177,2026-01-05 17:11:00,5639.55,1
W_00001137,C_00037664,ATM_01241,2026-01-05 18:39:00,3992.72,1
W_00001138,C_00037678,ATM_00743,2026-01-05 19:47:00,2370.45,1
W_00001139,C_00037700,ATM_00742,2026-01-06 11:27:00,4921.3,1
W_00001140,C_00037718,ATM_00618,2026-01-06 06:17:00,12230.39,1
W_00001141,C_00037725,ATM_00062,2026-01-06 17:47:00,14102.52,1
W_00001142,C_00037744,ATM_00182,2026-01-06 15:15:00,17680.65,1
W_00001143,C_00037796,ATM_01279,2026-01-06 08:06:00,200000.0,1
W_00001144,C_00037820,ATM_00286,2026-01-06 02:27:00,3498.99,1
W_00001145,C_00037827,ATM_00734,2026-01-06 07:31:00,13510.04,1
W_00001146,C_00037855,ATM_00361,2026-01-06 11:47:00,21479.64,1
W_00001147,C_00037858,ATM_00811,2026-01-05 21:53:00,13123.23,1
W_00001148,C_00037927,ATM_00543,2026-01-05 23:46:00,8036.33,1
W_00001149,C_00037929,ATM_01213,2026-01-05 22:11:00,32992.46,1
W_00001150,C_00037944,ATM_01463,2026-01-05 15:14:00,5561.42,1
W_00001151,C_00037951,ATM_00728,2026-01-06 05:44:00,11250.77,1
W_00001152,C_00037986,ATM_00953,2026-01-06 18:37:00,4715.32,1
W_00001153,C_00037987,ATM_01367,2026-01-05 15:43:00,14693.75,1
W_00001154,C_00038092,ATM_00507,2026-01-06 08:31:00,3108.65,1
W_00001155,C_00038171,ATM_01361,2026-01-06 00:02:00,51568.26,1
W_00001156,C_00038228,ATM_00380,2026-01-06 02:38:00,14763.47,1
W_00001157,C_00038254,ATM_01035,2026-01-06 01:49:00,4034.06,1
W_00001158,C_00038306,ATM_01194,2026-01-05 20:59:00,2941.57,1
W_00001159,C_00038321,ATM_00195,2026-01-06 14:37:00,16501.69,1
W_00001160,C_00038323,ATM_00153,2026-01-05 22:47:00,9808.77,1
W_00001161,C_00038330,ATM_01448,2026-01-06 00:24:00,966.05,1
W_00001162,C_00038333,ATM_00014,2026-01-05 21:47:00,2130.02,1
W_00001163,C_00038424,ATM_01401,2026-01-06 14:39:00,9259.17,1
W_00001164,C_00038442,ATM_01400,2026-01-06 14:24:00,4514.19,1
W_00001165,C_00038515,ATM_01471,2026-01-05 18:29:00,30995.47,1
W_00001166,C_00038522,ATM_00844,2026-01-05 20:58:00,9408.36,1
W_00001167,C_00038544,ATM_01304,2026-01-05 19:51:00,97967.69,1
W_00001168,C_00038709,ATM_00780,2026-01-05 14:39:00,13314.98,1
W_00001169,C_00038728,ATM_01377,2026-01-06 05:17:00,4079.97,1
W_00001170,C_00038743,ATM_01340,2026-01-05 23:28:00,1577.18,1
W_00001171,C_00038772,ATM_00067,2026-01-05 15:20:00,11933.56,1
W_00001172,C_00038844,ATM_00537,2026-01-06 14:20:00,3214.57,1
W_00001173,C_00038871,ATM_00219,2026-01-06 11:04:00,10288.19,1
W_00001174,C_00038958,ATM_00807,2026-01-06 03:58:00,7567.98,1
W_00001175,C_00038983,ATM_00662,2026-01-06 13:11:00,3830.65,1
W_00001176,C_00038992,ATM_00157,2026-01-06 03:17:00,4181.4,1
W_00001177,C_00039015,ATM_00215,2026-01-05 12:03:00,20150.02,1
W_00001178,C_00039037,ATM_01147,2026-01-06 01:40:00,49010.95,1
W_00001179,C_00039081,ATM_00104,2026-01-06 16:39:00,16713.12,1
W_00001180,C_00039092,ATM_01206,2026-01-06 06:08:00,10869.56,1
W_00001181,C_00039103,ATM_00907,2026-01-05 16:06:00,4499.47,1
W_00001182,C_00039123,ATM_01359,2026-01-06 01:09:00,7331.31,1
W_00001183,C_00039154,ATM_01347,2026-01-06 07:09:00,12430.64,1
W_00001184,C_00039179,ATM_00370,2026-01-06 01:02:00,8346.9,1
W_00001185,C_00039260,ATM_00908,2026-01-06 13:22:00,10937.56,1
W_00001186,C_00039279,ATM_00870,2026-01-06 18:01:00,7441.85,1
W_00001187,C_00039298,ATM_00526,2026-01-06 10:59:00,1529.79,1
W_00001188,C_00039320,ATM_00880,2026-01-06 10:20:00,26270.67,1
W_00001189,C_00039324,ATM_00233,2026-01-06 00:00:00,2508.88,1
W_00001190,C_00039340,ATM_00453,2026-01-05 19:27:00,5390.68,1
W_00001191,C_00039495,ATM_00052,2026-01-06 13:03:00,43664.73,1
W_00001192,C_00039561,ATM_01291,2026-01-06 01:08:00,4609.32,1
W_00001193,C_00039572,ATM_00435,2026-01-06 10:18:00,14570.52,1
W_00001194,C_00039580,ATM_01341,2026-01-05 19:37:00,10665.06,1
W_00001195,C_00039688,ATM_00407,2026-01-05 21:29:00,9618.51,1
W_00001196,C_00039798,ATM_00053,2026-01-05 12:57:00,2237.73,1
W_00001197,C_00039810,ATM_00627,2026-01-06 01:40:00,7479.51,1
W_00001198,C_00039886,ATM_01199,2026-01-06 12:14:00,14433.04,1
W_00001199,C_00039901,ATM_00793,2026-01-06 05:51:00,14950.84,1
W_00001200,C_00039910,ATM_01243,2026-01-06 07:58:00,42814.85,1
W_00001201,C_00039929,ATM_01241,2026-01-05 13:03:00,66630.85,1
W_00001202,C_00039937,ATM_00192,2026-01-06 02:51:00,102764.48,1
W_00001203,C_00039939,ATM_01359,2026-01-06 02:32:00,5579.16,1
W_00001204,C_00039960,ATM_00272,2026-01-06 04:47:00,14701.52,1
W_00001205,C_00040024,ATM_00231,2026-01-06 06:46:00,16212.72,1
W_00001206,C_00040026,ATM_01384,2026-01-05 16:37:00,6978.08,1
W_00001207,C_00040030,ATM_00924,2026-01-06 11:24:00,3333.84,1
W_00001208,C_00040045,ATM_00113,2026-01-05 18:05:00,22480.61,1
W_00001209,C_00040074,ATM_00783,2026-01-06 09:56:00,14289.68,1
W_00001210,C_00040121,ATM_00275,2026-01-06 13:03:00,20401.84,1
W_00001211,C_00040126,ATM_01181,2026-01-05 02:58:00,5884.8,1
W_00001212,C_00040140,ATM_00607,2026-01-05 21:48:00,24407.74,1
W_00001213,C_00040142,ATM_01054,2026-01-06 06:41:00,7840.11,1
W_00001214,C_00040150,ATM_00101,2026-01-06 11:55:00,145745.9,1
W_00001215,C_00040169,ATM_00715,2026-01-06 15:44:00,30996.73,1
W_00001216,C_00040227,ATM_01497,2026-01-05 16:40:00,550.95,1
W_00001217,C_00040240,ATM_00196,2026-01-06 11:14:00,8184.73,1
W_00001218,C_00040244,ATM_00462,2026-01-05 23:12:00,10736.05,1
W_00001219,C_00040285,ATM_00180,2026-01-06 01:02:00,7502.72,1
W_00001220,C_00040371,ATM_01218,2026-01-06 22:02:00,28872.34,1
W_00001221,C_00040390,ATM_00263,2026-01-05 21:38:00,31589.46,1
W_00001222,C_00040431,ATM_00406,2026-01-06 14:00:00,12264.8,1
W_00001223,C_00040436,ATM_00204,2026-01-06 02:54:00,9850.79,1
W_00001224,C_00040484,ATM_00709,2026-01-05 23:18:00,32861.67,1
W_00001225,C_00040491,ATM_01384,2026-01-06 07:18:00,10535.83,1
W_00001226,C_00040506,ATM_00753,2026-01-05 14:50:00,2786.1,1
W_00001227,C_00040560,ATM_00826,2026-01-05 17:58:00,15773.23,1
W_00001228,C_00040599,ATM_01338,2026-01-06 01:52:00,8069.45,1
W_00001229,C_00040620,ATM_00320,2026-01-06 11:29:00,24812.78,1
W_00001230,C_00040632,ATM_00918,2026-01-06 14:13:00,12005.17,1
W_00001231,C_00040637,ATM_00638,2026-01-06 21:26:00,14962.39,1
W_00001232,C_00040691,ATM_00528,2026-01-05 17:22:00,19578.16,1
W_00001233,C_00040855,ATM_01083,2026-01-05 18:17:00,2776.17,1
W_00001234,C_00040925,ATM_01426,2026-01-05 19:23:00,14381.76,1
W_00001235,C_00040934,ATM_00390,2026-01-05 22:03:00,5236.17,1
W_00001236,C_00040988,ATM_00692,2026-01-06 00:23:00,15468.44,1
W_00001237,C_00041035,ATM_00329,2026-01-06 01:57:00,8157.65,1
W_00001238,C_00041041,ATM_00768,2026-01-05 12:49:00,24669.17,1
W_00001239,C_00041063,ATM_01494,2026-01-05 20:42:00,10508.13,1
W_00001240,C_00041068,ATM_01326,2026-01-05 17:03:00,8513.26,1
W_00001241,C_00041079,ATM_01071,2026-01-06 01:02:00,8857.92,1
W_00001242,C_00041127,ATM_01370,2026-01-06 14:01:00,37027.64,1
W_00001243,C_00041148,ATM_00961,2026-01-06 01:04:00,3604.53,1
W_00001244,C_00041151,ATM_00749,2026-01-05 14:05:00,11761.43,1
W_00001245,C_00041162,ATM_00775,2026-01-05 09:52:00,6104.45,1
W_00001246,C_00041181,ATM_00206,2026-01-06 02:22:00,2318.83,1
W_00001247,C_00041183,ATM_01192,2026-01-05 19:11:00,5965.64,1
W_00001248,C_00041267,ATM_00306,2026-01-06 02:28:00,2531.26,1
W_00001249,C_00041371,ATM_01144,2026-01-06 00:35:00,6697.27,1
W_00001250,C_00041381,ATM_00933,2026-01-05 13:56:00,19155.76,1
W_00001251,C_00041404,ATM_00229,2026-01-06 10:05:00,6713.52,1
W_00001252,C_00041409,ATM_00908,2026-01-06 08:13:00,9788.29,1
W_00001253,C_00041415,ATM_00146,2026-01-06 01:50:00,13246.49,1
W_00001254,C_00041508,ATM_00123,2026-01-05 13:58:00,500.0,1
W_00001255,C_00041537,ATM_00574,2026-01-06 11:20:00,10971.0,1
W_00001256,C_00041555,ATM_00763,2026-01-06 14:48:00,27506.8,1
W_00001257,C_00041573,ATM_00036,2026-01-06 13:48:00,6173.11,1
W_00001258,C_00041593,ATM_01327,2026-01-06 02:51:00,3203.85,1
W_00001259,C_00041630,ATM_01453,2026-01-06 06:43:00,3244.16,1
W_00001260,C_00041659,ATM_00565,2026-01-06 09:01:00,120635.12,1
W_00001261,C_00041713,ATM_00394,2026-01-06 01:42:00,7795.5,1
W_00001262,C_00041723,ATM_01464,2026-01-05 23:56:00,114334.51,1
W_00001263,C_00041747,ATM_01265,2026-01-06 04:44:00,34609.31,1
W_00001264,C_00041764,ATM_00681,2026-01-06 01:07:00,3100.78,1
W_00001265,C_00041771,ATM_01102,2026-01-05 19:23:00,1392.75,1
W_00001266,C_00041829,ATM_00162,2026-01-06 02:56:00,3009.34,1
W_00001267,C_00041834,ATM_00141,2026-01-06 07:43:00,15847.65,1
W_00001268,C_00041842,ATM_01034,2026-01-06 01:42:00,5133.44,1
W_00001269,C_00041852,ATM_00654,2026-01-06 18:35:00,4424.16,1
W_00001270,C_00041888,ATM_01335,2026-01-06 11:51:00,8607.74,1
W_00001271,C_00042020,ATM_00173,2026-01-06 06:21:00,3112.5,1
W_00001272,C_00042090,ATM_01390,2026-01-06 00:02:00,3373.82,1
W_00001273,C_00042097,ATM_00030,2026-01-06 06:07:00,25203.91,1
W_00001274,C_00042130,ATM_01316,2026-01-05 15:44:00,11678.17,1
W_00001275,C_00042137,ATM_00822,2026-01-05 14:24:00,1567.62,1
W_00001276,C_00042139,ATM_00551,2026-01-06 20:03:00,7158.66,1
W_00001277,C_00042156,ATM_00759,2026-01-05 13:28:00,22700.13,1
W_00001278,C_00042182,ATM_00139,2026-01-06 06:02:00,13251.47,1
W_00001279,C_00042194,ATM_00677,2026-01-06 09:02:00,19382.72,1
W_00001280,C_00042211,ATM_00804,2026-01-05 20:13:00,2099.99,1
W_00001281,C_00042218,ATM_00361,2026-01-06 08:48:00,11127.79,1
W_00001282,C_00042220,ATM_00531,2026-01-05 20:54:00,136094.81,1
W_00001283,C_00042231,ATM_01244,2026-01-05 23:43:00,5899.29,1
W_00001284,C_00042246,ATM_00466,2026-01-06 09:56:00,1946.52,1
W_00001285,C_00042257,ATM_00917,2026-01-06 08:13:00,20204.7,1
W_00001286,C_00042290,ATM_00387,2026-01-06 13:32:00,9941.56,1
W_00001287,C_00042303,ATM_00357,2026-01-06 08:20:00,34060.86,1
W_00001288,C_00042369,ATM_00823,2026-01-05 12:35:00,39493.22,1
W_00001289,C_00042406,ATM_00570,2026-01-06 08:42:00,24392.02,1
W_00001290,C_00042423,ATM_00860,2026-01-06 01:37:00,2203.28,1
W_00001291,C_00042437,ATM_00692,2026-01-06 16:24:00,20308.76,1
W_00001292,C_00042480,ATM_00743,2026-01-06 01:51:00,33368.86,1
W_00001293,C_00042556,ATM_01086,2026-01-06 08:57:00,9288.38,1
W_00001294,C_00042594,ATM_01135,2026-01-06 08:38:00,11128.35,1
W_00001295,C_00042632,ATM_00022,2026-01-06 03:27:00,38079.56,1
W_00001296,C_00042643,ATM_00175,2026-01-05 13:42:00,3460.45,1
W_00001297,C_00042689,ATM_00729,2026-01-05 15:56:00,8538.89,1
W_00001298,C_00042730,ATM_01222,2026-01-05 17:02:00,4248.45,1
W_00001299,C_00042782,ATM_01112,2026-01-06 09:50:00,105318.08,1
W_00001300,C_00042789,ATM_01491,2026-01-06 10:42:00,6260.25,1
W_00001301,C_00042811,ATM_00552,2026-01-06 03:29:00,11228.31,1
W_00001302,C_00042871,ATM_01289,2026-01-05 16:53:00,4327.37,1
W_00001303,C_00042878,ATM_00188,2026-01-06 02:19:00,2137.66,1
W_00001304,C_00042886,ATM_00240,2026-01-06 00:58:00,2265.19,1
W_00001305,C_00042891,ATM_00877,2026-01-06 13:25:00,2296.28,1
W_00001306,C_00042924,ATM_00253,2026-01-05 23:48:00,22574.52,1
W_00001307,C_00042975,ATM_00877,2026-01-06 18:28:00,15543.34,1
W_00001308,C_00043012,ATM_01310,2026-01-05 22:30:00,6463.7,1
W_00001309,C_00043077,ATM_00958,2026-01-06 07:38:00,43217.74,1
W_00001310,C_00043118,ATM_01309,2026-01-06 04:51:00,26522.18,1
W_00001311,C_00043131,ATM_01305,2026-01-06 04:44:00,5644.82,1
W_00001312,C_00043161,ATM_00552,2026-01-05 19:35:00,1882.63,1
W_00001313,C_00043212,ATM_00846,2026-01-06 04:48:00,29520.94,1
W_00001314,C_00043265,ATM_01341,2026-01-05 18:22:00,19886.03,1
W_00001315,C_00043303,ATM_00973,2026-01-05 19:48:00,33485.8,1
W_00001316,C_00043312,ATM_01091,2026-01-05 16:35:00,7526.82,1
W_00001317,C_00043316,ATM_00864,2026-01-06 10:59:00,75217.88,1
W_00001318,C_00043350,ATM_00044,2026-01-05 23:59:00,9236.28,1
W_00001319,C_00043374,ATM_01230,2026-01-06 02:43:00,21001.26,1
W_00001320,C_00043394,ATM_00183,2026-01-06 10:50:00,12352.41,1
W_00001321,C_00043426,ATM_01072,2026-01-06 08:07:00,583.28,1
W_00001322,C_00043452,ATM_01092,2026-01-06 06:33:00,6101.75,1
W_00001323,C_00043455,ATM_00669,2026-01-06 02:51:00,7662.36,1
W_00001324,C_00043458,ATM_00877,2026-01-05 21:23:00,37047.91,1
W_00001325,C_00043463,ATM_01291,2026-01-05 18:04:00,3435.34,1
W_00001326,C_00043499,ATM_00072,2026-01-06 03:12:00,5575.76,1
W_00001327,C_00043512,ATM_00389,2026-01-05 18:57:00,6813.65,1
W_00001328,C_00043543,ATM_00646,2026-01-06 15:57:00,14221.33,1
W_00001329,C_00043566,ATM_00129,2026-01-05 13:31:00,4963.94,1
W_00001330,C_00043569,ATM_00570,2026-01-05 16:10:00,913.95,1
W_00001331,C_00043571,ATM_01179,2026-01-06 13:24:00,4394.38,1
W_00001332,C_00043578,ATM_01364,2026-01-06 11:56:00,9975.38,1
W_00001333,C_00043608,ATM_01056,2026-01-05 10:13:00,3784.34,1
W_00001334,C_00043616,ATM_00448,2026-01-06 03:05:00,9106.52,1
W_00001335,C_00043690,ATM_00936,2026-01-05 23:21:00,4802.29,1
W_00001336,C_00043700,ATM_00139,2026-01-06 09:56:00,8543.81,1
W_00001337,C_00043705,ATM_00780,2026-01-05 22:47:00,12147.84,1
W_00001338,C_00043763,ATM_00489,2026-01-06 00:12:00,3933.1,1
W_00001339,C_00043781,ATM_00982,2026-01-06 14:05:00,53300.28,1
W_00001340,C_00043816,ATM_01210,2026-01-06 10:02:00,7250.98,1
W_00001341,C_00043829,ATM_00558,2026-01-05 19:38:00,15036.19,1
W_00001342,C_00043893,ATM_01231,2026-01-05 23:31:00,5035.02,1
W_00001343,C_00044006,ATM_00394,2026-01-06 03:41:00,17283.94,1
W_00001344,C_00044038,ATM_00142,2026-01-06 09:29:00,22926.66,1
W_00001345,C_00044053,ATM_00405,2026-01-06 15:19:00,43395.49,1
W_00001346,C_00044286,ATM_00227,2026-01-06 02:55:00,8430.8,1
W_00001347,C_00044290,ATM_00752,2026-01-05 23:03:00,21355.03,1
W_00001348,C_00044298,ATM_01289,2026-01-06 08:18:00,23737.17,1
W_00001349,C_00044300,ATM_00123,2026-01-06 00:28:00,12679.33,1
W_00001350,C_00044310,ATM_00976,2026-01-05 21:16:00,3456.36,1
W_00001351,C_00044314,ATM_00737,2026-01-06 10:26:00,200000.0,1
W_00001352,C_00044333,ATM_01099,2026-01-06 14:33:00,3054.05,1
W_00001353,C_00044360,ATM_00028,2026-01-05 15:47:00,14952.42,1
W_00001354,C_00044386,ATM_00640,2026-01-05 11:47:00,71105.81,1
W_00001355,C_00044400,ATM_00707,2026-01-06 06:32:00,22652.13,1
W_00001356,C_00044414,ATM_00736,2026-01-06 16:24:00,5674.43,1
W_00001357,C_00044437,ATM_00884,2026-01-05 18:13:00,16420.88,1
W_00001358,C_00044445,ATM_00635,2026-01-06 00:36:00,1123.11,1
W_00001359,C_00044497,ATM_01000,2026-01-06 13:45:00,2936.69,1
W_00001360,C_00044499,ATM_01005,2026-01-05 22:23:00,27913.43,1
W_00001361,C_00044507,ATM_00793,2026-01-06 03:35:00,17985.43,1
W_00001362,C_00044552,ATM_00973,2026-01-05 22:51:00,15964.1,1
W_00001363,C_00044554,ATM_00185,2026-01-06 04:22:00,125653.42,1
W_00001364,C_00044555,ATM_00206,2026-01-05 22:31:00,11031.35,1
W_00001365,C_00044581,ATM_00831,2026-01-05 21:51:00,18090.9,1
W_00001366,C_00044589,ATM_00307,2026-01-06 08:40:00,36379.19,1
W_00001367,C_00044670,ATM_00658,2026-01-05 17:49:00,1018.4,1
W_00001368,C_00044700,ATM_00497,2026-01-06 01:24:00,5008.66,1
W_00001369,C_00044710,ATM_00291,2026-01-06 14:10:00,7946.18,1
W_00001370,C_00044780,ATM_00105,2026-01-05 22:03:00,6634.04,1
W_00001371,C_00044783,ATM_00807,2026-01-06 11:35:00,9009.38,1
W_00001372,C_00044791,ATM_01305,2026-01-05 23:31:00,9226.64,1
W_00001373,C_00044804,ATM_00783,2026-01-06 05:51:00,11696.42,1
W_00001374,C_00044848,ATM_01452,2026-01-05 20:56:00,7264.1,1
W_00001375,C_00044862,ATM_00639,2026-01-05 23:51:00,18735.21,1
W_00001376,C_00044871,ATM_00108,2026-01-06 10:34:00,5467.22,1
W_00001377,C_00044913,ATM_00382,2026-01-06 09:17:00,12879.27,1
W_00001378,C_00044915,ATM_00462,2026-01-06 16:59:00,2080.78,1
W_00001379,C_00044969,ATM_00550,2026-01-06 00:52:00,74615.5,1
W_00001380,C_00044971,ATM_01426,2026-01-06 15:56:00,8617.05,1
W_00001381,C_00044977,ATM_01260,2026-01-06 01:31:00,28504.31,1
W_00001382,C_00044978,ATM_00796,2026-01-06 09:52:00,5988.64,1
W_00001383,C_00045038,ATM_00225,2026-01-05 22:26:00,3957.14,1
W_00001384,C_00045056,ATM_01373,2026-01-05 22:15:00,4979.4,1
W_00001385,C_00045063,ATM_01155,2026-01-06 13:10:00,10926.1,1
W_00001386,C_00045079,ATM_01083,2026-01-05 15:19:00,15402.12,1
W_00001387,C_00045113,ATM_00356,2026-01-06 17:10:00,4929.28,1
W_00001388,C_00045223,ATM_00344,2026-01-05 13:32:00,21736.8,1
W_00001389,C_00045249,ATM_00952,2026-01-06 08:36:00,5221.93,1
W_00001390,C_00045250,ATM_01003,2026-01-06 02:41:00,10285.64,1
W_00001391,C_00045258,ATM_01423,2026-01-05 06:20:00,8729.18,1
W_00001392,C_00045284,ATM_00801,2026-01-06 10:20:00,2412.81,1
W_00001393,C_00045338,ATM_00194,2026-01-06 02:49:00,11884.56,1
W_00001394,C_00045350,ATM_00812,2026-01-06 03:54:00,59416.88,1
W_00001395,C_00045369,ATM_01044,2026-01-05 05:54:00,16601.22,1
W_00001396,C_00045418,ATM_00669,2026-01-05 23:51:00,18842.22,1
W_00001397,C_00045421,ATM_00903,2026-01-05 23:22:00,13878.11,1
W_00001398,C_00045512,ATM_00684,2026-01-06 02:25:00,1974.1,1
W_00001399,C_00045514,ATM_01387,2026-01-05 23:10:00,26125.41,1
W_00001400,C_00045517,ATM_01304,2026-01-06 05:08:00,5808.12,1
W_00001401,C_00045526,ATM_00791,2026-01-05 18:49:00,2893.7,1
W_00001402,C_00045558,ATM_01080,2026-01-06 05:33:00,4486.95,1
W_00001403,C_00045616,ATM_01055,2026-01-05 06:39:00,2798.49,1
W_00001404,C_00045630,ATM_00207,2026-01-06 15:21:00,6364.24,1
W_00001405,C_00045631,ATM_00088,2026-01-06 05:01:00,9683.25,1
W_00001406,C_00045654,ATM_01188,2026-01-06 10:12:00,11066.92,1
W_00001407,C_00045688,ATM_01239,2026-01-06 06:52:00,1502.1,1
W_00001408,C_00045690,ATM_00898,2026-01-05 12:28:00,32943.75,1
W_00001409,C_00045733,ATM_00560,2026-01-06 18:28:00,17747.48,1
W_00001410,C_00045741,ATM_01112,2026-01-05 09:47:00,14453.66,1
W_00001411,C_00045795,ATM_01112,2026-01-05 20:06:00,17167.76,1
W_00001412,C_00045808,ATM_00657,2026-01-06 03:12:00,2196.95,1
W_00001413,C_00045861,ATM_00521,2026-01-05 14:25:00,21563.86,1
W_00001414,C_00045924,ATM_01384,2026-01-05 16:42:00,6343.45,1
W_00001415,C_00045953,ATM_01240,2026-01-05 19:04:00,6932.83,1
W_00001416,C_00045958,ATM_00665,2026-01-05 20:58:00,9818.62,1
W_00001417,C_00045982,ATM_00229,2026-01-05 11:42:00,53658.92,1
W_00001418,C_00045999,ATM_01165,2026-01-05 13:49:00,9063.8,1
W_00001419,C_00046003,ATM_00035,2026-01-07 19:19:00,102808.57,1
W_00001420,C_00046006,ATM_00667,2026-01-06 20:52:00,3577.02,1
W_00001421,C_00046067,ATM_00670,2026-01-06 17:34:00,14181.65,1
W_00001422,C_00046068,ATM_00095,2026-01-06 22:56:00,25127.77,1
W_00001423,C_00046178,ATM_00489,2026-01-06 16:06:00,72332.77,1
W_00001424,C_00046190,ATM_01062,2026-01-06 08:56:00,7000.05,1
W_00001425,C_00046192,ATM_01442,2026-01-07 00:57:00,1231.47,1
W_00001426,C_00046193,ATM_01361,2026-01-07 13:12:00,61196.99,1
W_00001427,C_00046232,ATM_00590,2026-01-07 07:27:00,1859.96,1
W_00001428,C_00046238,ATM_00426,2026-01-06 19:37:00,3495.13,1
W_00001429,C_00046246,ATM_00854,2026-01-06 19:00:00,1432.5,1
W_00001430,C_00046300,ATM_00229,2026-01-06 19:10:00,11247.3,1
W_00001431,C_00046384,ATM_01287,2026-01-07 14:14:00,2468.85,1
W_00001432,C_00046422,ATM_01375,2026-01-07 12:47:00,69119.8,1
W_00001433,C_00046424,ATM_00241,2026-01-06 11:14:00,13435.46,1
W_00001434,C_00046493,ATM_00024,2026-01-06 15:21:00,10287.35,1
W_00001435,C_00046505,ATM_01466,2026-01-07 04:37:00,39822.42,1
W_00001436,C_00046524,ATM_00530,2026-01-07 05:05:00,144962.69,1
W_00001437,C_00046603,ATM_01353,2026-01-06 14:40:00,12376.19,1
W_00001438,C_00046635,ATM_00888,2026-01-06 22:25:00,5967.83,1
W_00001439,C_00046655,ATM_01053,2026-01-06 07:40:00,7547.42,1
W_00001440,C_00046740,ATM_00611,2026-01-06 14:48:00,15481.54,1
W_00001441,C_00046763,ATM_00999,2026-01-06 19:53:00,16585.21,1
W_00001442,C_00046813,ATM_00797,2026-01-06 16:52:00,101162.85,1
W_00001443,C_00046836,ATM_00318,2026-01-07 00:38:00,11046.08,1
W_00001444,C_00046845,ATM_01066,2026-01-07 04:40:00,2243.53,1
W_00001445,C_00046879,ATM_00614,2026-01-07 13:40:00,12744.79,1
W_00001446,C_00046882,ATM_00132,2026-01-06 20:26:00,2356.42,1
W_00001447,C_00046926,ATM_00399,2026-01-07 16:07:00,13639.69,1
W_00001448,C_00046939,ATM_00564,2026-01-06 23:40:00,12552.69,1
W_00001449,C_00047032,ATM_00471,2026-01-06 17:00:00,1038.75,1
W_00001450,C_00047048,ATM_00685,2026-01-06 18:26:00,991.51,1
W_00001451,C_00047065,ATM_00064,2026-01-06 18:56:00,13497.55,1
W_00001452,C_00047094,ATM_01336,2026-01-06 14:29:00,1474.9,1
W_00001453,C_00047154,ATM_00306,2026-01-07 04:32:00,22705.44,1
W_00001454,C_00047167,ATM_01279,2026-01-06 19:57:00,15754.34,1
W_00001455,C_00047172,ATM_01080,2026-01-06 15:40:00,603.26,1
W_00001456,C_00047176,ATM_00811,2026-01-07 02:44:00,1641.62,1
W_00001457,C_00047301,ATM_00045,2026-01-07 05:00:00,2373.16,1
W_00001458,C_00047349,ATM_00533,2026-01-07 14:28:00,7364.69,1
W_00001459,C_00047352,ATM_00908,2026-01-07 13:48:00,9410.34,1
W_00001460,C_00047376,ATM_00052,2026-01-06 16:59:00,1085.71,1
W_00001461,C_00047388,ATM_00857,2026-01-07 01:34:00,6607.39,1
W_00001462,C_00047402,ATM_00218,2026-01-07 06:09:00,14997.05,1
W_00001463,C_00047410,ATM_01088,2026-01-07 17:51:00,4436.41,1
W_00001464,C_00047411,ATM_00010,2026-01-07 10:36:00,4233.56,1
W_00001465,C_00047419,ATM_01360,2026-01-07 13:24:00,6901.56,1
W_00001466,C_00047450,ATM_00206,2026-01-07 03:16:00,37704.59,1
W_00001467,C_00047558,ATM_00496,2026-01-06 22:23:00,1568.72,1
W_00001468,C_00047561,ATM_00938,2026-01-07 13:21:00,13476.2,1
W_00001469,C_00047563,ATM_01125,2026-01-07 03:32:00,13741.6,1
W_00001470,C_00047565,ATM_01251,2026-01-07 02:31:00,44287.25,1
W_00001471,C_00047567,ATM_00692,2026-01-07 06:17:00,23451.52,1
W_00001472,C_00047586,ATM_01276,2026-01-07 15:35:00,18191.42,1
W_00001473,C_00047636,ATM_00801,2026-01-07 14:39:00,4336.14,1
W_00001474,C_00047639,ATM_00675,2026-01-06 21:45:00,18116.11,1
W_00001475,C_00047677,ATM_01066,2026-01-06 23:29:00,35553.45,1
W_00001476,C_00047759,ATM_00201,2026-01-06 11:05:00,65534.2,1
W_00001477,C_00047760,ATM_00189,2026-01-07 14:21:00,142440.27,1
W_00001478,C_00047846,ATM_01407,2026-01-07 12:47:00,41645.53,1
W_00001479,C_00047899,ATM_00160,2026-01-07 10:15:00,7865.51,1
W_00001480,C_00047964,ATM_01017,2026-01-07 13:28:00,16330.72,1
W_00001481,C_00047991,ATM_00809,2026-01-07 14:25:00,19865.34,1
W_00001482,C_00048019,ATM_00551,2026-01-07 15:33:00,9450.73,1
W_00001483,C_00048024,ATM_00793,2026-01-06 23:02:00,14890.78,1
W_00001484,C_00048056,ATM_00498,2026-01-07 05:29:00,18815.46,1
W_00001485,C_00048072,ATM_01041,2026-01-07 15:38:00,3150.52,1
W_00001486,C_00048080,ATM_01413,2026-01-06 19:26:00,7633.61,1
W_00001487,C_00048105,ATM_01218,2026-01-07 12:13:00,2205.88,1
W_00001488,C_00048134,ATM_01359,2026-01-06 21:57:00,2984.41,1
W_00001489,C_00048142,ATM_00181,2026-01-06 13:15:00,12094.32,1
W_00001490,C_00048159,ATM_00598,2026-01-07 04:20:00,23366.91,1
W_00001491,C_00048162,ATM_01390,2026-01-07 04:14:00,27803.15,1
W_00001492,C_00048171,ATM_00015,2026-01-07 16:21:00,29929.99,1
W_00001493,C_00048220,ATM_00630,2026-01-06 08:26:00,12438.3,1
W_00001494,C_00048276,ATM_00505,2026-01-07 07:33:00,28521.7,1
W_00001495,C_00048298,ATM_01483,2026-01-06 18:35:00,17828.28,1
W_00001496,C_00048314,ATM_00394,2026-01-07 01:34:00,65123.22,1
W_00001497,C_00048380,ATM_01316,2026-01-07 02:27:00,16989.07,1
W_00001498,C_00048474,ATM_00195,2026-01-06 19:12:00,1411.48,1
W_00001499,C_00048519,ATM_01131,2026-01-07 12:00:00,35507.48,1
W_00001500,C_00048552,ATM_00220,2026-01-06 19:40:00,3597.88,1
W_00001501,C_00048564,ATM_00361,2026-01-07 09:08:00,2593.05,1
W_00001502,C_00048575,ATM_00046,2026-01-07 03:12:00,8881.66,1
W_00001503,C_00048578,ATM_00588,2026-01-07 03:48:00,17063.63,1
W_00001504,C_00048585,ATM_01339,2026-01-07 03:22:00,40630.72,1
W_00001505,C_00048621,ATM_00540,2026-01-07 10:08:00,1312.24,1
W_00001506,C_00048649,ATM_00779,2026-01-07 03:35:00,2150.47,1
W_00001507,C_00048749,ATM_00129,2026-01-07 10:11:00,7141.22,1
W_00001508,C_00048788,ATM_00760,2026-01-07 07:55:00,3810.92,1
W_00001509,C_00048844,ATM_00910,2026-01-07 15:30:00,17106.25,1
W_00001510,C_00048864,ATM_00762,2026-01-07 04:11:00,12005.34,1
W_00001511,C_00048914,ATM_00884,2026-01-06 14:33:00,200000.0,1
W_00001512,C_00048972,ATM_00768,2026-01-07 08:19:00,6494.29,1
W_00001513,C_00048985,ATM_00446,2026-01-07 02:06:00,3626.76,1
W_00001514,C_00049011,ATM_00651,2026-01-06 20:46:00,30244.65,1
W_00001515,C_00049022,ATM_00729,2026-01-07 09:22:00,14874.55,1
W_00001516,C_00049066,ATM_00094,2026-01-07 03:07:00,5124.55,1
W_00001517,C_00049158,ATM_00449,2026-01-06 13:02:00,593.42,1
W_00001518,C_00049169,ATM_00018,2026-01-07 03:16:00,11912.37,1
W_00001519,C_00049190,ATM_00590,2026-01-06 22:06:00,21706.25,1
W_00001520,C_00049231,ATM_01257,2026-01-06 22:57:00,15132.19,1
W_00001521,C_00049233,ATM_00985,2026-01-06 17:55:00,5443.21,1
W_00001522,C_00049236,ATM_01065,2026-01-07 04:06:00,18942.36,1
W_00001523,C_00049245,ATM_00329,2026-01-06 18:58:00,1951.76,1
W_00001524,C_00049247,ATM_00224,2026-01-06 22:36:00,11604.05,1
W_00001525,C_00049273,ATM_00709,2026-01-06 21:26:00,23190.06,1
W_00001526,C_00049338,ATM_00872,2026-01-07 02:35:00,16679.27,1
W_00001527,C_00049362,ATM_00322,2026-01-07 01:50:00,7585.5,1
W_00001528,C_00049363,ATM_00931,2026-01-06 22:56:00,6909.76,1
W_00001529,C_00049372,ATM_01296,2026-01-07 01:40:00,7110.71,1
W_00001530,C_00049380,ATM_00932,2026-01-07 13:17:00,32524.92,1
W_00001531,C_00049439,ATM_00811,2026-01-07 01:15:00,13148.58,1
W_00001532,C_00049495,ATM_01093,2026-01-07 01:36:00,15475.09,1
W_00001533,C_00049523,ATM_01009,2026-01-07 12:37:00,16572.44,1
W_00001534,C_00049531,ATM_00269,2026-01-07 12:13:00,7365.88,1
W_00001535,C_00049546,ATM_00062,2026-01-07 01:50:00,21674.34,1
W_00001536,C_00049644,ATM_00850,2026-01-07 08:06:00,7166.25,1
W_00001537,C_00049650,ATM_00819,2026-01-07 03:24:00,2299.95,1
W_00001538,C_00049674,ATM_01036,2026-01-07 09:28:00,6884.26,1
W_00001539,C_00049682,ATM_01410,2026-01-06 23:34:00,10431.49,1
W_00001540,C_00049683,ATM_00708,2026-01-06 09:03:00,11277.32,1
W_00001541,C_00049729,ATM_00463,2026-01-06 17:37:00,4590.34,1
W_00001542,C_00049730,ATM_01380,2026-01-07 02:14:00,4436.23,1
W_00001543,C_00049735,ATM_01074,2026-01-06 23:15:00,10498.61,1
W_00001544,C_00049808,ATM_01492,2026-01-07 02:36:00,4061.1,1
W_00001545,C_00049830,ATM_00732,2026-01-07 12:54:00,8522.09,1
W_00001546,C_00049831,ATM_00089,2026-01-07 10:18:00,1535.16,1
W_00001547,C_00049833,ATM_00827,2026-01-07 11:03:00,16262.08,1
W_00001548,C_00049843,ATM_01321,2026-01-06 18:53:00,4616.84,1
W_00001549,C_00049861,ATM_00319,2026-01-07 01:02:00,4313.06,1
W_00001550,C_00049867,ATM_01301,2026-01-07 13:24:00,3759.98,1
W_00001551,C_00049926,ATM_00026,2026-01-07 11:12:00,17802.04,1
W_00001552,C_00049939,ATM_01341,2026-01-07 14:22:00,19709.38,1
W_00001553,C_00049957,ATM_00879,2026-01-07 11:57:00,9323.34,1
W_00001554,C_00050016,ATM_01204,2026-01-07 17:55:00,2838.02,1
W_00001555,C_00050031,ATM_00203,2026-01-07 03:37:00,22783.31,1
W_00001556,C_00050054,ATM_00394,2026-01-07 06:09:00,52323.65,1
W_00001557,C_00050066,ATM_01138,2026-01-07 07:07:00,5786.48,1
W_00001558,C_00050108,ATM_00476,2026-01-06 11:32:00,3594.28,1
W_00001559,C_00050152,ATM_01295,2026-01-07 17:18:00,3443.21,1
W_00001560,C_00050290,ATM_00991,2026-01-07 03:11:00,5768.09,1
W_00001561,C_00050297,ATM_00567,2026-01-07 00:06:00,16870.13,1
W_00001562,C_00050299,ATM_00937,2026-01-07 03:35:00,1365.44,1
W_00001563,C_00050334,ATM_00632,2026-01-07 03:08:00,5176.05,1
W_00001564,C_00050363,ATM_00498,2026-01-06 14:42:00,3009.35,1
W_00001565,C_00050364,ATM_00624,2026-01-07 10:25:00,8673.55,1
W_00001566,C_00050391,ATM_00655,2026-01-06 11:36:00,9688.82,1
W_00001567,C_00050451,ATM_00880,2026-01-07 03:48:00,73503.26,1
W_00001568,C_00050467,ATM_00209,2026-01-06 20:08:00,6338.67,1
W_00001569,C_00050488,ATM_00247,2026-01-07 12:17:00,2153.84,1
W_00001570,C_00050519,ATM_00730,2026-01-06 14:58:00,6547.93,1
W_00001571,C_00050539,ATM_00857,2026-01-06 10:41:00,4752.05,1
W_00001572,C_00050549,ATM_00325,2026-01-06 23:54:00,3126.45,1
W_00001573,C_00050552,ATM_00514,2026-01-07 06:15:00,8063.57,1
W_00001574,C_00050642,ATM_01479,2026-01-06 23:27:00,36889.29,1
W_00001575,C_00050680,ATM_00523,2026-01-07 05:32:00,6341.13,1
W_00001576,C_00050743,ATM_01398,2026-01-07 08:07:00,5316.54,1
W_00001577,C_00050748,ATM_00380,2026-01-07 18:38:00,8109.44,1
W_00001578,C_00050756,ATM_00221,2026-01-07 13:00:00,2585.71,1
W_00001579,C_00050844,ATM_00112,2026-01-06 14:47:00,3585.16,1
W_00001580,C_00050885,ATM_01384,2026-01-07 13:19:00,8581.71,1
W_00001581,C_00050939,ATM_00105,2026-01-07 04:48:00,15246.48,1
W_00001582,C_00050948,ATM_01080,2026-01-07 07:44:00,4073.38,1
W_00001583,C_00050986,ATM_00931,2026-01-07 03:29:00,3923.79,1
W_00001584,C_00050996,ATM_01097,2026-01-06 18:51:00,6162.83,1
W_00001585,C_00051009,ATM_00175,2026-01-07 19:05:00,54236.19,1
W_00001586,C_00051054,ATM_01139,2026-01-07 00:52:00,18330.3,1
W_00001587,C_00051086,ATM_01355,2026-01-07 01:53:00,10750.18,1
W_00001588,C_00051095,ATM_00110,2026-01-06 21:46:00,22263.88,1
W_00001589,C_00051163,ATM_00598,2026-01-07 02:54:00,11554.57,1
W_00001590,C_00051260,ATM_00875,2026-01-07 09:19:00,3923.57,1
W_00001591,C_00051295,ATM_00882,2026-01-07 07:45:00,17892.31,1
W_00001592,C_00051346,ATM_01334,2026-01-07 18:32:00,35336.36,1
W_00001593,C_00051415,ATM_00213,2026-01-07 00:03:00,19588.05,1
W_00001594,C_00051423,ATM_00937,2026-01-06 17:12:00,5061.03,1
W_00001595,C_00051437,ATM_00181,2026-01-07 14:08:00,5388.42,1
W_00001596,C_00051440,ATM_00707,2026-01-07 09:30:00,42831.0,1
W_00001597,C_00051460,ATM_01061,2026-01-06 18:17:00,26586.39,1
W_00001598,C_00051462,ATM_00138,2026-01-07 14:18:00,6947.0,1
W_00001599,C_00051480,ATM_01259,2026-01-07 06:29:00,4362.35,1
W_00001600,C_00051499,ATM_00301,2026-01-07 10:56:00,33945.2,1
W_00001601,C_00051511,ATM_00569,2026-01-07 10:01:00,15484.84,1
W_00001602,C_00051541,ATM_01245,2026-01-07 15:07:00,17212.36,1
W_00001603,C_00051545,ATM_00844,2026-01-07 07:30:00,16934.65,1
W_00001604,C_00051599,ATM_00270,2026-01-07 04:08:00,16347.34,1
W_00001605,C_00051631,ATM_01236,2026-01-06 16:48:00,12146.16,1
W_00001606,C_00051720,ATM_00759,2026-01-06 14:36:00,32920.75,1
W_00001607,C_00051761,ATM_00298,2026-01-06 19:21:00,13019.84,1
W_00001608,C_00051804,ATM_01447,2026-01-06 06:07:00,9171.91,1
W_00001609,C_00051826,ATM_01396,2026-01-06 17:18:00,24757.3,1
W_00001610,C_00051863,ATM_00539,2026-01-06 14:41:00,15209.12,1
W_00001611,C_00051927,ATM_00115,2026-01-07 15:01:00,1681.31,1
W_00001612,C_00051933,ATM_01376,2026-01-06 17:37:00,15920.67,1
W_00001613,C_00051957,ATM_00411,2026-01-07 12:04:00,34338.43,1
W_00001614,C_00051962,ATM_00060,2026-01-07 03:13:00,7278.31,1
W_00001615,C_00051968,ATM_00302,2026-01-07 03:47:00,2392.24,1
W_00001616,C_00051970,ATM_01210,2026-01-07 02:33:00,7154.57,1
W_00001617,C_00052038,ATM_00426,2026-01-07 01:47:00,5678.29,1
W_00001618,C_00052056,ATM_00276,2026-01-07 11:58:00,2425.12,1
W_00001619,C_00052062,ATM_00704,2026-01-07 14:32:00,7354.62,1
W_00001620,C_00052065,ATM_01376,2026-01-06 10:04:00,26432.63,1
W_00001621,C_00052069,ATM_01131,2026-01-07 11:35:00,5914.11,1
W_00001622,C_00052077,ATM_01498,2026-01-06 14:08:00,4751.73,1
W_00001623,C_00052092,ATM_00702,2026-01-06 15:03:00,46059.74,1
W_00001624,C_00052182,ATM_00222,2026-01-07 02:31:00,2793.66,1
W_00001625,C_00052229,ATM_00229,2026-01-06 13:17:00,4785.18,1
W_00001626,C_00052284,ATM_01171,2026-01-07 06:28:00,6235.76,1
W_00001627,C_00052308,ATM_01315,2026-01-07 04:58:00,10188.24,1
W_00001628,C_00052362,ATM_00252,2026-01-06 20:36:00,150612.29,1
W_00001629,C_00052392,ATM_00353,2026-01-06 16:07:00,4441.65,1
W_00001630,C_00052397,ATM_01203,2026-01-06 14:47:00,4591.15,1
W_00001631,C_00052448,ATM_00721,2026-01-06 06:02:00,2469.68,1
W_00001632,C_00052478,ATM_00815,2026-01-06 20:22:00,5223.68,1
W_00001633,C_00052541,ATM_00088,2026-01-06 10:16:00,21172.41,1
W_00001634,C_00052594,ATM_01217,2026-01-07 05:44:00,3809.44,1
W_00001635,C_00052612,ATM_00115,2026-01-06 18:47:00,58974.73,1
W_00001636,C_00052632,ATM_00436,2026-01-06 16:57:00,12417.44,1
W_00001637,C_00052635,ATM_00382,2026-01-07 01:52:00,1950.77,1
W_00001638,C_00052675,ATM_00853,2026-01-07 16:47:00,14398.45,1
W_00001639,C_00052677,ATM_00936,2026-01-07 05:13:00,16400.09,1
W_00001640,C_00052737,ATM_00593,2026-01-07 09:03:00,19629.89,1
W_00001641,C_00052762,ATM_00470,2026-01-07 04:57:00,6265.32,1
W_00001642,C_00052806,ATM_00040,2026-01-07 10:52:00,26923.85,1
W_00001643,C_00052832,ATM_00691,2026-01-07 07:17:00,3670.51,1
W_00001644,C_00052840,ATM_00476,2026-01-07 05:16:00,144989.94,1
W_00001645,C_00052860,ATM_00387,2026-01-06 16:48:00,27777.56,1
W_00001646,C_00052915,ATM_00516,2026-01-06 22:20:00,1641.2,1
W_00001647,C_00052920,ATM_00437,2026-01-07 07:24:00,3423.39,1
W_00001648,C_00052927,ATM_01285,2026-01-07 08:35:00,5571.38,1
W_00001649,C_00052994,ATM_00336,2026-01-07 04:37:00,7756.99,1
W_00001650,C_00053016,ATM_00835,2026-01-07 01:28:00,41509.31,1
W_00001651,C_00053142,ATM_00973,2026-01-06 23:23:00,31762.49,1
W_00001652,C_00053176,ATM_00155,2026-01-06 20:48:00,6290.69,1
W_00001653,C_00053310,ATM_00743,2026-01-06 12:15:00,2820.78,1
W_00001654,C_00053343,ATM_00247,2026-01-07 11:41:00,44402.76,1
W_00001655,C_00053367,ATM_00769,2026-01-07 09:32:00,593.77,1
W_00001656,C_00053369,ATM_01172,2026-01-07 07:19:00,9947.99,1
W_00001657,C_00053373,ATM_01302,2026-01-07 01:27:00,22063.26,1
W_00001658,C_00053387,ATM_00635,2026-01-07 04:14:00,11227.54,1
W_00001659,C_00053452,ATM_00001,2026-01-07 12:24:00,10858.0,1
W_00001660,C_00053474,ATM_01491,2026-01-07 18:58:00,3884.34,1
W_00001661,C_00053597,ATM_00601,2026-01-07 12:06:00,7726.8,1
W_00001662,C_00053613,ATM_01461,2026-01-06 10:25:00,13695.49,1
W_00001663,C_00053614,ATM_00318,2026-01-07 10:58:00,17781.16,1
W_00001664,C_00053668,ATM_00681,2026-01-06 20:05:00,6564.9,1
W_00001665,C_00053680,ATM_01351,2026-01-07 07:50:00,28053.33,1
W_00001666,C_00053693,ATM_01239,2026-01-06 22:40:00,40429.53,1
W_00001667,C_00053712,ATM_00494,2026-01-07 01:57:00,11616.5,1
W_00001668,C_00053722,ATM_00014,2026-01-07 10:45:00,11549.9,1
W_00001669,C_00053734,ATM_00859,2026-01-06 20:26:00,6827.91,1
W_00001670,C_00053883,ATM_00467,2026-01-07 09:58:00,24271.99,1
W_00001671,C_00053897,ATM_00084,2026-01-07 16:56:00,8323.39,1
W_00001672,C_00053917,ATM_00998,2026-01-06 19:27:00,667.45,1
W_00001673,C_00053923,ATM_01012,2026-01-07 15:48:00,9006.35,1
W_00001674,C_00053990,ATM_00838,2026-01-06 19:33:00,9445.59,1
W_00001675,C_00054094,ATM_00593,2026-01-06 23:37:00,29651.76,1
W_00001676,C_00054136,ATM_00290,2026-01-07 03:20:00,11123.21,1
W_00001677,C_00054193,ATM_00280,2026-01-06 21:19:00,20545.67,1
W_00001678,C_00054281,ATM_01301,2026-01-06 22:46:00,27438.94,1
W_00001679,C_00054297,ATM_00542,2026-01-07 16:50:00,1146.88,1
W_00001680,C_00054329,ATM_01436,2026-01-07 01:48:00,12906.02,1
W_00001681,C_00054336,ATM_01066,2026-01-07 01:58:00,46687.1,1
W_00001682,C_00054464,ATM_00495,2026-01-07 10:03:00,6349.68,1
W_00001683,C_00054526,ATM_00231,2026-01-07 12:38:00,8780.7,1
W_00001684,C_00054535,ATM_01165,2026-01-07 14:45:00,7946.49,1
W_00001685,C_00054553,ATM_00982,2026-01-07 08:48:00,7177.53,1
W_00001686,C_00054571,ATM_00358,2026-01-07 05:22:00,2829.38,1
W_00001687,C_00054646,ATM_00067,2026-01-06 23:52:00,5052.03,1
W_00001688,C_00054692,ATM_00338,2026-01-06 10:19:00,664.32,1
W_00001689,C_00054723,ATM_00274,2026-01-06 15:48:00,12245.83,1
W_00001690,C_00054731,ATM_00906,2026-01-07 11:38:00,4469.73,1
W_00001691,C_00054758,ATM_01285,2026-01-07 06:27:00,6105.33,1
W_00001692,C_00054817,ATM_00108,2026-01-07 00:23:00,18759.96,1
W_00001693,C_00054826,ATM_00726,2026-01-07 16:34:00,1622.3,1
W_00001694,C_00054845,ATM_01206,2026-01-07 07:55:00,2163.71,1
W_00001695,C_00054856,ATM_01379,2026-01-07 05:32:00,25939.86,1
W_00001696,C_00054870,ATM_00466,2026-01-07 09:51:00,127934.46,1
W_00001697,C_00054907,ATM_00548,2026-01-06 09:57:00,1905.37,1
W_00001698,C_00054921,ATM_00896,2026-01-07 04:40:00,2920.08,1
W_00001699,C_00054938,ATM_01406,2026-01-07 02:00:00,7313.79,1
W_00001700,C_00054953,ATM_01360,2026-01-07 13:50:00,4746.43,1
W_00001701,C_00054992,ATM_00178,2026-01-06 23:50:00,8857.23,1
W_00001702,C_00055004,ATM_00819,2026-01-07 00:45:00,4561.25,1
W_00001703,C_00055074,ATM_01270,2026-01-06 18:50:00,9914.25,1
W_00001704,C_00055146,ATM_00343,2026-01-07 04:45:00,37480.54,1
W_00001705,C_00055191,ATM_00395,2026-01-07 11:25:00,57720.41,1
W_00001706,C_00055207,ATM_00248,2026-01-07 01:26:00,2687.45,1
W_00001707,C_00055261,ATM_01270,2026-01-06 18:35:00,7483.06,1
W_00001708,C_00055262,ATM_00640,2026-01-06 17:04:00,10979.85,1
W_00001709,C_00055296,ATM_01427,2026-01-07 02:15:00,7691.55,1
W_00001710,C_00055305,ATM_00809,2026-01-07 09:01:00,31292.44,1
W_00001711,C_00055315,ATM_00631,2026-01-07 00:54:00,7119.19,1
W_00001712,C_00055331,ATM_01406,2026-01-06 17:19:00,4833.82,1
W_00001713,C_00055448,ATM_00556,2026-01-06 19:18:00,3645.7,1
W_00001714,C_00055529,ATM_00564,2026-01-07 00:43:00,7362.4,1
W_00001715,C_00055566,ATM_00155,2026-01-06 20:15:00,1075.59,1
W_00001716,C_00055615,ATM_00033,2026-01-06 09:27:00,10638.38,1
W_00001717,C_00055632,ATM_00120,2026-01-07 04:15:00,4742.7,1
W_00001718,C_00055655,ATM_00346,2026-01-07 04:18:00,701.73,1
W_00001719,C_00055739,ATM_01345,2026-01-07 08:11:00,2115.96,1
W_00001720,C_00055804,ATM_00443,2026-01-06 20:38:00,3118.33,1
W_00001721,C_00055870,ATM_00869,2026-01-07 23:36:00,11032.77,1
W_00001722,C_00055889,ATM_00675,2026-01-07 08:47:00,8434.41,1
W_00001723,C_00055895,ATM_00988,2026-01-07 00:57:00,25233.41,1
W_00001724,C_00055908,ATM_00888,2026-01-07 11:52:00,9658.6,1
W_00001725,C_00055967,ATM_00030,2026-01-06 23:11:00,37142.39,1
W_00001726,C_00055990,ATM_00659,2026-01-06 19:47:00,6804.87,1
W_00001727,C_00056025,ATM_00235,2026-01-08 09:51:00,10174.59,1
W_00001728,C_00056040,ATM_01097,2026-01-08 13:38:00,83441.05,1
W_00001729,C_00056110,ATM_01442,2026-01-08 09:11:00,8057.28,1
W_00001730,C_00056147,ATM_00843,2026-01-08 17:32:00,10803.85,1
W_00001731,C_00056155,ATM_00315,2026-01-07 16:08:00,7784.16,1
W_00001732,C_00056169,ATM_00159,2026-01-07 22:47:00,26861.43,1
W_00001733,C_00056172,ATM_00291,2026-01-08 07:42:00,14957.29,1
W_00001734,C_00056220,ATM_00300,2026-01-08 05:39:00,3758.89,1
W_00001735,C_00056222,ATM_01019,2026-01-08 12:26:00,3658.51,1
W_00001736,C_00056234,ATM_00028,2026-01-08 06:58:00,4701.81,1
W_00001737,C_00056256,ATM_00546,2026-01-08 11:21:00,13577.51,1
W_00001738,C_00056272,ATM_00652,2026-01-08 02:25:00,44917.53,1
W_00001739,C_00056301,ATM_00718,2026-01-08 16:54:00,46197.6,1
W_00001740,C_00056388,ATM_00123,2026-01-08 01:32:00,12131.55,1
W_00001741,C_00056407,ATM_01294,2026-01-08 07:41:00,946.77,1
W_00001742,C_00056437,ATM_00144,2026-01-07 21:38:00,2247.32,1
W_00001743,C_00056503,ATM_00920,2026-01-07 22:56:00,18871.26,1
W_00001744,C_00056543,ATM_00405,2026-01-07 22:51:00,5981.81,1
W_00001745,C_00056544,ATM_00435,2026-01-07 15:15:00,30492.45,1
W_00001746,C_00056609,ATM_00103,2026-01-07 14:27:00,43206.73,1
W_00001747,C_00056664,ATM_00731,2026-01-08 02:41:00,7836.76,1
W_00001748,C_00056684,ATM_00212,2026-01-08 08:20:00,5378.36,1
W_00001749,C_00056799,ATM_00683,2026-01-08 23:12:00,11770.05,1
W_00001750,C_00056830,ATM_00230,2026-01-07 22:56:00,89526.26,1
W_00001751,C_00056917,ATM_00955,2026-01-08 04:53:00,27310.98,1
W_00001752,C_00056966,ATM_00905,2026-01-08 06:12:00,15221.58,1
W_00001753,C_00056987,ATM_00206,2026-01-08 13:44:00,12614.43,1
W_00001754,C_00057022,ATM_00779,2026-01-08 10:57:00,15061.7,1
W_00001755,C_00057109,ATM_00988,2026-01-07 16:44:00,7735.22,1
W_00001756,C_00057141,ATM_01383,2026-01-07 16:24:00,2611.71,1
W_00001757,C_00057147,ATM_00459,2026-01-07 17:41:00,5976.92,1
W_00001758,C_00057168,ATM_00859,2026-01-07 12:06:00,16603.45,1
W_00001759,C_00057209,ATM_00520,2026-01-07 15:00:00,15710.11,1
W_00001760,C_00057242,ATM_00970,2026-01-08 09:00:00,59069.08,1
W_00001761,C_00057253,ATM_00334,2026-01-07 17:12:00,7151.16,1
W_00001762,C_00057301,ATM_01044,2026-01-08 09:39:00,8642.7,1
W_00001763,C_00057332,ATM_00962,2026-01-08 15:32:00,9069.52,1
W_00001764,C_00057399,ATM_00784,2026-01-07 21:58:00,11110.0,1
W_00001765,C_00057469,ATM_00900,2026-01-07 07:34:00,2125.08,1
W_00001766,C_00057470,ATM_01269,2026-01-08 20:13:00,16622.65,1
W_00001767,C_00057479,ATM_00310,2026-01-08 02:49:00,6338.91,1
W_00001768,C_00057521,ATM_00860,2026-01-07 19:58:00,12069.81,1
W_00001769,C_00057568,ATM_01060,2026-01-08 06:52:00,20550.73,1
W_00001770,C_00057640,ATM_00732,2026-01-07 20:23:00,5319.99,1
W_00001771,C_00057644,ATM_00760,2026-01-07 21:29:00,2929.31,1
W_00001772,C_00057652,ATM_00705,2026-01-08 04:30:00,38369.54,1
W_00001773,C_00057687,ATM_00253,2026-01-08 09:46:00,77057.72,1
W_00001774,C_00057740,ATM_00754,2026-01-07 12:46:00,41957.3,1
W_00001775,C_00057841,ATM_00105,2026-01-07 19:17:00,19075.81,1
W_00001776,C_00057939,ATM_00257,2026-01-08 16:04:00,54489.0,1
W_00001777,C_00057974,ATM_00752,2026-01-08 00:26:00,2288.22,1
W_00001778,C_00058023,ATM_00716,2026-01-08 01:27:00,2498.71,1
W_00001779,C_00058026,ATM_01326,2026-01-08 16:49:00,67825.97,1
W_00001780,C_00058034,ATM_00195,2026-01-08 07:18:00,3677.8,1
W_00001781,C_00058069,ATM_00560,2026-01-07 14:23:00,4576.69,1
W_00001782,C_00058073,ATM_00761,2026-01-07 22:21:00,23841.67,1
W_00001783,C_00058077,ATM_00151,2026-01-07 18:16:00,8313.28,1
W_00001784,C_00058166,ATM_00376,2026-01-08 12:42:00,10079.91,1
W_00001785,C_00058230,ATM_00187,2026-01-07 23:44:00,21291.34,1
W_00001786,C_00058233,ATM_00590,2026-01-08 04:37:00,24738.74,1
W_00001787,C_00058248,ATM_01359,2026-01-08 07:36:00,13857.58,1
W_00001788,C_00058305,ATM_01235,2026-01-08 20:32:00,8207.77,1
W_00001789,C_00058362,ATM_01489,2026-01-08 16:01:00,5669.13,1
W_00001790,C_00058386,ATM_00673,2026-01-07 15:25:00,7441.17,1
W_00001791,C_00058436,ATM_00606,2026-01-07 19:58:00,2746.27,1
W_00001792,C_00058480,ATM_00834,2026-01-08 01:53:00,1860.77,1
W_00001793,C_00058499,ATM_00917,2026-01-08 19:44:00,2096.11,1
W_00001794,C_00058545,ATM_00009,2026-01-07 19:49:00,25301.6,1
W_00001795,C_00058617,ATM_00276,2026-01-08 03:56:00,25430.51,1
W_00001796,C_00058629,ATM_00405,2026-01-07 13:47:00,35998.14,1
W_00001797,C_00058676,ATM_00899,2026-01-08 01:39:00,13860.25,1
W_00001798,C_00058681,ATM_00315,2026-01-08 02:28:00,36459.21,1
W_00001799,C_00058702,ATM_00267,2026-01-08 20:54:00,2105.8,1
W_00001800,C_00058712,ATM_00720,2026-01-08 09:55:00,9338.28,1
W_00001801,C_00058714,ATM_00224,2026-01-08 02:42:00,7499.82,1
W_00001802,C_00058717,ATM_01117,2026-01-08 06:42:00,10913.11,1
W_00001803,C_00058737,ATM_01435,2026-01-07 19:19:00,47768.22,1
W_00001804,C_00058765,ATM_00089,2026-01-08 08:36:00,21043.95,1
W_00001805,C_00058767,ATM_00667,2026-01-08 19:41:00,18179.98,1
W_00001806,C_00058790,ATM_01078,2026-01-08 12:36:00,2515.25,1
W_00001807,C_00058812,ATM_00232,2026-01-08 09:45:00,12146.93,1
W_00001808,C_00058816,ATM_00554,2026-01-07 16:02:00,500.0,1
W_00001809,C_00058833,ATM_01457,2026-01-08 03:45:00,6580.04,1
W_00001810,C_00058838,ATM_00171,2026-01-07 05:04:00,7503.7,1
W_00001811,C_00058849,ATM_01429,2026-01-08 08:10:00,11678.0,1
W_00001812,C_00058874,ATM_00092,2026-01-07 21:04:00,5287.46,1
W_00001813,C_00058930,ATM_00236,2026-01-08 02:48:00,10639.71,1
W_00001814,C_00058967,ATM_00871,2026-01-08 06:48:00,1122.6,1
W_00001815,C_00059008,ATM_00862,2026-01-07 11:07:00,4274.04,1
W_00001816,C_00059019,ATM_00083,2026-01-08 07:14:00,2755.6,1
W_00001817,C_00059094,ATM_00853,2026-01-07 09:29:00,3078.12,1
W_00001818,C_00059155,ATM_00900,2026-01-07 20:48:00,3087.54,1
W_00001819,C_00059215,ATM_00318,2026-01-08 10:36:00,6533.6,1
W_00001820,C_00059223,ATM_00789,2026-01-08 04:33:00,1734.6,1
W_00001821,C_00059224,ATM_01327,2026-01-08 06:15:00,5670.86,1
W_00001822,C_00059304,ATM_00433,2026-01-08 16:27:00,9415.36,1
W_00001823,C_00059346,ATM_01064,2026-01-08 05:04:00,2953.9,1
W_00001824,C_00059357,ATM_01345,2026-01-07 21:19:00,29424.49,1
W_00001825,C_00059418,ATM_00389,2026-01-08 04:34:00,104557.41,1
W_00001826,C_00059420,ATM_00275,2026-01-08 05:20:00,4187.69,1
W_00001827,C_00059447,ATM_01468,2026-01-08 15:35:00,2053.84,1
W_00001828,C_00059451,ATM_00348,2026-01-07 08:46:00,500.0,1
W_00001829,C_00059489,ATM_01367,2026-01-08 02:28:00,17576.89,1
W_00001830,C_00059522,ATM_00275,2026-01-08 08:42:00,13722.1,1
W_00001831,C_00059573,ATM_00806,2026-01-07 18:09:00,15523.88,1
W_00001832,C_00059574,ATM_00009,2026-01-08 13:32:00,1097.62,1
W_00001833,C_00059617,ATM_00461,2026-01-07 19:44:00,7134.0,1
W_00001834,C_00059681,ATM_01315,2026-01-08 00:23:00,9835.22,1
W_00001835,C_00059684,ATM_00253,2026-01-07 14:15:00,19794.36,1
W_00001836,C_00059742,ATM_00108,2026-01-07 21:28:00,78260.02,1
W_00001837,C_00059778,ATM_01380,2026-01-08 18:05:00,2649.44,1
W_00001838,C_00059807,ATM_01372,2026-01-07 21:26:00,4253.56,1
W_00001839,C_00059851,ATM_01008,2026-01-08 16:24:00,2082.71,1
W_00001840,C_00059879,ATM_00022,2026-01-07 09:11:00,5593.66,1
W_00001841,C_00059887,ATM_00398,2026-01-08 04:26:00,3801.71,1
W_00001842,C_00059912,ATM_00600,2026-01-08 08:34:00,768.42,1
W_00001843,C_00059982,ATM_01142,2026-01-08 12:49:00,1936.85,1
W_00001844,C_00059999,ATM_00932,2026-01-07 21:03:00,20662.83,1
W_00001845,C_00060015,ATM_00742,2026-01-08 06:03:00,68244.43,1
W_00001846,C_00060057,ATM_00240,2026-01-08 02:05:00,31386.88,1
W_00001847,C_00060074,ATM_01471,2026-01-08 01:56:00,38295.3,1
W_00001848,C_00060087,ATM_00916,2026-01-07 22:54:00,10681.06,1
W_00001849,C_00060111,ATM_01441,2026-01-07 15:11:00,3150.22,1
W_00001850,C_00060112,ATM_00507,2026-01-07 09:03:00,12340.72,1
W_00001851,C_00060140,ATM_00255,2026-01-08 12:31:00,1616.0,1
W_00001852,C_00060144,ATM_01202,2026-01-07 19:50:00,1384.14,1
W_00001853,C_00060209,ATM_00614,2026-01-07 21:27:00,7387.25,1
W_00001854,C_00060238,ATM_00459,2026-01-08 04:20:00,14901.66,1
W_00001855,C_00060258,ATM_01372,2026-01-08 09:53:00,14060.27,1
W_00001856,C_00060274,ATM_00066,2026-01-08 07:46:00,4148.31,1
W_00001857,C_00060280,ATM_00266,2026-01-07 22:19:00,5250.76,1
W_00001858,C_00060300,ATM_00426,2026-01-08 16:53:00,4080.84,1
W_00001859,C_00060323,ATM_01209,2026-01-07 12:53:00,6319.42,1
W_00001860,C_00060341,ATM_00718,2026-01-08 16:09:00,828.36,1
W_00001861,C_00060347,ATM_00082,2026-01-07 20:34:00,3932.51,1
W_00001862,C_00060362,ATM_00062,2026-01-08 00:07:00,24901.15,1
W_00001863,C_00060382,ATM_00640,2026-01-08 10:08:00,7880.53,1
W_00001864,C_00060387,ATM_00108,2026-01-08 12:51:00,10567.17,1
W_00001865,C_00060428,ATM_01384,2026-01-08 02:22:00,11172.23,1
W_00001866,C_00060503,ATM_00406,2026-01-08 08:36:00,12477.38,1
W_00001867,C_00060525,ATM_00063,2026-01-08 15:55:00,64532.56,1
W_00001868,C_00060540,ATM_00402,2026-01-08 03:00:00,4810.22,1
W_00001869,C_00060554,ATM_00534,2026-01-07 02:01:00,2672.16,1
W_00001870,C_00060565,ATM_00110,2026-01-07 20:00:00,21317.09,1
W_00001871,C_00060574,ATM_00796,2026-01-08 09:20:00,34970.82,1
W_00001872,C_00060620,ATM_00319,2026-01-08 12:31:00,9851.94,1
W_00001873,C_00060656,ATM_01398,2026-01-08 11:18:00,17006.57,1
W_00001874,C_00060691,ATM_00546,2026-01-07 22:32:00,1260.08,1
W_00001875,C_00060703,ATM_01069,2026-01-08 09:42:00,3919.97,1
W_00001876,C_00060709,ATM_00410,2026-01-08 02:26:00,51259.93,1
W_00001877,C_00060712,ATM_00374,2026-01-08 08:32:00,2384.17,1
W_00001878,C_00060775,ATM_01354,2026-01-08 02:25:00,3233.37,1
W_00001879,C_00060781,ATM_00238,2026-01-08 08:59:00,41124.1,1
W_00001880,C_00060807,ATM_01389,2026-01-08 03:26:00,18046.42,1
W_00001881,C_00060820,ATM_00428,2026-01-08 20:11:00,8237.55,1
W_00001882,C_00060871,ATM_00179,2026-01-07 17:33:00,6015.87,1
W_00001883,C_00060907,ATM_01479,2026-01-08 15:20:00,6405.53,1
W_00001884,C_00060932,ATM_00511,2026-01-08 03:05:00,12628.6,1
W_00001885,C_00060993,ATM_00873,2026-01-08 18:59:00,68476.97,1
W_00001886,C_00060995,ATM_00417,2026-01-08 13:00:00,2453.99,1
W_00001887,C_00061019,ATM_00961,2026-01-08 02:01:00,18474.39,1
W_00001888,C_00061023,ATM_00015,2026-01-08 06:45:00,19310.43,1
W_00001889,C_00061029,ATM_01160,2026-01-08 13:49:00,3798.33,1
W_00001890,C_00061074,ATM_00959,2026-01-07 19:57:00,2561.24,1
W_00001891,C_00061184,ATM_00112,2026-01-08 05:58:00,149118.24,1
W_00001892,C_00061196,ATM_00705,2026-01-08 15:37:00,18659.11,1
W_00001893,C_00061222,ATM_00070,2026-01-08 08:46:00,10860.3,1
W_00001894,C_00061237,ATM_00639,2026-01-08 06:21:00,7303.32,1
W_00001895,C_00061254,ATM_01488,2026-01-08 06:26:00,22831.11,1
W_00001896,C_00061291,ATM_01311,2026-01-07 20:41:00,7245.3,1
W_00001897,C_00061294,ATM_00726,2026-01-08 05:03:00,8617.82,1
W_00001898,C_00061325,ATM_01179,2026-01-07 19:36:00,6691.95,1
W_00001899,C_00061450,ATM_00527,2026-01-08 05:24:00,32353.25,1
W_00001900,C_00061476,ATM_00938,2026-01-08 19:02:00,11203.3,1
W_00001901,C_00061519,ATM_00844,2026-01-08 00:37:00,4018.13,1
W_00001902,C_00061527,ATM_00964,2026-01-08 04:28:00,17927.87,1
W_00001903,C_00061561,ATM_00209,2026-01-07 10:54:00,3133.88,1
W_00001904,C_00061586,ATM_01077,2026-01-07 20:44:00,4731.8,1
W_00001905,C_00061649,ATM_00133,2026-01-07 21:38:00,65686.25,1
W_00001906,C_00061754,ATM_01028,2026-01-07 08:23:00,10666.14,1
W_00001907,C_00061762,ATM_00324,2026-01-07 19:12:00,7243.26,1
W_00001908,C_00061789,ATM_01162,2026-01-08 04:47:00,110884.63,1
W_00001909,C_00061825,ATM_00103,2026-01-08 12:09:00,11169.79,1
W_00001910,C_00061931,ATM_01017,2026-01-08 00:48:00,3784.73,1
W_00001911,C_00061985,ATM_00408,2026-01-08 13:09:00,6327.84,1
W_00001912,C_00062006,ATM_00683,2026-01-08 14:24:00,109077.14,1
W_00001913,C_00062016,ATM_00380,2026-01-07 16:32:00,11524.89,1
W_00001914,C_00062038,ATM_00292,2026-01-07 14:57:00,7540.75,1
W_00001915,C_00062039,ATM_01234,2026-01-08 00:21:00,8383.86,1
W_00001916,C_00062061,ATM_00800,2026-01-08 02:42:00,12436.81,1
W_00001917,C_00062236,ATM_00002,2026-01-08 12:53:00,7355.73,1
W_00001918,C_00062239,ATM_01461,2026-01-08 04:10:00,103123.24,1
W_00001919,C_00062284,ATM_00164,2026-01-07 22:19:00,6738.68,1
W_00001920,C_00062343,ATM_00093,2026-01-08 18:01:00,39266.62,1
W_00001921,C_00062390,ATM_00848,2026-01-08 03:41:00,941.83,1
W_00001922,C_00062422,ATM_01084,2026-01-08 03:26:00,4843.37,1
W_00001923,C_00062449,ATM_01315,2026-01-08 05:14:00,4175.46,1
W_00001924,C_00062542,ATM_01483,2026-01-08 00:23:00,13740.52,1
W_00001925,C_00062549,ATM_00932,2026-01-07 21:46:00,2424.03,1
W_00001926,C_00062555,ATM_01329,2026-01-08 12:17:00,20824.96,1
W_00001927,C_00062596,ATM_01243,2026-01-07 18:27:00,9007.25,1
W_00001928,C_00062597,ATM_01080,2026-01-08 03:46:00,19681.6,1
W_00001929,C_00062602,ATM_00747,2026-01-07 22:24:00,14411.27,1
W_00001930,C_00062629,ATM_01061,2026-01-08 09:46:00,9816.36,1
W_00001931,C_00062682,ATM_00968,2026-01-08 10:17:00,55906.8,1
W_00001932,C_00062704,ATM_00598,2026-01-07 21:41:00,45826.57,1
W_00001933,C_00062732,ATM_00178,2026-01-08 04:10:00,4986.25,1
W_00001934,C_00062806,ATM_00319,2026-01-08 07:52:00,4957.18,1
W_00001935,C_00062813,ATM_01153,2026-01-08 07:02:00,17199.23,1
W_00001936,C_00062922,ATM_00027,2026-01-07 14:50:00,7544.35,1
W_00001937,C_00063005,ATM_01182,2026-01-08 06:56:00,23399.62,1
W_00001938,C_00063145,ATM_00931,2026-01-08 08:25:00,12771.05,1
W_00001939,C_00063163,ATM_00700,2026-01-08 09:31:00,14876.56,1
W_00001940,C_00063174,ATM_01103,2026-01-08 02:34:00,2269.16,1
W_00001941,C_00063186,ATM_00836,2026-01-07 14:37:00,500.0,1
W_00001942,C_00063222,ATM_00293,2026-01-08 00:45:00,1553.33,1
W_00001943,C_00063235,ATM_01053,2026-01-08 11:34:00,4433.0,1
W_00001944,C_00063278,ATM_00608,2026-01-08 03:20:00,4021.51,1
W_00001945,C_00063291,ATM_00759,2026-01-08 09:17:00,2843.38,1
W_00001946,C_00063358,ATM_00472,2026-01-07 18:13:00,23912.4,1
W_00001947,C_00063386,ATM_00648,2026-01-08 07:17:00,8340.77,1
W_00001948,C_00063472,ATM_00003,2026-01-08 04:35:00,10536.6,1
W_00001949,C_00063474,ATM_00676,2026-01-07 23:25:00,28042.36,1
W_00001950,C_00063528,ATM_00162,2026-01-08 03:41:00,6633.12,1
W_00001951,C_00063552,ATM_01245,2026-01-07 23:28:00,2011.11,1
W_00001952,C_00063560,ATM_00392,2026-01-07 19:11:00,18724.03,1
W_00001953,C_00063595,ATM_00213,2026-01-08 04:48:00,11094.87,1
W_00001954,C_00063605,ATM_01293,2026-01-08 04:47:00,5013.22,1
W_00001955,C_00063653,ATM_01234,2026-01-07 22:25:00,127303.92,1
W_00001956,C_00063658,ATM_01374,2026-01-07 16:04:00,13838.95,1
W_00001957,C_00063666,ATM_00652,2026-01-07 17:21:00,8834.07,1
W_00001958,C_00063699,ATM_01183,2026-01-08 02:41:00,10149.66,1
W_00001959,C_00063723,ATM_01042,2026-01-08 01:37:00,2733.9,1
W_00001960,C_00063741,ATM_00594,2026-01-07 21:34:00,3928.74,1
W_00001961,C_00063791,ATM_00290,2026-01-08 02:11:00,180358.02,1
W_00001962,C_00063815,ATM_00619,2026-01-08 08:13:00,2547.29,1
W_00001963,C_00063824,ATM_01379,2026-01-08 18:24:00,759.87,1
W_00001964,C_00063840,ATM_01009,2026-01-08 12:43:00,57863.27,1
W_00001965,C_00063852,ATM_01030,2026-01-08 00:25:00,10476.47,1
W_00001966,C_00063895,ATM_00070,2026-01-07 19:48:00,1373.33,1
W_00001967,C_00063903,ATM_00556,2026-01-08 01:22:00,7049.91,1
W_00001968,C_00063921,ATM_00469,2026-01-08 14:20:00,8634.1,1
W_00001969,C_00063944,ATM_00979,2026-01-08 13:25:00,10360.25,1
W_00001970,C_00063970,ATM_00244,2026-01-08 06:10:00,10966.73,1
W_00001971,C_00063977,ATM_01341,2026-01-07 21:55:00,5287.52,1
W_00001972,C_00063997,ATM_01279,2026-01-08 07:49:00,18932.27,1
W_00001973,C_00064070,ATM_00895,2026-01-08 06:03:00,20217.42,1
W_00001974,C_00064121,ATM_00410,2026-01-08 12:09:00,39342.21,1
W_00001975,C_00064132,ATM_00272,2026-01-07 10:40:00,4252.52,1
W_00001976,C_00064137,ATM_00819,2026-01-07 15:28:00,10992.73,1
W_00001977,C_00064149,ATM_00004,2026-01-08 21:06:00,5333.78,1
W_00001978,C_00064182,ATM_01203,2026-01-08 08:02:00,10440.24,1
W_00001979,C_00064239,ATM_01053,2026-01-08 01:01:00,16683.44,1
W_00001980,C_00064243,ATM_01091,2026-01-08 14:25:00,23497.65,1
W_00001981,C_00064315,ATM_00122,2026-01-08 13:37:00,13604.9,1
W_00001982,C_00064364,ATM_00565,2026-01-08 04:30:00,500.0,1
W_00001983,C_00064397,ATM_00845,2026-01-07 23:57:00,4579.98,1
W_00001984,C_00064401,ATM_01348,2026-01-08 06:01:00,17656.9,1
W_00001985,C_00064433,ATM_00048,2026-01-08 08:21:00,11687.39,1
W_00001986,C_00064470,ATM_00085,2026-01-07 22:09:00,8181.15,1
W_00001987,C_00064479,ATM_00786,2026-01-07 20:03:00,10809.01,1
W_00001988,C_00064545,ATM_00203,2026-01-07 10:37:00,4600.77,1
W_00001989,C_00064550,ATM_00183,2026-01-08 13:35:00,12756.19,1
W_00001990,C_00064576,ATM_01234,2026-01-08 04:38:00,8272.59,1
W_00001991,C_00064586,ATM_00219,2026-01-07 18:28:00,16321.48,1
W_00001992,C_00064610,ATM_00329,2026-01-07 12:22:00,25345.62,1
W_00001993,C_00064634,ATM_00163,2026-01-08 17:46:00,11505.14,1
W_00001994,C_00064638,ATM_00322,2026-01-08 11:02:00,717.26,1
W_00001995,C_00064675,ATM_00275,2026-01-07 11:41:00,1165.13,1
W_00001996,C_00064726,ATM_01164,2026-01-08 04:55:00,18935.57,1
W_00001997,C_00064791,ATM_01303,2026-01-07 15:50:00,4326.21,1
W_00001998,C_00064802,ATM_00088,2026-01-07 20:38:00,8077.51,1
W_00001999,C_00064819,ATM_01046,2026-01-08 05:09:00,36433.95,1
W_00002000,C_00064839,ATM_00224,2026-01-07 18:41:00,18992.7,1
W_00002001,C_00065005,ATM_00752,2026-01-08 04:25:00,26276.66,1
W_00002002,C_00065094,ATM_00975,2026-01-08 08:10:00,11573.22,1
W_00002003,C_00065195,ATM_00220,2026-01-07 21:44:00,10183.8,1
W_00002004,C_00065202,ATM_00187,2026-01-07 20:53:00,916.61,1
W_00002005,C_00065218,ATM_00921,2026-01-07 13:38:00,4226.62,1
W_00002006,C_00065253,ATM_00719,2026-01-07 20:43:00,2971.64,1
W_00002007,C_00065262,ATM_01396,2026-01-08 02:02:00,28924.27,1
W_00002008,C_00065574,ATM_00392,2026-01-08 05:21:00,19670.52,1
W_00002009,C_00065599,ATM_00639,2026-01-08 03:45:00,11790.49,1
W_00002010,C_00065705,ATM_00337,2026-01-08 15:40:00,15135.38,1
W_00002011,C_00065752,ATM_01235,2026-01-08 06:44:00,15674.34,1
W_00002012,C_00065801,ATM_01245,2026-01-08 00:41:00,3843.98,1
W_00002013,C_00065829,ATM_00673,2026-01-07 11:21:00,8328.76,1
W_00002014,C_00065834,ATM_01262,2026-01-08 08:07:00,5026.34,1
W_00002015,C_00065875,ATM_01417,2026-01-08 00:42:00,17054.84,1
W_00002016,C_00065883,ATM_00041,2026-01-07 12:40:00,1567.61,1
W_00002017,C_00065907,ATM_01149,2026-01-08 02:42:00,35893.25,1
W_00002018,C_00065917,ATM_01379,2026-01-08 02:19:00,2263.95,1
W_00002019,C_00065955,ATM_01268,2026-01-08 01:01:00,32456.64,1
W_00002020,C_00065961,ATM_00586,2026-01-08 16:49:00,57159.7,1
W_00002021,C_00066055,ATM_01435,2026-01-09 04:30:00,48957.16,1
W_00002022,C_00066057,ATM_00015,2026-01-08 16:31:00,1395.18,1
W_00002023,C_00066149,ATM_00812,2026-01-08 21:03:00,15286.53,1
W_00002024,C_00066171,ATM_00020,2026-01-08 23:32:00,25239.49,1
W_00002025,C_00066207,ATM_00975,2026-01-09 11:49:00,54444.86,1
W_00002026,C_00066231,ATM_00196,2026-01-08 02:38:00,11423.58,1
W_00002027,C_00066264,ATM_00206,2026-01-09 13:54:00,5489.57,1
W_00002028,C_00066357,ATM_01220,2026-01-08 21:35:00,13038.01,1
W_00002029,C_00066375,ATM_00325,2026-01-08 20:11:00,1841.73,1
W_00002030,C_00066416,ATM_00656,2026-01-08 11:40:00,14077.82,1
W_00002031,C_00066440,ATM_01020,2026-01-09 02:44:00,18078.7,1
W_00002032,C_00066481,ATM_00308,2026-01-09 03:44:00,7839.04,1
W_00002033,C_00066484,ATM_00181,2026-01-09 00:53:00,33904.84,1
W_00002034,C_00066535,ATM_01263,2026-01-09 02:54:00,11188.18,1
W_00002035,C_00066563,ATM_00070,2026-01-09 20:45:00,24578.98,1
W_00002036,C_00066625,ATM_01268,2026-01-09 11:23:00,2159.53,1
W_00002037,C_00066629,ATM_01233,2026-01-09 06:43:00,29072.78,1
W_00002038,C_00066763,ATM_01412,2026-01-09 07:11:00,10184.18,1
W_00002039,C_00066773,ATM_00525,2026-01-08 21:17:00,20272.33,1
W_00002040,C_00066782,ATM_00646,2026-01-09 14:29:00,22238.19,1
W_00002041,C_00066796,ATM_00379,2026-01-09 10:10:00,1716.0,1
W_00002042,C_00066823,ATM_01464,2026-01-08 16:46:00,11797.79,1
W_00002043,C_00066869,ATM_01165,2026-01-09 12:24:00,26740.26,1
W_00002044,C_00066873,ATM_00975,2026-01-09 18:18:00,2828.97,1
W_00002045,C_00066898,ATM_01049,2026-01-09 05:20:00,8856.73,1
W_00002046,C_00066923,ATM_00552,2026-01-09 04:39:00,8211.67,1
W_00002047,C_00066927,ATM_00075,2026-01-08 21:34:00,3509.43,1
W_00002048,C_00066941,ATM_00914,2026-01-09 12:48:00,6511.81,1
W_00002049,C_00066956,ATM_00232,2026-01-09 09:31:00,8532.03,1
W_00002050,C_00066971,ATM_00993,2026-01-09 04:35:00,17469.48,1
W_00002051,C_00066980,ATM_00715,2026-01-09 01:38:00,6787.67,1
W_00002052,C_00066989,ATM_00133,2026-01-09 06:30:00,10893.56,1
W_00002053,C_00067004,ATM_00799,2026-01-09 08:39:00,3354.44,1
W_00002054,C_00067042,ATM_01172,2026-01-09 09:12:00,11847.22,1
W_00002055,C_00067125,ATM_01052,2026-01-08 23:24:00,9561.07,1
W_00002056,C_00067163,ATM_00549,2026-01-08 23:00:00,5494.86,1
W_00002057,C_00067193,ATM_01128,2026-01-09 02:54:00,8102.75,1
W_00002058,C_00067232,ATM_01414,2026-01-08 10:42:00,8238.79,1
W_00002059,C_00067248,ATM_01272,2026-01-08 16:52:00,3835.08,1
W_00002060,C_00067254,ATM_01497,2026-01-09 09:44:00,8697.18,1
W_00002061,C_00067286,ATM_00604,2026-01-09 12:05:00,1726.31,1
W_00002062,C_00067306,ATM_00554,2026-01-08 15:07:00,21298.43,1
W_00002063,C_00067319,ATM_00903,2026-01-09 01:17:00,7294.16,1
W_00002064,C_00067378,ATM_00377,2026-01-09 04:25:00,27573.09,1
W_00002065,C_00067422,ATM_01160,2026-01-09 05:47:00,128253.44,1
W_00002066,C_00067429,ATM_00029,2026-01-09 00:06:00,28146.42,1
W_00002067,C_00067439,ATM_00830,2026-01-08 17:32:00,3356.15,1
W_00002068,C_00067464,ATM_01364,2026-01-08 03:47:00,4556.03,1
W_00002069,C_00067477,ATM_00943,2026-01-08 18:09:00,12120.51,1
W_00002070,C_00067509,ATM_01476,2026-01-08 22:56:00,3967.03,1
W_00002071,C_00067511,ATM_00353,2026-01-08 19:24:00,3016.03,1
W_00002072,C_00067522,ATM_00186,2026-01-09 01:15:00,4772.63,1
W_00002073,C_00067623,ATM_00887,2026-01-09 05:29:00,1330.3,1
W_00002074,C_00067662,ATM_00768,2026-01-09 07:27:00,3286.46,1
W_00002075,C_00067710,ATM_01178,2026-01-09 18:11:00,9567.13,1
W_00002076,C_00067825,ATM_00535,2026-01-08 15:08:00,2390.6,1
W_00002077,C_00067850,ATM_00317,2026-01-09 11:59:00,3238.8,1
W_00002078,C_00067867,ATM_01278,2026-01-09 16:42:00,7427.79,1
W_00002079,C_00067889,ATM_00490,2026-01-08 03:07:00,59932.02,1
W_00002080,C_00067912,ATM_00280,2026-01-09 15:27:00,8605.76,1
W_00002081,C_00067969,ATM_01230,2026-01-09 10:56:00,4106.89,1
W_00002082,C_00067987,ATM_00258,2026-01-09 14:07:00,35506.56,1
W_00002083,C_00067991,ATM_01107,2026-01-08 11:14:00,6972.41,1
W_00002084,C_00068018,ATM_00640,2026-01-08 09:56:00,39376.32,1
W_00002085,C_00068047,ATM_00848,2026-01-08 13:23:00,27627.11,1
W_00002086,C_00068060,ATM_00508,2026-01-08 12:23:00,7877.38,1
W_00002087,C_00068067,ATM_00225,2026-01-08 09:51:00,4935.13,1
W_00002088,C_00068069,ATM_00962,2026-01-09 05:55:00,13543.5,1
W_00002089,C_00068074,ATM_00086,2026-01-09 15:53:00,17327.72,1
W_00002090,C_00068077,ATM_00128,2026-01-09 06:48:00,10237.78,1
W_00002091,C_00068126,ATM_00013,2026-01-09 10:56:00,5042.98,1
W_00002092,C_00068147,ATM_01299,2026-01-08 21:20:00,6608.69,1
W_00002093,C_00068154,ATM_01434,2026-01-08 12:17:00,45657.45,1
W_00002094,C_00068160,ATM_00231,2026-01-08 21:36:00,34662.77,1
W_00002095,C_00068188,ATM_01370,2026-01-09 01:05:00,13563.7,1
W_00002096,C_00068217,ATM_00122,2026-01-09 00:33:00,15302.21,1
W_00002097,C_00068287,ATM_00047,2026-01-09 07:11:00,2950.13,1
W_00002098,C_00068296,ATM_00696,2026-01-09 00:02:00,7214.16,1
W_00002099,C_00068343,ATM_01107,2026-01-09 00:32:00,9054.01,1
W_00002100,C_00068397,ATM_00608,2026-01-09 14:31:00,5062.98,1
W_00002101,C_00068460,ATM_00236,2026-01-09 15:39:00,10054.68,1
W_00002102,C_00068482,ATM_00682,2026-01-09 17:05:00,7010.75,1
W_00002103,C_00068497,ATM_00109,2026-01-08 19:46:00,6504.56,1
W_00002104,C_00068534,ATM_01107,2026-01-08 21:42:00,965.14,1
W_00002105,C_00068578,ATM_01392,2026-01-09 06:30:00,5492.3,1
W_00002106,C_00068594,ATM_00470,2026-01-09 05:09:00,44436.63,1
W_00002107,C_00068596,ATM_00697,2026-01-09 13:06:00,13420.62,1
W_00002108,C_00068620,ATM_00123,2026-01-08 22:02:00,1528.98,1
W_00002109,C_00068745,ATM_00459,2026-01-09 07:31:00,22376.38,1
W_00002110,C_00068761,ATM_01115,2026-01-09 15:43:00,29059.58,1
W_00002111,C_00068861,ATM_01067,2026-01-09 12:16:00,9429.86,1
W_00002112,C_00068869,ATM_00863,2026-01-09 08:25:00,6595.6,1
W_00002113,C_00068871,ATM_01074,2026-01-08 20:25:00,7393.12,1
W_00002114,C_00068900,ATM_00464,2026-01-09 14:25:00,2531.11,1
W_00002115,C_00068902,ATM_01005,2026-01-08 15:18:00,3102.24,1
W_00002116,C_00068934,ATM_00430,2026-01-08 18:21:00,6034.7,1
W_00002117,C_00068958,ATM_00688,2026-01-09 00:08:00,2820.12,1
W_00002118,C_00068988,ATM_01189,2026-01-09 01:46:00,23420.17,1
W_00002119,C_00069098,ATM_00997,2026-01-09 12:22:00,5687.97,1
W_00002120,C_00069143,ATM_00128,2026-01-08 21:47:00,1414.16,1
W_00002121,C_00069157,ATM_01296,2026-01-08 19:20:00,11381.27,1
W_00002122,C_00069185,ATM_00302,2026-01-08 14:32:00,20021.81,1
W_00002123,C_00069229,ATM_01478,2026-01-09 13:31:00,21000.82,1
W_00002124,C_00069241,ATM_01155,2026-01-08 13:38:00,4182.85,1
W_00002125,C_00069258,ATM_00874,2026-01-09 08:48:00,42537.4,1
W_00002126,C_00069306,ATM_01019,2026-01-08 21:47:00,12429.54,1
W_00002127,C_00069311,ATM_00168,2026-01-09 04:56:00,999.37,1
W_00002128,C_00069342,ATM_01447,2026-01-08 16:53:00,13021.02,1
W_00002129,C_00069346,ATM_01338,2026-01-08 10:15:00,38739.46,1
W_00002130,C_00069362,ATM_01009,2026-01-09 12:31:00,53331.03,1
W_00002131,C_00069364,ATM_00918,2026-01-09 02:07:00,19013.46,1
W_00002132,C_00069368,ATM_00294,2026-01-09 03:16:00,4008.98,1
W_00002133,C_00069452,ATM_00298,2026-01-08 23:46:00,67197.4,1
W_00002134,C_00069485,ATM_00053,2026-01-09 16:45:00,33654.13,1
W_00002135,C_00069546,ATM_00474,2026-01-09 02:32:00,11745.03,1
W_00002136,C_00069559,ATM_00980,2026-01-09 17:27:00,27905.44,1
W_00002137,C_00069583,ATM_01154,2026-01-08 16:42:00,16208.41,1
W_00002138,C_00069595,ATM_01007,2026-01-09 07:02:00,15398.71,1
W_00002139,C_00069657,ATM_01251,2026-01-09 18:44:00,5915.73,1
W_00002140,C_00069664,ATM_00668,2026-01-09 11:34:00,30141.52,1
W_00002141,C_00069680,ATM_00582,2026-01-09 05:20:00,30486.32,1
W_00002142,C_00069714,ATM_00061,2026-01-09 15:25:00,1501.63,1
W_00002143,C_00069730,ATM_00309,2026-01-08 22:17:00,4007.93,1
W_00002144,C_00069734,ATM_00941,2026-01-09 07:06:00,25243.85,1
W_00002145,C_00069799,ATM_01088,2026-01-08 23:30:00,30537.01,1
W_00002146,C_00069809,ATM_00987,2026-01-08 08:45:00,34078.93,1
W_00002147,C_00069822,ATM_00267,2026-01-09 08:07:00,3815.93,1
W_00002148,C_00069858,ATM_01251,2026-01-09 00:12:00,2406.71,1
W_00002149,C_00069872,ATM_00458,2026-01-09 04:53:00,16155.34,1
W_00002150,C_00069898,ATM_00649,2026-01-08 20:54:00,1798.17,1
W_00002151,C_00069931,ATM_00598,2026-01-09 04:44:00,23761.5,1
W_00002152,C_00069933,ATM_00625,2026-01-09 16:36:00,1404.54,1
W_00002153,C_00069954,ATM_00947,2026-01-09 12:46:00,5990.52,1
W_00002154,C_00069961,ATM_01490,2026-01-08 11:32:00,51741.57,1
W_00002155,C_00069972,ATM_00783,2026-01-09 05:26:00,35575.93,1
W_00002156,C_00069991,ATM_01393,2026-01-08 19:51:00,8754.73,1
W_00002157,C_00070017,ATM_00773,2026-01-09 16:08:00,3502.59,1
W_00002158,C_00070019,ATM_00404,2026-01-09 10:33:00,5583.9,1
W_00002159,C_00070023,ATM_00593,2026-01-08 01:28:00,4039.29,1
W_00002160,C_00070034,ATM_00714,2026-01-09 08:15:00,55290.75,1
W_00002161,C_00070102,ATM_00774,2026-01-09 00:08:00,10399.49,1
W_00002162,C_00070124,ATM_00806,2026-01-08 03:11:00,3183.7,1
W_00002163,C_00070133,ATM_00143,2026-01-08 23:27:00,27583.63,1
W_00002164,C_00070200,ATM_00116,2026-01-08 21:13:00,54748.19,1
W_00002165,C_00070222,ATM_00851,2026-01-09 00:14:00,8191.55,1
W_00002166,C_00070328,ATM_00287,2026-01-09 14:54:00,2195.85,1
W_00002167,C_00070340,ATM_01417,2026-01-08 09:23:00,1761.79,1
W_00002168,C_00070362,ATM_00126,2026-01-08 23:16:00,4924.48,1
W_00002169,C_00070368,ATM_00861,2026-01-09 14:28:00,45058.72,1
W_00002170,C_00070375,ATM_01371,2026-01-09 08:03:00,13687.55,1
W_00002171,C_00070430,ATM_01369,2026-01-09 03:54:00,34159.88,1
W_00002172,C_00070463,ATM_00096,2026-01-09 11:45:00,8853.74,1
W_00002173,C_00070465,ATM_00216,2026-01-09 10:07:00,4006.91,1
W_00002174,C_00070514,ATM_00655,2026-01-08 15:29:00,2980.2,1
W_00002175,C_00070532,ATM_00083,2026-01-09 04:46:00,4361.1,1
W_00002176,C_00070545,ATM_01161,2026-01-09 06:30:00,5404.45,1
W_00002177,C_00070565,ATM_00380,2026-01-09 16:37:00,3382.98,1
W_00002178,C_00070626,ATM_00376,2026-01-08 11:42:00,77045.01,1
W_00002179,C_00070770,ATM_00934,2026-01-09 00:54:00,5061.7,1
W_00002180,C_00070788,ATM_01367,2026-01-09 02:11:00,9333.43,1
W_00002181,C_00070794,ATM_00448,2026-01-08 15:59:00,8802.43,1
W_00002182,C_00070818,ATM_01204,2026-01-09 07:15:00,3809.6,1
W_00002183,C_00070824,ATM_00136,2026-01-08 12:41:00,27472.56,1
W_00002184,C_00070855,ATM_00608,2026-01-08 20:46:00,41187.61,1
W_00002185,C_00070961,ATM_01057,2026-01-08 21:41:00,1562.17,1
W_00002186,C_00071000,ATM_01328,2026-01-09 10:19:00,16451.52,1
W_00002187,C_00071015,ATM_00471,2026-01-09 09:54:00,48323.78,1
W_00002188,C_00071052,ATM_00481,2026-01-08 17:48:00,4326.63,1
W_00002189,C_00071069,ATM_01285,2026-01-09 02:51:00,54270.89,1
W_00002190,C_00071095,ATM_01282,2026-01-08 16:25:00,40682.97,1
W_00002191,C_00071115,ATM_00073,2026-01-09 13:58:00,2042.5,1
W_00002192,C_00071132,ATM_00422,2026-01-09 05:45:00,738.85,1
W_00002193,C_00071152,ATM_00319,2026-01-09 03:25:00,1408.14,1
W_00002194,C_00071163,ATM_00700,2026-01-09 07:19:00,8102.01,1
W_00002195,C_00071213,ATM_01436,2026-01-09 04:20:00,777.41,1
W_00002196,C_00071224,ATM_00479,2026-01-09 03:25:00,24742.81,1
W_00002197,C_00071256,ATM_00505,2026-01-09 12:31:00,36303.24,1
W_00002198,C_00071262,ATM_00655,2026-01-09 07:59:00,18430.02,1
W_00002199,C_00071275,ATM_00503,2026-01-08 19:00:00,4104.68,1
W_00002200,C_00071325,ATM_00590,2026-01-09 07:54:00,9300.17,1
W_00002201,C_00071364,ATM_01353,2026-01-08 17:15:00,5361.84,1
W_00002202,C_00071366,ATM_00556,2026-01-09 05:31:00,29715.24,1
W_00002203,C_00071443,ATM_01277,2026-01-08 22:42:00,6738.99,1
W_00002204,C_00071518,ATM_01006,2026-01-09 14:56:00,1604.06,1
W_00002205,C_00071574,ATM_01305,2026-01-09 05:44:00,5051.26,1
W_00002206,C_00071681,ATM_00302,2026-01-09 00:00:00,33888.69,1
W_00002207,C_00071764,ATM_00911,2026-01-09 06:57:00,6430.28,1
W_00002208,C_00071790,ATM_01310,2026-01-08 18:25:00,3546.51,1
W_00002209,C_00071822,ATM_00022,2026-01-09 16:42:00,4529.86,1
W_00002210,C_00071837,ATM_01433,2026-01-09 01:38:00,34245.28,1
W_00002211,C_00071865,ATM_00623,2026-01-09 01:12:00,16317.65,1
W_00002212,C_00071936,ATM_01273,2026-01-09 06:19:00,3530.28,1
W_00002213,C_00072095,ATM_00863,2026-01-08 23:59:00,4583.15,1
W_00002214,C_00072096,ATM_01256,2026-01-08 16:29:00,15930.7,1
W_00002215,C_00072127,ATM_00186,2026-01-09 07:17:00,2508.19,1
W_00002216,C_00072132,ATM_00518,2026-01-08 14:10:00,50287.42,1
W_00002217,C_00072144,ATM_00222,2026-01-09 03:24:00,24296.35,1
W_00002218,C_00072211,ATM_00230,2026-01-08 20:04:00,35787.95,1
W_00002219,C_00072242,ATM_00364,2026-01-09 04:12:00,3210.45,1
W_00002220,C_00072244,ATM_00292,2026-01-09 08:10:00,15062.52,1
W_00002221,C_00072262,ATM_01424,2026-01-08 17:33:00,15427.63,1
W_00002222,C_00072278,ATM_00725,2026-01-09 15:20:00,500.0,1
W_00002223,C_00072283,ATM_00586,2026-01-09 08:01:00,500.0,1
W_00002224,C_00072292,ATM_00780,2026-01-08 16:21:00,12988.82,1
W_00002225,C_00072296,ATM_00412,2026-01-09 00:45:00,4684.76,1
W_00002226,C_00072340,ATM_00405,2026-01-09 03:42:00,2412.04,1
W_00002227,C_00072411,ATM_00275,2026-01-09 09:10:00,2975.91,1
W_00002228,C_00072414,ATM_00302,2026-01-09 05:01:00,11683.2,1
W_00002229,C_00072415,ATM_01427,2026-01-08 17:11:00,8509.94,1
W_00002230,C_00072451,ATM_00134,2026-01-08 16:47:00,8578.13,1
W_00002231,C_00072471,ATM_00751,2026-01-08 15:39:00,8387.58,1
W_00002232,C_00072511,ATM_00504,2026-01-08 19:43:00,86696.19,1
W_00002233,C_00072563,ATM_00020,2026-01-09 11:53:00,21675.94,1
W_00002234,C_00072570,ATM_00988,2026-01-09 05:07:00,7147.44,1
W_00002235,C_00072586,ATM_00508,2026-01-09 00:33:00,20316.39,1
W_00002236,C_00072648,ATM_00419,2026-01-09 09:55:00,2165.47,1
W_00002237,C_00072701,ATM_00582,2026-01-08 19:03:00,17495.34,1
W_00002238,C_00072746,ATM_01081,2026-01-08 18:37:00,6534.02,1
W_00002239,C_00072766,ATM_01253,2026-01-09 10:24:00,43674.56,1
W_00002240,C_00072863,ATM_00709,2026-01-09 04:29:00,1824.4,1
W_00002241,C_00072871,ATM_00847,2026-01-09 00:22:00,6461.0,1
W_00002242,C_00072956,ATM_00031,2026-01-08 23:45:00,2128.74,1
W_00002243,C_00072968,ATM_00139,2026-01-09 13:12:00,6606.49,1
W_00002244,C_00073027,ATM_01471,2026-01-09 00:57:00,6661.34,1
W_00002245,C_00073048,ATM_00849,2026-01-09 09:52:00,14486.89,1
W_00002246,C_00073053,ATM_01296,2026-01-09 02:30:00,20652.22,1
W_00002247,C_00073080,ATM_00236,2026-01-08 19:00:00,31471.15,1
W_00002248,C_00073098,ATM_00276,2026-01-08 21:42:00,7047.16,1
W_00002249,C_00073156,ATM_00403,2026-01-08 14:59:00,1282.96,1
W_00002250,C_00073188,ATM_00673,2026-01-09 07:20:00,8452.13,1
W_00002251,C_00073218,ATM_00231,2026-01-09 14:14:00,42723.76,1
W_00002252,C_00073224,ATM_00242,2026-01-09 09:43:00,1956.3,1
W_00002253,C_00073240,ATM_00330,2026-01-09 01:16:00,6031.49,1
W_00002254,C_00073302,ATM_00259,2026-01-09 01:10:00,6414.8,1
W_00002255,C_00073319,ATM_00493,2026-01-09 15:29:00,31718.54,1
W_00002256,C_00073326,ATM_01497,2026-01-09 19:51:00,2463.47,1
W_00002257,C_00073391,ATM_00074,2026-01-09 12:55:00,9678.41,1
W_00002258,C_00073444,ATM_00139,2026-01-09 03:23:00,19003.12,1
W_00002259,C_00073523,ATM_01277,2026-01-08 22:55:00,3786.6,1
W_00002260,C_00073549,ATM_00163,2026-01-09 06:49:00,12417.29,1
W_00002261,C_00073665,ATM_01101,2026-01-09 16:50:00,6663.32,1
W_00002262,C_00073719,ATM_00330,2026-01-09 16:24:00,36388.29,1
W_00002263,C_00073756,ATM_00508,2026-01-09 19:24:00,13151.12,1
W_00002264,C_00073793,ATM_00150,2026-01-09 19:39:00,88364.78,1
W_00002265,C_00073868,ATM_01375,2026-01-09 05:26:00,10102.63,1
W_00002266,C_00073870,ATM_01136,2026-01-08 20:55:00,8069.06,1
W_00002267,C_00073872,ATM_01002,2026-01-09 04:00:00,26128.65,1
W_00002268,C_00073948,ATM_01331,2026-01-09 12:54:00,14066.07,1
W_00002269,C_00073954,ATM_00572,2026-01-09 03:20:00,6126.51,1
W_00002270,C_00074020,ATM_00787,2026-01-08 20:36:00,20465.3,1
W_00002271,C_00074086,ATM_00512,2026-01-08 23:53:00,11479.3,1
W_00002272,C_00074132,ATM_00560,2026-01-09 08:00:00,19782.61,1
W_00002273,C_00074182,ATM_00591,2026-01-09 10:44:00,6333.57,1
W_00002274,C_00074198,ATM_00471,2026-01-09 17:16:00,10899.56,1
W_00002275,C_00074229,ATM_01123,2026-01-09 20:02:00,21921.7,1
W_00002276,C_00074231,ATM_00976,2026-01-09 05:22:00,21617.88,1
W_00002277,C_00074300,ATM_00420,2026-01-08 15:04:00,20967.15,1
W_00002278,C_00074302,ATM_00562,2026-01-09 05:58:00,31514.94,1
W_00002279,C_00074314,ATM_00788,2026-01-09 16:02:00,4911.27,1
W_00002280,C_00074358,ATM_00165,2026-01-08 14:44:00,3512.93,1
W_00002281,C_00074457,ATM_01485,2026-01-08 18:00:00,10222.9,1
W_00002282,C_00074463,ATM_01101,2026-01-08 18:51:00,6131.67,1
W_00002283,C_00074522,ATM_00755,2026-01-09 11:49:00,14206.34,1
W_00002284,C_00074526,ATM_01360,2026-01-08 19:34:00,7514.96,1
W_00002285,C_00074548,ATM_01210,2026-01-08 14:46:00,11560.74,1
W_00002286,C_00074576,ATM_01061,2026-01-09 09:43:00,11928.57,1
W_00002287,C_00074656,ATM_01236,2026-01-09 06:21:00,14139.88,1
W_00002288,C_00074670,ATM_00678,2026-01-09 15:08:00,2530.47,1
W_00002289,C_00074693,ATM_00082,2026-01-09 01:01:00,69729.2,1
W_00002290,C_00074696,ATM_00219,2026-01-08 17:12:00,23902.54,1
W_00002291,C_00074732,ATM_01002,2026-01-09 14:17:00,7042.36,1
W_00002292,C_00074765,ATM_00452,2026-01-08 20:36:00,1953.56,1
W_00002293,C_00074831,ATM_00632,2026-01-09 12:17:00,5210.93,1
W_00002294,C_00074865,ATM_00929,2026-01-09 11:02:00,9616.95,1
W_00002295,C_00074894,ATM_00074,2026-01-09 01:21:00,20564.05,1
W_00002296,C_00074908,ATM_00230,2026-01-09 02:39:00,3307.8,1
W_00002297,C_00074924,ATM_00826,2026-01-09 16:00:00,6345.4,1
W_00002298,C_00074963,ATM_01435,2026-01-08 16:04:00,5525.2,1
W_00002299,C_00074970,ATM_01214,2026-01-08 21:37:00,15715.88,1
W_00002300,C_00074973,ATM_01342,2026-01-09 04:41:00,9882.48,1
W_00002301,C_00074997,ATM_00508,2026-01-09 02:21:00,1130.46,1
W_00002302,C_00075012,ATM_00184,2026-01-09 06:22:00,3136.37,1
W_00002303,C_00075084,ATM_00465,2026-01-09 08:58:00,2624.98,1
W_00002304,C_00075118,ATM_00633,2026-01-08 16:44:00,39354.11,1
W_00002305,C_00075152,ATM_01183,2026-01-09 06:47:00,872.94,1
W_00002306,C_00075172,ATM_01106,2026-01-08 20:25:00,9342.02,1
W_00002307,C_00075185,ATM_00910,2026-01-08 22:48:00,2375.2,1
W_00002308,C_00075275,ATM_00347,2026-01-08 22:58:00,40949.86,1
W_00002309,C_00075281,ATM_00297,2026-01-09 05:25:00,10924.24,1
W_00002310,C_00075299,ATM_00741,2026-01-09 09:54:00,9071.93,1
W_00002311,C_00075301,ATM_00299,2026-01-09 04:24:00,10482.46,1
W_00002312,C_00075359,ATM_01220,2026-01-09 14:14:00,62577.48,1
W_00002313,C_00075365,ATM_01476,2026-01-09 12:06:00,6354.14,1
W_00002314,C_00075374,ATM_01293,2026-01-09 01:08:00,17390.53,1
W_00002315,C_00075455,ATM_00492,2026-01-09 07:21:00,871.31,1
W_00002316,C_00075514,ATM_00669,2026-01-09 14:59:00,5892.57,1
W_00002317,C_00075539,ATM_00454,2026-01-09 04:37:00,7683.33,1
W_00002318,C_00075569,ATM_00455,2026-01-09 14:06:00,8889.47,1
W_00002319,C_00075594,ATM_00445,2026-01-08 22:58:00,5263.67,1
W_00002320,C_00075599,ATM_00358,2026-01-09 12:42:00,3544.19,1
W_00002321,C_00075621,ATM_00275,2026-01-09 10:58:00,13080.66,1
W_00002322,C_00075624,ATM_00922,2026-01-09 04:36:00,5845.04,1
W_00002323,C_00075662,ATM_01082,2026-01-08 22:34:00,14004.03,1
W_00002324,C_00075710,ATM_00312,2026-01-09 20:10:00,19678.94,1
W_00002325,C_00075730,ATM_00518,2026-01-08 19:45:00,3508.2,1
W_00002326,C_00075762,ATM_01188,2026-01-09 10:44:00,4026.75,1
W_00002327,C_00075839,ATM_01113,2026-01-08 18:15:00,2079.2,1
W_00002328,C_00075917,ATM_01379,2026-01-09 13:50:00,1518.51,1
W_00002329,C_00076016,ATM_00194,2026-01-10 08:31:00,2354.7,1
W_00002330,C_00076023,ATM_00472,2026-01-10 13:52:00,28362.79,1
W_00002331,C_00076061,ATM_00736,2026-01-10 16:05:00,24131.81,1
W_00002332,C_00076089,ATM_00094,2026-01-09 22:28:00,23439.01,1
W_00002333,C_00076097,ATM_00599,2026-01-09 20:52:00,17209.95,1
W_00002334,C_00076102,ATM_00013,2026-01-10 04:41:00,6253.28,1
W_00002335,C_00076116,ATM_01042,2026-01-10 04:37:00,2565.87,1
W_00002336,C_00076130,ATM_00491,2026-01-09 23:18:00,37067.42,1
W_00002337,C_00076137,ATM_00136,2026-01-10 04:35:00,1289.53,1
W_00002338,C_00076169,ATM_00047,2026-01-10 02:33:00,15018.84,1
W_00002339,C_00076228,ATM_01295,2026-01-10 12:35:00,8321.26,1
W_00002340,C_00076288,ATM_00497,2026-01-09 20:00:00,17119.75,1
W_00002341,C_00076292,ATM_00465,2026-01-10 09:44:00,11705.35,1
W_00002342,C_00076347,ATM_00435,2026-01-10 13:09:00,3632.25,1
W_00002343,C_00076452,ATM_00006,2026-01-10 03:38:00,14939.2,1
W_00002344,C_00076492,ATM_01179,2026-01-10 03:30:00,18370.38,1
W_00002345,C_00076515,ATM_00185,2026-01-10 15:51:00,5078.71,1
W_00002346,C_00076541,ATM_00931,2026-01-09 13:50:00,44307.09,1
W_00002347,C_00076561,ATM_00570,2026-01-10 03:38:00,13596.29,1
W_00002348,C_00076563,ATM_00609,2026-01-10 05:21:00,6874.15,1
W_00002349,C_00076571,ATM_00448,2026-01-10 01:48:00,4441.43,1
W_00002350,C_00076581,ATM_01187,2026-01-10 03:39:00,62994.66,1
W_00002351,C_00076602,ATM_01058,2026-01-10 05:28:00,1225.53,1
W_00002352,C_00076603,ATM_01406,2026-01-10 10:51:00,17325.33,1
W_00002353,C_00076619,ATM_01206,2026-01-09 15:11:00,5998.99,1
W_00002354,C_00076679,ATM_01143,2026-01-09 23:08:00,2839.43,1
W_00002355,C_00076682,ATM_01417,2026-01-10 07:18:00,50154.0,1
W_00002356,C_00076714,ATM_00882,2026-01-10 19:08:00,8162.6,1
W_00002357,C_00076716,ATM_00600,2026-01-09 23:49:00,912.71,1
W_00002358,C_00076776,ATM_01224,2026-01-09 16:11:00,6453.8,1
W_00002359,C_00076817,ATM_00475,2026-01-10 07:58:00,8725.07,1
W_00002360,C_00076863,ATM_00651,2026-01-09 23:16:00,4540.98,1
W_00002361,C_00076874,ATM_00275,2026-01-10 12:26:00,15045.91,1
W_00002362,C_00076896,ATM_00248,2026-01-09 13:48:00,37529.93,1
W_00002363,C_00076923,ATM_00448,2026-01-10 01:49:00,70505.63,1
W_00002364,C_00076950,ATM_00500,2026-01-09 19:10:00,910.1,1
W_00002365,C_00076971,ATM_01206,2026-01-10 03:56:00,10386.22,1
W_00002366,C_00076976,ATM_01369,2026-01-10 00:47:00,2567.46,1
W_00002367,C_00076978,ATM_00974,2026-01-10 06:52:00,5103.49,1
W_00002368,C_00077007,ATM_01452,2026-01-10 15:43:00,9632.95,1
W_00002369,C_00077020,ATM_00363,2026-01-10 12:26:00,6020.97,1
W_00002370,C_00077024,ATM_00523,2026-01-10 09:41:00,194447.29,1
W_00002371,C_00077049,ATM_00462,2026-01-10 04:17:00,1883.67,1
W_00002372,C_00077078,ATM_00446,2026-01-10 12:39:00,11977.08,1
W_00002373,C_00077183,ATM_01209,2026-01-10 08:36:00,11253.92,1
W_00002374,C_00077262,ATM_00307,2026-01-10 10:14:00,10246.42,1
W_00002375,C_00077277,ATM_00922,2026-01-09 18:23:00,3394.06,1
W_00002376,C_00077278,ATM_01315,2026-01-10 08:54:00,16550.75,1
W_00002377,C_00077297,ATM_00382,2026-01-10 08:55:00,27354.4,1
W_00002378,C_00077324,ATM_00380,2026-01-10 08:00:00,6879.77,1
W_00002379,C_00077395,ATM_00020,2026-01-09 21:46:00,71221.17,1
W_00002380,C_00077396,ATM_00741,2026-01-10 08:25:00,2263.93,1
W_00002381,C_00077401,ATM_01169,2026-01-10 01:37:00,8283.6,1
W_00002382,C_00077411,ATM_00231,2026-01-10 04:31:00,7487.12,1
W_00002383,C_00077431,ATM_00837,2026-01-10 13:04:00,6018.09,1
W_00002384,C_00077512,ATM_00231,2026-01-09 10:15:00,9028.81,1
W_00002385,C_00077631,ATM_01256,2026-01-10 03:21:00,15736.66,1
W_00002386,C_00077646,ATM_00593,2026-01-10 13:23:00,2725.33,1
W_00002387,C_00077647,ATM_00112,2026-01-09 16:18:00,4843.26,1
W_00002388,C_00077706,ATM_00380,2026-01-10 07:04:00,5255.47,1
W_00002389,C_00077769,ATM_00046,2026-01-09 12:54:00,32364.2,1
W_00002390,C_00077797,ATM_00156,2026-01-10 03:26:00,5584.21,1
W_00002391,C_00077821,ATM_00808,2026-01-10 02:50:00,1909.97,1
W_00002392,C_00077828,ATM_00234,2026-01-09 22:55:00,22723.54,1
W_00002393,C_00077846,ATM_01165,2026-01-10 01:10:00,56732.0,1
W_00002394,C_00077852,ATM_00584,2026-01-09 23:52:00,21587.88,1
W_00002395,C_00077927,ATM_00616,2026-01-10 08:13:00,9856.48,1
W_00002396,C_00077947,ATM_00491,2026-01-09 20:04:00,14523.72,1
W_00002397,C_00077952,ATM_00894,2026-01-09 21:32:00,4453.85,1
W_00002398,C_00078025,ATM_00832,2026-01-10 15:41:00,7454.29,1
W_00002399,C_00078049,ATM_00543,2026-01-10 16:36:00,10007.57,1
W_00002400,C_00078120,ATM_00208,2026-01-09 23:34:00,2666.14,1
W_00002401,C_00078121,ATM_00018,2026-01-10 17:42:00,21917.26,1
W_00002402,C_00078201,ATM_00370,2026-01-10 01:14:00,8315.76,1
W_00002403,C_00078252,ATM_01143,2026-01-09 18:36:00,3322.82,1
W_00002404,C_00078283,ATM_00241,2026-01-10 17:07:00,11931.57,1
W_00002405,C_00078323,ATM_00402,2026-01-09 12:44:00,10627.59,1
W_00002406,C_00078414,ATM_00945,2026-01-09 20:24:00,5622.21,1
W_00002407,C_00078480,ATM_01433,2026-01-09 21:39:00,4193.79,1
W_00002408,C_00078525,ATM_01446,2026-01-10 04:13:00,10260.2,1
W_00002409,C_00078548,ATM_01391,2026-01-10 21:20:00,7958.92,1
W_00002410,C_00078560,ATM_01369,2026-01-10 15:17:00,38428.27,1
W_00002411,C_00078650,ATM_00710,2026-01-09 20:56:00,53128.16,1
W_00002412,C_00078667,ATM_00501,2026-01-10 08:07:00,6801.02,1
W_00002413,C_00078704,ATM_01300,2026-01-10 08:43:00,49010.71,1
W_00002414,C_00078775,ATM_00500,2026-01-09 21:49:00,36261.61,1
W_00002415,C_00078792,ATM_00546,2026-01-10 02:00:00,10167.74,1
W_00002416,C_00078809,ATM_00980,2026-01-09 20:02:00,1403.12,1
W_00002417,C_00078817,ATM_00319,2026-01-10 09:24:00,17021.92,1
W_00002418,C_00078831,ATM_00357,2026-01-10 03:20:00,1408.38,1
W_00002419,C_00078847,ATM_01027,2026-01-10 06:54:00,21277.87,1
W_00002420,C_00078884,ATM_00065,2026-01-09 17:24:00,500.0,1
W_00002421,C_00078895,ATM_00370,2026-01-09 18:53:00,4778.37,1
W_00002422,C_00078908,ATM_00322,2026-01-09 12:35:00,7339.38,1
W_00002423,C_00078938,ATM_00525,2026-01-10 12:25:00,3560.75,1
W_00002424,C_00078946,ATM_00863,2026-01-10 01:44:00,25001.95,1
W_00002425,C_00078976,ATM_00286,2026-01-09 21:25:00,38250.42,1
W_00002426,C_00079012,ATM_00709,2026-01-10 10:10:00,7971.16,1
W_00002427,C_00079043,ATM_00067,2026-01-10 08:51:00,4425.68,1
W_00002428,C_00079067,ATM_00626,2026-01-09 19:59:00,16111.68,1
W_00002429,C_00079101,ATM_01303,2026-01-10 19:59:00,19594.22,1
W_00002430,C_00079133,ATM_00387,2026-01-09 14:14:00,954.58,1
W_00002431,C_00079183,ATM_00058,2026-01-09 18:04:00,14635.38,1
W_00002432,C_00079188,ATM_01000,2026-01-10 11:00:00,9658.65,1
W_00002433,C_00079239,ATM_01425,2026-01-09 20:06:00,4506.73,1
W_00002434,C_00079329,ATM_01138,2026-01-09 22:06:00,19068.71,1
W_00002435,C_00079347,ATM_00930,2026-01-09 18:00:00,8978.08,1
W_00002436,C_00079351,ATM_00225,2026-01-09 17:46:00,3376.42,1
W_00002437,C_00079370,ATM_00944,2026-01-10 14:03:00,4321.18,1
W_00002438,C_00079381,ATM_00495,2026-01-09 22:51:00,18268.38,1
W_00002439,C_00079404,ATM_00961,2026-01-10 09:20:00,38031.92,1
W_00002440,C_00079486,ATM_01256,2026-01-09 15:24:00,13238.29,1
W_00002441,C_00079487,ATM_00016,2026-01-09 22:36:00,10975.8,1
W_00002442,C_00079519,ATM_00849,2026-01-10 03:39:00,11379.45,1
W_00002443,C_00079523,ATM_01379,2026-01-09 20:46:00,3169.69,1
W_00002444,C_00079573,ATM_00470,2026-01-09 13:02:00,2230.64,1
W_00002445,C_00079667,ATM_00325,2026-01-10 01:22:00,7627.54,1
W_00002446,C_00079721,ATM_00782,2026-01-10 09:12:00,25198.77,1
W_00002447,C_00079802,ATM_00637,2026-01-09 12:17:00,18727.09,1
W_00002448,C_00079809,ATM_01141,2026-01-10 18:32:00,70411.51,1
W_00002449,C_00079818,ATM_01278,2026-01-10 07:49:00,43648.97,1
W_00002450,C_00079896,ATM_00910,2026-01-10 19:38:00,6862.49,1
W_00002451,C_00079977,ATM_01223,2026-01-10 02:00:00,14748.59,1
W_00002452,C_00079989,ATM_00198,2026-01-10 00:51:00,6756.75,1
W_00002453,C_00080009,ATM_00224,2026-01-09 17:43:00,5901.12,1
W_00002454,C_00080040,ATM_00103,2026-01-09 11:35:00,11328.75,1
W_00002455,C_00080042,ATM_00919,2026-01-09 15:24:00,12425.91,1
W_00002456,C_00080057,ATM_01102,2026-01-10 06:06:00,7993.66,1
W_00002457,C_00080098,ATM_01351,2026-01-09 21:39:00,7515.2,1
W_00002458,C_00080102,ATM_01494,2026-01-10 08:18:00,9188.28,1
W_00002459,C_00080113,ATM_01284,2026-01-10 19:04:00,9564.65,1
W_00002460,C_00080116,ATM_00946,2026-01-10 10:52:00,24002.85,1
W_00002461,C_00080230,ATM_01215,2026-01-09 18:34:00,38296.18,1
W_00002462,C_00080269,ATM_00625,2026-01-09 11:07:00,62321.84,1
W_00002463,C_00080275,ATM_00356,2026-01-09 13:10:00,22584.15,1
W_00002464,C_00080285,ATM_01039,2026-01-10 05:41:00,8617.18,1
W_00002465,C_00080290,ATM_00233,2026-01-09 05:17:00,4817.18,1
W_00002466,C_00080297,ATM_01467,2026-01-10 00:04:00,10070.27,1
W_00002467,C_00080304,ATM_00864,2026-01-10 04:02:00,10931.2,1
W_00002468,C_00080364,ATM_00272,2026-01-09 19:41:00,11236.17,1
W_00002469,C_00080441,ATM_00656,2026-01-10 08:36:00,21815.7,1
W_00002470,C_00080442,ATM_00725,2026-01-09 16:53:00,65186.22,1
W_00002471,C_00080463,ATM_00538,2026-01-10 15:44:00,7185.1,1
W_00002472,C_00080538,ATM_00140,2026-01-10 00:40:00,2934.52,1
W_00002473,C_00080572,ATM_00274,2026-01-10 06:22:00,86150.74,1
W_00002474,C_00080577,ATM_01436,2026-01-10 12:37:00,7405.59,1
W_00002475,C_00080584,ATM_00481,2026-01-10 12:10:00,867.32,1
W_00002476,C_00080598,ATM_00329,2026-01-10 01:18:00,4503.67,1
W_00002477,C_00080657,ATM_01182,2026-01-10 10:25:00,12239.45,1
W_00002478,C_00080660,ATM_01254,2026-01-10 05:57:00,5596.19,1
W_00002479,C_00080793,ATM_00457,2026-01-09 20:26:00,4281.5,1
W_00002480,C_00080824,ATM_01385,2026-01-09 16:02:00,29709.79,1
W_00002481,C_00080890,ATM_00069,2026-01-10 05:36:00,3103.36,1
W_00002482,C_00081000,ATM_01075,2026-01-10 07:38:00,12730.43,1
W_00002483,C_00081063,ATM_01354,2026-01-10 02:33:00,43903.15,1
W_00002484,C_00081099,ATM_00858,2026-01-09 20:35:00,11892.97,1
W_00002485,C_00081130,ATM_00076,2026-01-10 01:30:00,30223.03,1
W_00002486,C_00081212,ATM_00212,2026-01-10 03:05:00,7439.04,1
W_00002487,C_00081236,ATM_00107,2026-01-09 19:20:00,34032.71,1
W_00002488,C_00081303,ATM_01260,2026-01-09 18:49:00,36686.16,1
W_00002489,C_00081335,ATM_01113,2026-01-09 22:51:00,12133.69,1
W_00002490,C_00081340,ATM_01351,2026-01-10 10:13:00,74951.22,1
W_00002491,C_00081348,ATM_00658,2026-01-10 09:20:00,44299.56,1
W_00002492,C_00081418,ATM_00097,2026-01-10 12:30:00,18186.33,1
W_00002493,C_00081421,ATM_00305,2026-01-09 07:51:00,18608.72,1
W_00002494,C_00081480,ATM_01161,2026-01-09 09:12:00,15609.5,1
W_00002495,C_00081506,ATM_01135,2026-01-10 02:27:00,20559.52,1
W_00002496,C_00081522,ATM_00199,2026-01-10 08:25:00,22008.05,1
W_00002497,C_00081524,ATM_00592,2026-01-10 02:17:00,64671.93,1
W_00002498,C_00081602,ATM_01483,2026-01-10 03:12:00,66010.64,1
W_00002499,C_00081628,ATM_01383,2026-01-09 21:51:00,15970.15,1
W_00002500,C_00081713,ATM_00007,2026-01-10 01:38:00,6020.71,1
W_00002501,C_00081720,ATM_01039,2026-01-10 06:34:00,3659.1,1
W_00002502,C_00081727,ATM_01158,2026-01-09 15:14:00,5820.75,1
W_00002503,C_00081730,ATM_00098,2026-01-10 14:37:00,134942.79,1
W_00002504,C_00081825,ATM_01207,2026-01-10 03:58:00,2347.26,1
W_00002505,C_00081839,ATM_01492,2026-01-10 08:19:00,4767.21,1
W_00002506,C_00081850,ATM_01290,2026-01-09 16:54:00,4933.87,1
W_00002507,C_00081924,ATM_00794,2026-01-10 01:01:00,3686.16,1
W_00002508,C_00081969,ATM_00113,2026-01-09 23:06:00,10690.82,1
W_00002509,C_00082024,ATM_00439,2026-01-09 08:11:00,15716.47,1
W_00002510,C_00082106,ATM_00087,2026-01-09 23:37:00,86620.37,1
W_00002511,C_00082107,ATM_00927,2026-01-09 23:44:00,4831.19,1
W_00002512,C_00082209,ATM_00603,2026-01-10 10:10:00,1331.49,1
W_00002513,C_00082242,ATM_00793,2026-01-10 05:51:00,20945.42,1
W_00002514,C_00082262,ATM_00248,2026-01-10 10:21:00,6984.54,1
W_00002515,C_00082325,ATM_00786,2026-01-09 16:14:00,7555.93,1
W_00002516,C_00082332,ATM_00523,2026-01-09 20:15:00,10637.87,1
W_00002517,C_00082348,ATM_00389,2026-01-10 01:32:00,16378.18,1
W_00002518,C_00082409,ATM_00847,2026-01-10 09:29:00,2450.87,1
W_00002519,C_00082416,ATM_00509,2026-01-09 19:56:00,7788.39,1
W_00002520,C_00082442,ATM_01209,2026-01-10 08:16:00,17642.61,1
W_00002521,C_00082451,ATM_00739,2026-01-10 17:52:00,35762.5,1
W_00002522,C_00082462,ATM_00886,2026-01-10 02:20:00,7555.65,1
W_00002523,C_00082488,ATM_00581,2026-01-09 09:20:00,4517.77,1
W_00002524,C_00082501,ATM_01385,2026-01-10 04:23:00,21860.9,1
W_00002525,C_00082513,ATM_00719,2026-01-10 08:32:00,65342.57,1
W_00002526,C_00082575,ATM_01173,2026-01-09 17:08:00,4489.3,1
W_00002527,C_00082600,ATM_00791,2026-01-10 13:41:00,6983.85,1
W_00002528,C_00082601,ATM_01485,2026-01-09 19:43:00,27628.9,1
W_00002529,C_00082671,ATM_01437,2026-01-10 02:04:00,3148.97,1
W_00002530,C_00082733,ATM_00654,2026-01-10 03:29:00,17179.68,1
W_00002531,C_00082796,ATM_00178,2026-01-10 08:54:00,20954.12,1
W_00002532,C_00082828,ATM_00329,2026-01-09 14:37:00,14632.27,1
W_00002533,C_00082887,ATM_00782,2026-01-09 22:41:00,64682.25,1
W_00002534,C_00082897,ATM_00186,2026-01-10 15:08:00,2023.92,1
W_00002535,C_00082928,ATM_00596,2026-01-10 03:14:00,2209.29,1
W_00002536,C_00083021,ATM_00554,2026-01-10 10:30:00,4830.23,1
W_00002537,C_00083052,ATM_00917,2026-01-10 00:16:00,7082.33,1
W_00002538,C_00083058,ATM_00191,2026-01-10 03:19:00,8996.86,1
W_00002539,C_00083068,ATM_00091,2026-01-10 02:04:00,34413.9,1
W_00002540,C_00083101,ATM_00776,2026-01-09 13:57:00,3388.0,1
W_00002541,C_00083109,ATM_00138,2026-01-10 05:39:00,29867.02,1
W_00002542,C_00083125,ATM_01442,2026-01-10 09:22:00,9235.04,1
W_00002543,C_00083145,ATM_00613,2026-01-10 11:57:00,4632.84,1
W_00002544,C_00083180,ATM_00974,2026-01-10 10:42:00,56675.2,1
W_00002545,C_00083262,ATM_00314,2026-01-09 19:25:00,14312.27,1
W_00002546,C_00083344,ATM_00900,2026-01-10 02:08:00,4139.49,1
W_00002547,C_00083389,ATM_01326,2026-01-10 16:54:00,5443.16,1
W_00002548,C_00083406,ATM_00963,2026-01-09 18:18:00,48727.44,1
W_00002549,C_00083433,ATM_00949,2026-01-09 23:01:00,17145.01,1
W_00002550,C_00083439,ATM_00033,2026-01-09 22:04:00,8405.56,1
W_00002551,C_00083447,ATM_00812,2026-01-09 19:05:00,4735.54,1
W_00002552,C_00083473,ATM_00441,2026-01-09 07:15:00,11166.61,1
W_00002553,C_00083488,ATM_01117,2026-01-10 08:11:00,2918.31,1
W_00002554,C_00083496,ATM_00432,2026-01-10 08:26:00,41199.77,1
W_00002555,C_00083551,ATM_00397,2026-01-10 13:21:00,20503.38,1
W_00002556,C_00083562,ATM_00658,2026-01-10 20:43:00,74068.36,1
W_00002557,C_00083570,ATM_00784,2026-01-10 05:20:00,2616.97,1
W_00002558,C_00083574,ATM_00557,2026-01-10 12:28:00,42441.28,1
W_00002559,C_00083595,ATM_00428,2026-01-10 01:29:00,7069.15,1
W_00002560,C_00083623,ATM_00766,2026-01-09 16:22:00,1952.94,1
W_00002561,C_00083647,ATM_01372,2026-01-09 17:05:00,10077.75,1
W_00002562,C_00083655,ATM_01168,2026-01-10 07:40:00,1683.42,1
W_00002563,C_00083660,ATM_01364,2026-01-10 20:31:00,25706.46,1
W_00002564,C_00083693,ATM_00196,2026-01-10 02:07:00,4680.19,1
W_00002565,C_00083695,ATM_01367,2026-01-10 07:24:00,21592.59,1
W_00002566,C_00083697,ATM_00326,2026-01-10 06:11:00,3530.69,1
W_00002567,C_00083731,ATM_00088,2026-01-09 19:11:00,5359.05,1
W_00002568,C_00083795,ATM_00716,2026-01-10 16:57:00,10567.14,1
W_00002569,C_00083807,ATM_00815,2026-01-10 04:06:00,15363.16,1
W_00002570,C_00083914,ATM_01425,2026-01-09 18:46:00,15394.27,1
W_00002571,C_00083940,ATM_00004,2026-01-10 15:40:00,1486.44,1
W_00002572,C_00084061,ATM_00633,2026-01-09 17:37:00,12281.49,1
W_00002573,C_00084088,ATM_00996,2026-01-10 10:19:00,13574.19,1
W_00002574,C_00084091,ATM_00130,2026-01-09 15:37:00,82766.84,1
W_00002575,C_00084210,ATM_00003,2026-01-09 23:15:00,8215.29,1
W_00002576,C_00084253,ATM_00667,2026-01-10 04:33:00,1641.3,1
W_00002577,C_00084285,ATM_01423,2026-01-10 15:17:00,55025.69,1
W_00002578,C_00084329,ATM_01261,2026-01-10 23:30:00,9939.53,1
W_00002579,C_00084350,ATM_00801,2026-01-10 08:52:00,13514.88,1
W_00002580,C_00084352,ATM_00656,2026-01-10 02:44:00,19552.13,1
W_00002581,C_00084394,ATM_01436,2026-01-09 13:17:00,13238.57,1
W_00002582,C_00084416,ATM_01412,2026-01-10 16:51:00,1112.6,1
W_00002583,C_00084435,ATM_00289,2026-01-10 09:59:00,12669.49,1
W_00002584,C_00084489,ATM_01308,2026-01-10 04:49:00,5819.52,1
W_00002585,C_00084492,ATM_01248,2026-01-10 13:23:00,5084.85,1
W_00002586,C_00084565,ATM_01287,2026-01-09 17:30:00,17073.44,1
W_00002587,C_00084610,ATM_01310,2026-01-10 15:00:00,3123.95,1
W_00002588,C_00084655,ATM_00319,2026-01-10 05:20:00,15874.83,1
W_00002589,C_00084663,ATM_00711,2026-01-10 09:33:00,11759.59,1
W_00002590,C_00084703,ATM_00265,2026-01-09 16:19:00,6013.54,1
W_00002591,C_00084708,ATM_00582,2026-01-10 04:38:00,47611.83,1
W_00002592,C_00084713,ATM_00717,2026-01-10 02:34:00,26590.63,1
W_00002593,C_00084724,ATM_01409,2026-01-10 04:22:00,14323.73,1
W_00002594,C_00084768,ATM_00786,2026-01-09 21:37:00,16789.37,1
W_00002595,C_00084843,ATM_00994,2026-01-10 06:08:00,19016.22,1
W_00002596,C_00084849,ATM_01053,2026-01-10 10:55:00,44763.33,1
W_00002597,C_00084871,ATM_00401,2026-01-09 19:52:00,2118.62,1
W_00002598,C_00084892,ATM_00886,2026-01-10 09:33:00,1239.96,1
W_00002599,C_00084924,ATM_00161,2026-01-09 16:11:00,7490.01,1
W_00002600,C_00084974,ATM_00936,2026-01-10 10:37:00,24570.94,1
W_00002601,C_00084994,ATM_00431,2026-01-10 03:43:00,23761.43,1
W_00002602,C_00085020,ATM_01260,2026-01-09 11:58:00,11612.64,1
W_00002603,C_00085038,ATM_00565,2026-01-09 22:49:00,2078.15,1
W_00002604,C_00085069,ATM_00086,2026-01-10 05:25:00,5365.13,1
W_00002605,C_00085104,ATM_01230,2026-01-09 16:30:00,99038.25,1
W_00002606,C_00085153,ATM_00680,2026-01-10 05:49:00,9439.68,1
W_00002607,C_00085157,ATM_01345,2026-01-10 10:30:00,4964.06,1
W_00002608,C_00085221,ATM_00334,2026-01-09 21:48:00,54720.92,1
W_00002609,C_00085225,ATM_00052,2026-01-10 07:04:00,3795.84,1
W_00002610,C_00085258,ATM_01088,2026-01-10 17:27:00,36593.99,1
W_00002611,C_00085279,ATM_00242,2026-01-09 14:34:00,6919.09,1
W_00002612,C_00085341,ATM_00213,2026-01-10 06:32:00,40144.93,1
W_00002613,C_00085390,ATM_00514,2026-01-09 17:59:00,3424.48,1
W_00002614,C_00085416,ATM_01396,2026-01-09 16:40:00,12950.02,1
W_00002615,C_00085432,ATM_00224,2026-01-09 16:06:00,8875.76,1
W_00002616,C_00085482,ATM_00841,2026-01-09 23:45:00,16594.72,1
W_00002617,C_00085510,ATM_01452,2026-01-09 20:11:00,8381.35,1
W_00002618,C_00085521,ATM_01103,2026-01-10 11:02:00,5836.55,1
W_00002619,C_00085554,ATM_00514,2026-01-10 09:45:00,35790.34,1
W_00002620,C_00085599,ATM_01194,2026-01-09 17:25:00,8566.06,1
W_00002621,C_00085609,ATM_00485,2026-01-10 10:07:00,16717.85,1
W_00002622,C_00085635,ATM_00930,2026-01-10 02:54:00,2735.45,1
W_00002623,C_00085663,ATM_00695,2026-01-10 05:21:00,41392.31,1
W_00002624,C_00085695,ATM_00646,2026-01-10 01:34:00,14232.94,1
W_00002625,C_00085760,ATM_01491,2026-01-10 06:55:00,2073.77,1
W_00002626,C_00085772,ATM_00447,2026-01-09 17:22:00,4852.67,1
W_00002627,C_00085826,ATM_00583,2026-01-10 13:04:00,12313.82,1
W_00002628,C_00085846,ATM_00521,2026-01-10 12:22:00,7138.84,1
W_00002629,C_00085850,ATM_01393,2026-01-10 04:16:00,6457.75,1
W_00002630,C_00085882,ATM_00213,2026-01-10 09:26:00,18405.62,1
W_00002631,C_00085889,ATM_00830,2026-01-10 23:02:00,12830.28,1
W_00002632,C_00085896,ATM_00872,2026-01-09 20:06:00,13460.34,1
W_00002633,C_00085909,ATM_00373,2026-01-10 17:31:00,4369.51,1
W_00002634,C_00086039,ATM_00233,2026-01-11 13:03:00,28920.96,1
W_00002635,C_00086045,ATM_00492,2026-01-11 00:52:00,1294.36,1
W_00002636,C_00086055,ATM_01379,2026-01-11 05:12:00,27474.31,1
W_00002637,C_00086074,ATM_00618,2026-01-11 04:54:00,23189.03,1
W_00002638,C_00086086,ATM_01264,2026-01-11 03:18:00,4011.56,1
W_00002639,C_00086106,ATM_00893,2026-01-11 05:49:00,10482.07,1
W_00002640,C_00086132,ATM_00180,2026-01-11 00:58:00,71348.6,1
W_00002641,C_00086166,ATM_00126,2026-01-10 20:16:00,13313.22,1
W_00002642,C_00086169,ATM_00484,2026-01-11 10:14:00,24586.69,1
W_00002643,C_00086216,ATM_00024,2026-01-11 16:04:00,4614.24,1
W_00002644,C_00086253,ATM_00121,2026-01-10 13:22:00,3745.26,1
W_00002645,C_00086280,ATM_01459,2026-01-10 21:07:00,1680.35,1
W_00002646,C_00086285,ATM_00164,2026-01-11 05:29:00,1859.02,1
W_00002647,C_00086299,ATM_01415,2026-01-11 14:29:00,10166.69,1
W_00002648,C_00086329,ATM_00722,2026-01-10 22:30:00,11513.83,1
W_00002649,C_00086371,ATM_01018,2026-01-11 04:52:00,19580.14,1
W_00002650,C_00086483,ATM_00048,2026-01-10 18:07:00,13403.17,1
W_00002651,C_00086532,ATM_00395,2026-01-11 00:50:00,11857.62,1
W_00002652,C_00086548,ATM_00447,2026-01-10 15:43:00,77117.52,1
W_00002653,C_00086586,ATM_00341,2026-01-11 10:46:00,71705.26,1
W_00002654,C_00086595,ATM_00053,2026-01-11 00:45:00,14253.39,1
W_00002655,C_00086614,ATM_00561,2026-01-11 04:08:00,4285.17,1
W_00002656,C_00086624,ATM_00048,2026-01-11 02:46:00,4829.62,1
W_00002657,C_00086628,ATM_00786,2026-01-10 13:52:00,1833.73,1
W_00002658,C_00086631,ATM_00593,2026-01-10 21:48:00,40841.54,1
W_00002659,C_00086633,ATM_01429,2026-01-10 23:51:00,8214.31,1
W_00002660,C_00086635,ATM_00001,2026-01-11 08:09:00,11607.76,1
W_00002661,C_00086697,ATM_00678,2026-01-11 08:15:00,30317.93,1
W_00002662,C_00086710,ATM_00341,2026-01-11 09:21:00,35229.75,1
W_00002663,C_00086728,ATM_00058,2026-01-11 06:01:00,9313.31,1
W_00002664,C_00086790,ATM_00316,2026-01-11 18:31:00,7043.85,1
W_00002665,C_00086801,ATM_00771,2026-01-10 13:22:00,16327.88,1
W_00002666,C_00086825,ATM_00635,2026-01-10 12:49:00,2655.1,1
W_00002667,C_00086916,ATM_00776,2026-01-10 13:13:00,1791.16,1
W_00002668,C_00087011,ATM_00229,2026-01-10 20:13:00,7935.52,1
W_00002669,C_00087042,ATM_00590,2026-01-11 12:31:00,605.71,1
W_00002670,C_00087055,ATM_00564,2026-01-10 22:12:00,9709.07,1
W_00002671,C_00087068,ATM_01009,2026-01-10 21:41:00,1765.44,1
W_00002672,C_00087151,ATM_01334,2026-01-11 08:48:00,29580.37,1
W_00002673,C_00087163,ATM_01276,2026-01-11 08:20:00,25199.26,1
W_00002674,C_00087190,ATM_01346,2026-01-11 07:26:00,11944.06,1
W_00002675,C_00087193,ATM_01189,2026-01-10 20:46:00,6883.16,1
W_00002676,C_00087224,ATM_01004,2026-01-11 03:16:00,1538.38,1
W_00002677,C_00087238,ATM_00338,2026-01-11 09:29:00,15269.08,1
W_00002678,C_00087306,ATM_01360,2026-01-11 15:33:00,10596.54,1
W_00002679,C_00087314,ATM_01282,2026-01-11 06:49:00,4270.05,1
W_00002680,C_00087315,ATM_01369,2026-01-10 19:26:00,200000.0,1
W_00002681,C_00087344,ATM_00616,2026-01-10 21:55:00,17620.46,1
W_00002682,C_00087463,ATM_00856,2026-01-11 13:12:00,16662.56,1
W_00002683,C_00087495,ATM_01130,2026-01-10 19:36:00,191132.23,1
W_00002684,C_00087555,ATM_00001,2026-01-10 12:29:00,2391.76,1
W_00002685,C_00087586,ATM_00536,2026-01-10 22:00:00,60052.63,1
W_00002686,C_00087633,ATM_00319,2026-01-11 14:00:00,1396.7,1
W_00002687,C_00087649,ATM_00287,2026-01-11 01:18:00,44019.87,1
W_00002688,C_00087679,ATM_00625,2026-01-11 02:33:00,2815.16,1
W_00002689,C_00087710,ATM_00329,2026-01-10 21:08:00,25371.85,1
W_00002690,C_00087712,ATM_01034,2026-01-11 15:34:00,38487.27,1
W_00002691,C_00087773,ATM_01115,2026-01-11 01:45:00,17650.69,1
W_00002692,C_00087809,ATM_01277,2026-01-11 13:49:00,6230.7,1
W_00002693,C_00087831,ATM_01172,2026-01-11 12:24:00,10639.23,1
W_00002694,C_00087894,ATM_01058,2026-01-11 15:06:00,1536.48,1
W_00002695,C_00087895,ATM_01035,2026-01-11 05:42:00,7796.84,1
W_00002696,C_00087926,ATM_00917,2026-01-11 02:48:00,5165.57,1
W_00002697,C_00087948,ATM_01418,2026-01-10 09:06:00,3832.34,1
W_00002698,C_00088028,ATM_00750,2026-01-11 02:30:00,4154.12,1
W_00002699,C_00088054,ATM_00998,2026-01-11 15:21:00,37348.65,1
W_00002700,C_00088135,ATM_00831,2026-01-11 21:52:00,14568.86,1
W_00002701,C_00088158,ATM_00476,2026-01-11 06:19:00,11159.18,1
W_00002702,C_00088170,ATM_00448,2026-01-11 08:24:00,18879.72,1
W_00002703,C_00088179,ATM_00737,2026-01-10 19:44:00,16258.14,1
W_00002704,C_00088247,ATM_00857,2026-01-11 07:12:00,12023.03,1
W_00002705,C_00088266,ATM_00654,2026-01-11 02:41:00,12147.52,1
W_00002706,C_00088290,ATM_00203,2026-01-11 11:15:00,14000.22,1
W_00002707,C_00088344,ATM_00471,2026-01-10 16:41:00,59256.65,1
W_00002708,C_00088350,ATM_01318,2026-01-10 15:20:00,6570.06,1
W_00002709,C_00088480,ATM_01107,2026-01-10 07:05:00,4001.3,1
W_00002710,C_00088543,ATM_00098,2026-01-11 03:10:00,7638.49,1
W_00002711,C_00088566,ATM_01066,2026-01-11 04:39:00,23706.94,1
W_00002712,C_00088576,ATM_00445,2026-01-11 12:41:00,74595.9,1
W_00002713,C_00088611,ATM_01047,2026-01-11 07:35:00,18573.86,1
W_00002714,C_00088662,ATM_00261,2026-01-10 22:00:00,12780.38,1
W_00002715,C_00088692,ATM_00445,2026-01-11 16:06:00,12259.92,1
W_00002716,C_00088694,ATM_00360,2026-01-11 06:39:00,5922.84,1
W_00002717,C_00088727,ATM_01164,2026-01-11 03:42:00,9359.71,1
W_00002718,C_00088851,ATM_00404,2026-01-10 23:51:00,3627.9,1
W_00002719,C_00088915,ATM_00931,2026-01-11 15:04:00,12033.31,1
W_00002720,C_00088950,ATM_01247,2026-01-11 14:48:00,7870.05,1
W_00002721,C_00089000,ATM_00182,2026-01-11 08:37:00,13288.84,1
W_00002722,C_00089013,ATM_01492,2026-01-11 08:14:00,27866.2,1
W_00002723,C_00089061,ATM_00051,2026-01-11 04:14:00,696.83,1
W_00002724,C_00089070,ATM_00626,2026-01-11 09:28:00,84871.06,1
W_00002725,C_00089096,ATM_01220,2026-01-11 09:58:00,2750.95,1
W_00002726,C_00089110,ATM_00499,2026-01-11 11:29:00,15630.79,1
W_00002727,C_00089145,ATM_01103,2026-01-10 18:43:00,190927.67,1
W_00002728,C_00089218,ATM_01004,2026-01-11 11:04:00,14765.48,1
W_00002729,C_00089244,ATM_00730,2026-01-10 23:28:00,8147.96,1
W_00002730,C_00089270,ATM_01344,2026-01-11 12:49:00,16592.75,1
W_00002731,C_00089284,ATM_00834,2026-01-10 21:37:00,11349.29,1
W_00002732,C_00089338,ATM_00684,2026-01-10 12:09:00,15872.7,1
W_00002733,C_00089402,ATM_01434,2026-01-10 08:11:00,3708.31,1
W_00002734,C_00089442,ATM_01402,2026-01-11 01:38:00,21031.65,1
W_00002735,C_00089475,ATM_01219,2026-01-11 05:59:00,23312.09,1
W_00002736,C_00089484,ATM_01449,2026-01-11 02:05:00,3199.36,1
W_00002737,C_00089501,ATM_01164,2026-01-10 11:15:00,4097.63,1
W_00002738,C_00089548,ATM_00162,2026-01-10 15:06:00,16412.88,1
W_00002739,C_00089555,ATM_00766,2026-01-11 00:19:00,4339.74,1
W_00002740,C_00089560,ATM_00637,2026-01-10 23:49:00,3890.7,1
W_00002741,C_00089578,ATM_00291,2026-01-10 17:57:00,40087.86,1
W_00002742,C_00089592,ATM_00474,2026-01-11 00:27:00,9538.69,1
W_00002743,C_00089595,ATM_00825,2026-01-10 12:28:00,5324.01,1
W_00002744,C_00089713,ATM_00281,2026-01-11 07:26:00,9970.56,1
W_00002745,C_00089821,ATM_01362,2026-01-10 22:14:00,15214.96,1
W_00002746,C_00089902,ATM_00919,2026-01-11 09:42:00,10081.46,1
W_00002747,C_00089909,ATM_01342,2026-01-11 11:23:00,24152.61,1
W_00002748,C_00089923,ATM_00690,2026-01-11 03:26:00,69267.05,1
W_00002749,C_00089937,ATM_01388,2026-01-11 10:45:00,66338.45,1
W_00002750,C_00090035,ATM_00816,2026-01-11 02:34:00,4641.57,1
W_00002751,C_00090053,ATM_01271,2026-01-10 17:59:00,5646.62,1
W_00002752,C_00090058,ATM_01101,2026-01-11 01:30:00,85106.62,1
W_00002753,C_00090061,ATM_00552,2026-01-10 09:51:00,9425.22,1
W_00002754,C_00090163,ATM_00749,2026-01-11 21:54:00,3989.0,1
W_00002755,C_00090172,ATM_00789,2026-01-11 13:47:00,2285.65,1
W_00002756,C_00090189,ATM_00762,2026-01-10 16:37:00,63947.53,1
W_00002757,C_00090193,ATM_00939,2026-01-11 01:19:00,4197.81,1
W_00002758,C_00090235,ATM_00773,2026-01-11 10:53:00,98824.1,1
W_00002759,C_00090251,ATM_00323,2026-01-10 11:01:00,5845.44,1
W_00002760,C_00090265,ATM_00107,2026-01-10 23:23:00,7738.89,1
W_00002761,C_00090266,ATM_00256,2026-01-11 12:43:00,7890.14,1
W_00002762,C_00090286,ATM_01340,2026-01-11 02:20:00,8636.21,1
W_00002763,C_00090336,ATM_01409,2026-01-11 06:40:00,23098.78,1
W_00002764,C_00090382,ATM_00356,2026-01-11 13:00:00,5111.88,1
W_00002765,C_00090383,ATM_00935,2026-01-11 08:13:00,37347.54,1
W_00002766,C_00090440,ATM_00308,2026-01-11 10:26:00,1128.16,1
W_00002767,C_00090493,ATM_01381,2026-01-10 14:00:00,13705.15,1
W_00002768,C_00090537,ATM_00232,2026-01-11 04:08:00,9451.23,1
W_00002769,C_00090558,ATM_00194,2026-01-11 06:31:00,6493.91,1
W_00002770,C_00090607,ATM_00419,2026-01-11 07:06:00,6454.76,1
W_00002771,C_00090651,ATM_00977,2026-01-10 22:33:00,6481.28,1
W_00002772,C_00090690,ATM_01126,2026-01-11 00:26:00,5288.0,1
W_00002773,C_00090700,ATM_00489,2026-01-10 19:22:00,10987.67,1
W_00002774,C_00090724,ATM_01383,2026-01-10 19:30:00,1701.39,1
W_00002775,C_00090746,ATM_00806,2026-01-11 13:56:00,3182.37,1
W_00002776,C_00090795,ATM_01191,2026-01-11 11:02:00,21718.14,1
W_00002777,C_00090810,ATM_01201,2026-01-10 21:47:00,16830.9,1
W_00002778,C_00090839,ATM_01170,2026-01-11 12:35:00,4982.35,1
W_00002779,C_00090861,ATM_00972,2026-01-11 07:34:00,2934.72,1
W_00002780,C_00090870,ATM_00115,2026-01-11 01:47:00,8069.43,1
W_00002781,C_00090878,ATM_00521,2026-01-10 22:25:00,112593.7,1
W_00002782,C_00090884,ATM_00439,2026-01-11 04:38:00,5401.35,1
W_00002783,C_00090910,ATM_01111,2026-01-10 12:54:00,3264.73,1
W_00002784,C_00090918,ATM_01387,2026-01-10 17:59:00,3703.87,1
W_00002785,C_00090931,ATM_00278,2026-01-10 11:46:00,14760.13,1
W_00002786,C_00090984,ATM_01370,2026-01-10 17:52:00,7399.59,1
W_00002787,C_00091034,ATM_01306,2026-01-11 18:22:00,9468.74,1
W_00002788,C_00091106,ATM_00972,2026-01-11 11:40:00,1628.51,1
W_00002789,C_00091113,ATM_00422,2026-01-11 07:54:00,31873.59,1
W_00002790,C_00091118,ATM_01050,2026-01-10 22:18:00,2509.69,1
W_00002791,C_00091169,ATM_01351,2026-01-11 02:20:00,7413.19,1
W_00002792,C_00091179,ATM_00684,2026-01-10 22:51:00,31822.89,1
W_00002793,C_00091225,ATM_00996,2026-01-11 03:52:00,2351.25,1
W_00002794,C_00091236,ATM_01112,2026-01-11 10:04:00,1001.31,1
W_00002795,C_00091237,ATM_01404,2026-01-10 16:20:00,6368.79,1
W_00002796,C_00091288,ATM_01119,2026-01-10 16:43:00,26413.53,1
W_00002797,C_00091305,ATM_00570,2026-01-11 04:33:00,6927.91,1
W_00002798,C_00091307,ATM_01243,2026-01-11 12:56:00,27572.6,1
W_00002799,C_00091318,ATM_01061,2026-01-11 03:21:00,3637.16,1
W_00002800,C_00091333,ATM_01397,2026-01-10 23:10:00,28038.98,1
W_00002801,C_00091343,ATM_01007,2026-01-11 14:42:00,9873.87,1
W_00002802,C_00091344,ATM_01300,2026-01-10 22:33:00,14436.7,1
W_00002803,C_00091376,ATM_01400,2026-01-11 05:44:00,4214.81,1
W_00002804,C_00091405,ATM_01050,2026-01-11 10:05:00,10855.92,1
W_00002805,C_00091420,ATM_01305,2026-01-11 02:20:00,4479.12,1
W_00002806,C_00091426,ATM_01377,2026-01-10 15:57:00,13775.7,1
W_00002807,C_00091561,ATM_00197,2026-01-11 02:21:00,8912.44,1
W_00002808,C_00091571,ATM_00914,2026-01-10 23:00:00,7268.16,1
W_00002809,C_00091594,ATM_01468,2026-01-10 23:54:00,2950.95,1
W_00002810,C_00091602,ATM_00699,2026-01-11 07:30:00,36602.2,1
W_00002811,C_00091625,ATM_00784,2026-01-10 22:03:00,7215.46,1
W_00002812,C_00091666,ATM_01450,2026-01-10 22:16:00,73623.11,1
W_00002813,C_00091752,ATM_00837,2026-01-11 01:18:00,1968.34,1
W_00002814,C_00091754,ATM_00378,2026-01-11 07:59:00,4893.59,1
W_00002815,C_00091763,ATM_01339,2026-01-10 11:58:00,5863.43,1
W_00002816,C_00091825,ATM_01325,2026-01-10 04:48:00,1977.32,1
W_00002817,C_00091946,ATM_00119,2026-01-11 01:25:00,58361.12,1
W_00002818,C_00091947,ATM_00993,2026-01-11 14:53:00,2941.05,1
W_00002819,C_00091965,ATM_00729,2026-01-11 00:21:00,11844.01,1
W_00002820,C_00091976,ATM_00660,2026-01-11 10:58:00,24981.47,1
W_00002821,C_00091984,ATM_00590,2026-01-11 15:30:00,104762.61,1
W_00002822,C_00092071,ATM_00829,2026-01-11 12:13:00,4189.52,1
W_00002823,C_00092097,ATM_00323,2026-01-10 22:36:00,5326.39,1
W_00002824,C_00092116,ATM_00921,2026-01-11 09:02:00,27710.37,1
W_00002825,C_00092143,ATM_00390,2026-01-10 23:42:00,11702.78,1
W_00002826,C_00092177,ATM_01358,2026-01-10 14:41:00,27542.95,1
W_00002827,C_00092279,ATM_00999,2026-01-11 00:49:00,5003.68,1
W_00002828,C_00092351,ATM_01419,2026-01-10 21:01:00,29401.6,1
W_00002829,C_00092364,ATM_01497,2026-01-10 15:30:00,4619.09,1
W_00002830,C_00092372,ATM_01055,2026-01-11 15:21:00,2800.95,1
W_00002831,C_00092417,ATM_01436,2026-01-10 19:20:00,6513.94,1
W_00002832,C_00092447,ATM_00174,2026-01-10 21:28:00,3169.95,1
W_00002833,C_00092555,ATM_00821,2026-01-10 19:36:00,1888.87,1
W_00002834,C_00092571,ATM_00024,2026-01-10 19:07:00,74878.74,1
W_00002835,C_00092595,ATM_00853,2026-01-10 23:12:00,1127.24,1
W_00002836,C_00092598,ATM_00298,2026-01-10 17:40:00,21566.76,1
W_00002837,C_00092661,ATM_00568,2026-01-10 20:36:00,2372.51,1
W_00002838,C_00092681,ATM_01136,2026-01-10 10:57:00,1748.0,1
W_00002839,C_00092686,ATM_00697,2026-01-10 22:42:00,19700.27,1
W_00002840,C_00092711,ATM_00230,2026-01-11 04:12:00,21843.47,1
W_00002841,C_00092721,ATM_00067,2026-01-10 08:19:00,2175.17,1
W_00002842,C_00092750,ATM_01069,2026-01-11 18:39:00,44280.1,1
W_00002843,C_00092764,ATM_00766,2026-01-11 14:11:00,6795.36,1
W_00002844,C_00092819,ATM_00769,2026-01-11 13:48:00,1081.34,1
W_00002845,C_00092829,ATM_00310,2026-01-10 12:14:00,3300.85,1
W_00002846,C_00092852,ATM_01307,2026-01-11 02:30:00,17660.59,1
W_00002847,C_00092887,ATM_00915,2026-01-11 00:16:00,13286.22,1
W_00002848,C_00092904,ATM_01393,2026-01-10 12:01:00,11073.31,1
W_00002849,C_00092907,ATM_00441,2026-01-10 22:40:00,6741.85,1
W_00002850,C_00092948,ATM_01268,2026-01-10 22:35:00,3215.12,1
W_00002851,C_00092951,ATM_00916,2026-01-10 19:06:00,5414.91,1
W_00002852,C_00092958,ATM_01384,2026-01-11 09:26:00,2715.8,1
W_00002853,C_00092987,ATM_00238,2026-01-11 13:51:00,17206.81,1
W_00002854,C_00093020,ATM_00919,2026-01-10 23:23:00,7282.58,1
W_00002855,C_00093021,ATM_00095,2026-01-11 16:27:00,10194.18,1
W_00002856,C_00093118,ATM_00762,2026-01-11 04:36:00,17163.4,1
W_00002857,C_00093135,ATM_01126,2026-01-10 18:20:00,10273.4,1
W_00002858,C_00093193,ATM_00398,2026-01-11 05:19:00,6701.04,1
W_00002859,C_00093203,ATM_01168,2026-01-11 00:46:00,11268.35,1
W_00002860,C_00093210,ATM_01083,2026-01-10 21:53:00,135473.52,1
W_00002861,C_00093255,ATM_01237,2026-01-10 18:59:00,111144.43,1
W_00002862,C_00093274,ATM_00499,2026-01-10 22:08:00,2902.76,1
W_00002863,C_00093277,ATM_00616,2026-01-11 13:23:00,4440.83,1
W_00002864,C_00093295,ATM_01322,2026-01-10 21:48:00,3206.31,1
W_00002865,C_00093316,ATM_00102,2026-01-11 13:10:00,11717.93,1
W_00002866,C_00093330,ATM_00021,2026-01-11 13:59:00,23960.34,1
W_00002867,C_00093356,ATM_00470,2026-01-11 07:26:00,112382.81,1
W_00002868,C_00093385,ATM_00234,2026-01-11 10:09:00,18168.33,1
W_00002869,C_00093421,ATM_01256,2026-01-11 08:00:00,32891.14,1
W_00002870,C_00093433,ATM_01497,2026-01-11 12:16:00,54709.96,1
W_00002871,C_00093479,ATM_00288,2026-01-11 08:56:00,17433.01,1
W_00002872,C_00093484,ATM_00710,2026-01-11 12:56:00,6484.56,1
W_00002873,C_00093580,ATM_01229,2026-01-11 14:00:00,3462.71,1
W_00002874,C_00093606,ATM_00070,2026-01-11 06:01:00,3562.14,1
W_00002875,C_00093617,ATM_01414,2026-01-11 02:38:00,45311.05,1
W_00002876,C_00093646,ATM_00415,2026-01-10 19:08:00,7425.12,1
W_00002877,C_00093650,ATM_00726,2026-01-11 14:16:00,4092.47,1
W_00002878,C_00093660,ATM_00039,2026-01-11 02:31:00,22242.22,1
W_00002879,C_00093677,ATM_00030,2026-01-10 20:12:00,38085.88,1
W_00002880,C_00093741,ATM_00811,2026-01-10 17:13:00,23708.66,1
W_00002881,C_00093760,ATM_00566,2026-01-10 19:16:00,4841.52,1
W_00002882,C_00093767,ATM_00803,2026-01-11 07:05:00,26515.66,1
W_00002883,C_00093786,ATM_00088,2026-01-11 03:24:00,76342.28,1
W_00002884,C_00093789,ATM_00283,2026-01-11 03:05:00,30808.21,1
W_00002885,C_00093868,ATM_01478,2026-01-11 05:23:00,3310.59,1
W_00002886,C_00093874,ATM_00087,2026-01-11 16:29:00,682.02,1
W_00002887,C_00093880,ATM_01465,2026-01-10 17:19:00,13840.51,1
W_00002888,C_00093886,ATM_00877,2026-01-10 19:00:00,93382.97,1
W_00002889,C_00093906,ATM_00568,2026-01-11 01:26:00,4606.22,1
W_00002890,C_00093940,ATM_01185,2026-01-10 20:12:00,6479.1,1
W_00002891,C_00093949,ATM_00742,2026-01-11 00:21:00,6749.86,1
W_00002892,C_00093958,ATM_00437,2026-01-10 21:07:00,18738.51,1
W_00002893,C_00093985,ATM_01369,2026-01-11 03:31:00,4190.43,1
W_00002894,C_00094016,ATM_00481,2026-01-11 03:39:00,88881.79,1
W_00002895,C_00094076,ATM_01273,2026-01-11 02:34:00,11983.58,1
W_00002896,C_00094084,ATM_01369,2026-01-11 12:34:00,8637.31,1
W_00002897,C_00094229,ATM_00989,2026-01-11 12:36:00,38413.22,1
W_00002898,C_00094244,ATM_01089,2026-01-10 20:12:00,2311.39,1
W_00002899,C_00094343,ATM_00884,2026-01-11 10:08:00,3405.82,1
W_00002900,C_00094350,ATM_01238,2026-01-11 03:32:00,3369.84,1
W_00002901,C_00094382,ATM_01425,2026-01-11 08:05:00,1696.48,1
W_00002902,C_00094439,ATM_00246,2026-01-11 00:36:00,7840.2,1
W_00002903,C_00094446,ATM_01426,2026-01-11 14:01:00,1254.77,1
W_00002904,C_00094455,ATM_01359,2026-01-11 12:44:00,5728.4,1
W_00002905,C_00094468,ATM_00538,2026-01-10 19:02:00,40937.75,1
W_00002906,C_00094474,ATM_00302,2026-01-11 10:39:00,13899.53,1
W_00002907,C_00094545,ATM_01124,2026-01-11 15:54:00,12604.49,1
W_00002908,C_00094578,ATM_00233,2026-01-10 18:29:00,7969.32,1
W_00002909,C_00094585,ATM_00205,2026-01-11 07:26:00,9037.81,1
W_00002910,C_00094674,ATM_00590,2026-01-11 01:01:00,117303.27,1
W_00002911,C_00094702,ATM_01451,2026-01-11 01:09:00,20355.63,1
W_00002912,C_00094721,ATM_00322,2026-01-10 19:37:00,10605.82,1
W_00002913,C_00094743,ATM_01145,2026-01-11 15:52:00,14181.91,1
W_00002914,C_00094745,ATM_00928,2026-01-11 08:16:00,7784.29,1
W_00002915,C_00094772,ATM_00866,2026-01-11 04:04:00,1908.91,1
W_00002916,C_00094802,ATM_00347,2026-01-11 06:59:00,13611.98,1
W_00002917,C_00094806,ATM_00881,2026-01-10 18:56:00,500.0,1
W_00002918,C_00094811,ATM_00988,2026-01-11 15:05:00,7450.0,1
W_00002919,C_00094873,ATM_01202,2026-01-11 03:38:00,28151.45,1
W_00002920,C_00094909,ATM_01374,2026-01-10 12:16:00,8071.06,1
W_00002921,C_00094917,ATM_00892,2026-01-11 05:16:00,5353.3,1
W_00002922,C_00094933,ATM_00133,2026-01-10 21:56:00,2181.98,1
W_00002923,C_00094954,ATM_00247,2026-01-10 08:01:00,2735.72,1
W_00002924,C_00094960,ATM_00254,2026-01-11 00:36:00,47181.84,1
W_00002925,C_00095044,ATM_00783,2026-01-11 20:27:00,6798.69,1
W_00002926,C_00095113,ATM_01000,2026-01-11 04:44:00,18812.23,1
W_00002927,C_00095151,ATM_00104,2026-01-10 15:44:00,71739.45,1
W_00002928,C_00095191,ATM_01276,2026-01-10 16:02:00,60566.17,1
W_00002929,C_00095257,ATM_00100,2026-01-11 09:16:00,33943.27,1
W_00002930,C_00095283,ATM_00276,2026-01-11 07:42:00,21127.36,1
W_00002931,C_00095391,ATM_01461,2026-01-11 00:51:00,4741.35,1
W_00002932,C_00095443,ATM_00412,2026-01-10 21:48:00,15061.49,1
W_00002933,C_00095450,ATM_00565,2026-01-11 10:19:00,20156.94,1
W_00002934,C_00095452,ATM_00181,2026-01-10 16:30:00,42777.88,1
W_00002935,C_00095484,ATM_00986,2026-01-10 14:14:00,18880.77,1
W_00002936,C_00095489,ATM_00470,2026-01-10 12:20:00,19880.89,1
W_00002937,C_00095535,ATM_01423,2026-01-10 14:37:00,13127.83,1
W_00002938,C_00095539,ATM_00035,2026-01-10 22:43:00,47248.43,1
W_00002939,C_00095566,ATM_00696,2026-01-11 10:26:00,4326.03,1
W_00002940,C_00095626,ATM_01368,2026-01-11 03:52:00,2285.11,1
W_00002941,C_00095669,ATM_00536,2026-01-11 04:22:00,5052.28,1
W_00002942,C_00095674,ATM_00653,2026-01-11 07:46:00,3007.25,1
W_00002943,C_00095727,ATM_01296,2026-01-10 17:22:00,4524.58,1
W_00002944,C_00095732,ATM_00269,2026-01-10 19:11:00,16706.81,1
W_00002945,C_00095817,ATM_00012,2026-01-11 06:18:00,19224.54,1
W_00002946,C_00095839,ATM_00969,2026-01-10 18:59:00,1809.29,1
W_00002947,C_00095842,ATM_00331,2026-01-11 03:10:00,6252.12,1
W_00002948,C_00095932,ATM_00907,2026-01-11 00:06:00,18580.03,1
W_00002949,C_00095961,ATM_01437,2026-01-11 05:53:00,3477.04,1
W_00002950,C_00095962,ATM_01146,2026-01-11 03:03:00,4354.32,1
W_00002951,C_00095976,ATM_01155,2026-01-11 06:51:00,8754.19,1
W_00002952,C_00095985,ATM_01089,2026-01-10 20:51:00,16056.91,1
W_00002953,C_00096060,ATM_00339,2026-01-10 14:24:00,8407.61,1
W_00002954,C_00096164,ATM_00440,2026-01-11 08:10:00,93918.63,1
W_00002955,C_00096210,ATM_01024,2026-01-10 22:38:00,7632.27,1
W_00002956,C_00096277,ATM_01298,2026-01-10 23:31:00,11505.07,1
W_00002957,C_00096316,ATM_00760,2026-01-10 22:08:00,9981.23,1
W_00002958,C_00096352,ATM_00483,2026-01-10 23:03:00,2808.82,1
W_00002959,C_00096366,ATM_01330,2026-01-10 18:10:00,19368.6,1
W_00002960,C_00096404,ATM_00609,2026-01-11 02:54:00,2665.1,1
W_00002961,C_00096432,ATM_00518,2026-01-10 14:41:00,41306.94,1
W_00002962,C_00096433,ATM_00339,2026-01-11 10:53:00,12718.41,1
W_00002963,C_00096497,ATM_01182,2026-01-11 08:30:00,44391.21,1
W_00002964,C_00096526,ATM_00906,2026-01-11 11:40:00,2283.16,1
W_00002965,C_00096561,ATM_00145,2026-01-11 07:45:00,11662.86,1
W_00002966,C_00096583,ATM_01244,2026-01-11 03:12:00,31472.01,1
W_00002967,C_00096618,ATM_01288,2026-01-11 16:47:00,4538.38,1
W_00002968,C_00096652,ATM_00411,2026-01-11 13:18:00,9963.66,1
W_00002969,C_00096656,ATM_00411,2026-01-11 07:44:00,2556.13,1
W_00002970,C_00096689,ATM_00870,2026-01-10 14:38:00,7710.0,1
W_00002971,C_00096703,ATM_00180,2026-01-11 06:30:00,15038.03,1
W_00002972,C_00096851,ATM_01100,2026-01-11 08:20:00,34898.85,1
W_00002973,C_00096866,ATM_00459,2026-01-10 19:28:00,10048.16,1
W_00002974,C_00096874,ATM_01015,2026-01-10 13:10:00,30436.95,1
W_00002975,C_00096890,ATM_01442,2026-01-11 06:19:00,34219.93,1
W_00002976,C_00096911,ATM_00665,2026-01-10 16:43:00,9032.07,1
W_00002977,C_00096978,ATM_00272,2026-01-11 13:50:00,500.0,1
W_00002978,C_00096992,ATM_01130,2026-01-10 16:57:00,20571.45,1
W_00002979,C_00097001,ATM_00503,2026-01-11 09:32:00,17664.22,1
W_00002980,C_00097062,ATM_00335,2026-01-11 03:10:00,3708.79,1
W_00002981,C_00097139,ATM_01439,2026-01-11 00:02:00,5818.27,1
W_00002982,C_00097152,ATM_00086,2026-01-11 11:22:00,3916.04,1
W_00002983,C_00097162,ATM_00858,2026-01-10 19:05:00,10756.07,1
W_00002984,C_00097230,ATM_00845,2026-01-10 21:07:00,21577.12,1
W_00002985,C_00097234,ATM_01365,2026-01-10 23:51:00,2096.17,1
W_00002986,C_00097258,ATM_00327,2026-01-11 08:24:00,11272.21,1
W_00002987,C_00097304,ATM_00854,2026-01-11 01:02:00,59741.4,1
W_00002988,C_00097327,ATM_00383,2026-01-10 23:15:00,200000.0,1
W_00002989,C_00097366,ATM_00867,2026-01-10 22:04:00,148812.5,1
W_00002990,C_00097465,ATM_00893,2026-01-11 09:41:00,698.77,1
W_00002991,C_00097480,ATM_00258,2026-01-11 09:59:00,26844.89,1
W_00002992,C_00097487,ATM_01115,2026-01-11 02:26:00,10397.89,1
W_00002993,C_00097552,ATM_01442,2026-01-10 18:41:00,74581.7,1
W_00002994,C_00097563,ATM_00291,2026-01-10 17:55:00,4066.62,1
W_00002995,C_00097577,ATM_00087,2026-01-11 08:43:00,9988.52,1
W_00002996,C_00097691,ATM_00428,2026-01-11 08:47:00,988.06,1
W_00002997,C_00097739,ATM_00787,2026-01-10 17:10:00,1971.35,1
W_00002998,C_00097760,ATM_01113,2026-01-10 20:55:00,5625.31,1
W_00002999,C_00097784,ATM_00295,2026-01-11 02:18:00,4885.98,1
W_00003000,C_00097793,ATM_01360,2026-01-10 18:32:00,3266.92,1
W_00003001,C_00097818,ATM_00186,2026-01-10 21:47:00,7661.95,1
W_00003002,C_00097826,ATM_01462,2026-01-11 19:47:00,178230.78,1
W_00003003,C_00097930,ATM_01276,2026-01-11 04:16:00,8466.19,1
W_00003004,C_00097938,ATM_00297,2026-01-11 11:09:00,38332.44,1
W_00003005,C_00097944,ATM_00516,2026-01-11 11:50:00,18910.19,1
W_00003006,C_00097951,ATM_00984,2026-01-10 10:03:00,35800.76,1
W_00003007,C_00097955,ATM_00732,2026-01-11 00:37:00,30702.29,1
W_00003008,C_00097962,ATM_00476,2026-01-10 19:41:00,6274.58,1
W_00003009,C_00097981,ATM_00817,2026-01-11 03:09:00,9600.71,1
W_00003010,C_00098003,ATM_00287,2026-01-12 03:02:00,126279.8,1
W_00003011,C_00098079,ATM_00134,2026-01-11 11:45:00,5517.14,1
W_00003012,C_00098095,ATM_00889,2026-01-11 20:59:00,11772.75,1
W_00003013,C_00098108,ATM_00191,2026-01-12 04:28:00,9221.57,1
W_00003014,C_00098148,ATM_00649,2026-01-11 20:02:00,23291.89,1
W_00003015,C_00098196,ATM_00694,2026-01-12 04:04:00,10010.73,1
W_00003016,C_00098200,ATM_00582,2026-01-12 07:57:00,9741.54,1
W_00003017,C_00098247,ATM_01461,2026-01-12 00:19:00,21251.24,1
W_00003018,C_00098275,ATM_00591,2026-01-12 05:49:00,31151.49,1
W_00003019,C_00098284,ATM_00683,2026-01-11 21:52:00,23781.39,1
W_00003020,C_00098291,ATM_01302,2026-01-12 11:03:00,7354.98,1
W_00003021,C_00098312,ATM_01324,2026-01-12 15:15:00,1612.0,1
W_00003022,C_00098346,ATM_00575,2026-01-12 06:23:00,34048.94,1
W_00003023,C_00098350,ATM_00869,2026-01-11 22:07:00,1842.55,1
W_00003024,C_00098352,ATM_00831,2026-01-12 06:07:00,7665.45,1
W_00003025,C_00098468,ATM_00153,2026-01-12 13:28:00,7313.24,1
W_00003026,C_00098503,ATM_01447,2026-01-11 20:43:00,26227.69,1
W_00003027,C_00098536,ATM_00105,2026-01-11 07:55:00,19573.65,1
W_00003028,C_00098544,ATM_00226,2026-01-12 07:26:00,9646.68,1
W_00003029,C_00098595,ATM_01206,2026-01-11 20:59:00,1206.6,1
W_00003030,C_00098601,ATM_01021,2026-01-12 15:39:00,9601.09,1
W_00003031,C_00098610,ATM_00047,2026-01-12 08:48:00,30172.16,1
W_00003032,C_00098744,ATM_01320,2026-01-12 12:46:00,12916.58,1
W_00003033,C_00098751,ATM_00880,2026-01-11 23:16:00,1075.29,1
W_00003034,C_00098767,ATM_01037,2026-01-12 09:31:00,46579.08,1
W_00003035,C_00098794,ATM_00656,2026-01-12 07:52:00,6331.37,1
W_00003036,C_00098828,ATM_01161,2026-01-12 05:28:00,22937.74,1
W_00003037,C_00098837,ATM_00300,2026-01-11 19:54:00,3701.27,1
W_00003038,C_00098842,ATM_00058,2026-01-11 21:22:00,1576.38,1
W_00003039,C_00098851,ATM_00345,2026-01-12 00:23:00,20594.16,1
W_00003040,C_00098882,ATM_01080,2026-01-11 12:13:00,21879.56,1
W_00003041,C_00098903,ATM_00834,2026-01-12 00:51:00,14606.01,1
W_00003042,C_00098915,ATM_01067,2026-01-11 17:14:00,19336.2,1
W_00003043,C_00098948,ATM_01341,2026-01-11 23:44:00,50055.8,1
W_00003044,C_00099067,ATM_01361,2026-01-12 11:18:00,5703.86,1
W_00003045,C_00099105,ATM_01288,2026-01-11 14:55:00,14104.11,1
W_00003046,C_00099110,ATM_00899,2026-01-11 20:36:00,23851.02,1
W_00003047,C_00099149,ATM_01019,2026-01-12 12:28:00,3750.1,1
W_00003048,C_00099176,ATM_00291,2026-01-12 17:40:00,6620.06,1
W_00003049,C_00099178,ATM_01267,2026-01-11 21:23:00,7212.26,1
W_00003050,C_00099196,ATM_00784,2026-01-12 03:49:00,17646.55,1
W_00003051,C_00099214,ATM_00614,2026-01-12 09:39:00,14714.18,1
W_00003052,C_00099260,ATM_01172,2026-01-12 09:57:00,6058.83,1
W_00003053,C_00099273,ATM_00694,2026-01-11 15:41:00,3745.6,1
W_00003054,C_00099307,ATM_00901,2026-01-12 07:48:00,18904.1,1
W_00003055,C_00099323,ATM_01066,2026-01-12 13:14:00,21207.99,1
W_00003056,C_00099364,ATM_00372,2026-01-12 02:11:00,1711.57,1
W_00003057,C_00099479,ATM_00115,2026-01-12 10:45:00,17220.61,1
W_00003058,C_00099514,ATM_00748,2026-01-12 10:59:00,32949.32,1
W_00003059,C_00099522,ATM_01252,2026-01-12 05:29:00,9378.3,1
W_00003060,C_00099586,ATM_00550,2026-01-11 15:06:00,25948.47,1
W_00003061,C_00099664,ATM_00427,2026-01-12 03:42:00,14377.98,1
W_00003062,C_00099704,ATM_00341,2026-01-12 07:54:00,19146.01,1
W_00003063,C_00099752,ATM_00843,2026-01-12 01:38:00,23333.08,1
W_00003064,C_00099797,ATM_01003,2026-01-11 23:33:00,602.33,1
W_00003065,C_00099813,ATM_00126,2026-01-11 16:38:00,5690.67,1
W_00003066,C_00099900,ATM_00071,2026-01-11 20:09:00,3052.43,1
W_00003067,C_00099952,ATM_00236,2026-01-11 14:56:00,7958.65,1
W_00003068,C_00099977,ATM_00813,2026-01-12 19:09:00,25322.12,1
W_00003069,C_00099983,ATM_00936,2026-01-12 02:14:00,6936.42,1
W_00003070,C_00100027,ATM_00074,2026-01-12 06:11:00,15006.37,1
W_00003071,C_00100045,ATM_00405,2026-01-11 15:20:00,18989.62,1
W_00003072,C_00100088,ATM_01454,2026-01-12 03:12:00,16654.15,1
W_00003073,C_00100152,ATM_00615,2026-01-12 05:20:00,32312.99,1
W_00003074,C_00100192,ATM_00833,2026-01-12 00:51:00,3739.74,1
W_00003075,C_00100196,ATM_00783,2026-01-12 08:42:00,4021.77,1
W_00003076,C_00100200,ATM_01251,2026-01-12 10:49:00,3109.57,1
W_00003077,C_00100228,ATM_00396,2026-01-12 05:09:00,1851.38,1
W_00003078,C_00100232,ATM_00805,2026-01-12 05:19:00,4218.17,1
W_00003079,C_00100298,ATM_00347,2026-01-12 05:17:00,12011.72,1
W_00003080,C_00100389,ATM_00692,2026-01-11 16:24:00,10172.88,1
W_00003081,C_00100422,ATM_01103,2026-01-12 00:47:00,7002.7,1
W_00003082,C_00100442,ATM_00218,2026-01-12 04:33:00,28930.65,1
W_00003083,C_00100464,ATM_00753,2026-01-11 16:33:00,64867.75,1
W_00003084,C_00100477,ATM_00654,2026-01-12 15:41:00,6632.73,1
W_00003085,C_00100496,ATM_00481,2026-01-12 16:27:00,117786.34,1
W_00003086,C_00100525,ATM_00518,2026-01-12 10:48:00,21818.85,1
W_00003087,C_00100605,ATM_01100,2026-01-11 20:29:00,9132.99,1
W_00003088,C_00100618,ATM_00143,2026-01-12 15:57:00,10218.0,1
W_00003089,C_00100656,ATM_00343,2026-01-12 05:02:00,6795.34,1
W_00003090,C_00100783,ATM_01439,2026-01-11 22:30:00,62301.91,1
W_00003091,C_00100786,ATM_00034,2026-01-11 10:19:00,11441.84,1
W_00003092,C_00100803,ATM_01409,2026-01-11 23:16:00,7314.7,1
W_00003093,C_00100858,ATM_00189,2026-01-12 07:00:00,2423.33,1
W_00003094,C_00100882,ATM_00186,2026-01-11 20:45:00,5428.21,1
W_00003095,C_00100909,ATM_01319,2026-01-12 16:06:00,8037.76,1
W_00003096,C_00100929,ATM_01203,2026-01-11 19:34:00,8318.12,1
W_00003097,C_00100990,ATM_00253,2026-01-11 20:10:00,19913.73,1
W_00003098,C_00101018,ATM_00042,2026-01-12 03:30:00,8204.75,1
W_00003099,C_00101039,ATM_00831,2026-01-12 12:15:00,11558.4,1
W_00003100,C_00101132,ATM_00335,2026-01-12 18:20:00,59465.22,1
W_00003101,C_00101160,ATM_01314,2026-01-12 05:56:00,3797.18,1
W_00003102,C_00101230,ATM_00532,2026-01-11 16:13:00,13597.15,1
W_00003103,C_00101251,ATM_00204,2026-01-11 21:58:00,1405.1,1
W_00003104,C_00101283,ATM_00078,2026-01-12 06:27:00,5182.39,1
W_00003105,C_00101292,ATM_00621,2026-01-11 14:35:00,17157.16,1
W_00003106,C_00101356,ATM_01316,2026-01-12 09:43:00,1502.7,1
W_00003107,C_00101434,ATM_00204,2026-01-12 00:28:00,2389.75,1
W_00003108,C_00101519,ATM_01033,2026-01-11 21:00:00,7512.55,1
W_00003109,C_00101572,ATM_00078,2026-01-11 23:50:00,7033.24,1
W_00003110,C_00101573,ATM_00947,2026-01-11 18:40:00,24284.31,1
W_00003111,C_00101613,ATM_01011,2026-01-12 16:42:00,49404.59,1
W_00003112,C_00101619,ATM_00108,2026-01-12 00:10:00,10664.02,1
W_00003113,C_00101634,ATM_00482,2026-01-12 04:34:00,6460.04,1
W_00003114,C_00101643,ATM_00162,2026-01-11 23:37:00,6284.48,1
W_00003115,C_00101657,ATM_01198,2026-01-11 18:35:00,4173.52,1
W_00003116,C_00101684,ATM_00530,2026-01-12 14:27:00,10885.32,1
W_00003117,C_00101717,ATM_00070,2026-01-12 08:29:00,20715.16,1
W_00003118,C_00101806,ATM_01474,2026-01-11 10:48:00,200000.0,1
W_00003119,C_00101821,ATM_00319,2026-01-12 07:16:00,26988.99,1
W_00003120,C_00101885,ATM_00544,2026-01-11 02:57:00,17075.09,1
W_00003121,C_00101890,ATM_00590,2026-01-11 13:30:00,15601.97,1
W_00003122,C_00102060,ATM_01139,2026-01-12 04:21:00,7705.96,1
W_00003123,C_00102092,ATM_00181,2026-01-12 07:47:00,3556.86,1
W_00003124,C_00102127,ATM_01195,2026-01-12 02:28:00,9692.84,1
W_00003125,C_00102156,ATM_00809,2026-01-12 14:13:00,2703.47,1
W_00003126,C_00102164,ATM_00157,2026-01-11 21:48:00,39031.73,1
W_00003127,C_00102179,ATM_00971,2026-01-12 05:19:00,5487.83,1
W_00003128,C_00102186,ATM_01331,2026-01-12 06:35:00,7525.46,1
W_00003129,C_00102219,ATM_00971,2026-01-12 02:31:00,66719.92,1
W_00003130,C_00102256,ATM_00786,2026-01-11 20:38:00,44147.76,1
W_00003131,C_00102305,ATM_00781,2026-01-11 22:48:00,4850.83,1
W_00003132,C_00102321,ATM_01076,2026-01-12 01:53:00,36947.62,1
W_00003133,C_00102395,ATM_00936,2026-01-11 12:44:00,9840.91,1
W_00003134,C_00102396,ATM_00513,2026-01-12 06:50:00,8058.48,1
W_00003135,C_00102424,ATM_00709,2026-01-11 16:31:00,46468.05,1
W_00003136,C_00102444,ATM_01498,2026-01-12 13:01:00,12402.24,1
W_00003137,C_00102456,ATM_00053,2026-01-11 20:13:00,19323.91,1
W_00003138,C_00102458,ATM_00993,2026-01-11 20:30:00,29770.95,1
W_00003139,C_00102480,ATM_01277,2026-01-12 09:40:00,31601.73,1
W_00003140,C_00102484,ATM_01012,2026-01-11 14:50:00,4714.35,1
W_00003141,C_00102531,ATM_00660,2026-01-12 12:54:00,35927.02,1
W_00003142,C_00102543,ATM_01060,2026-01-11 11:00:00,24721.98,1
W_00003143,C_00102546,ATM_00509,2026-01-12 05:02:00,5488.31,1
W_00003144,C_00102686,ATM_00234,2026-01-12 02:04:00,28154.7,1
W_00003145,C_00102700,ATM_00215,2026-01-11 12:07:00,27405.86,1
W_00003146,C_00102793,ATM_01481,2026-01-11 19:11:00,6816.04,1
W_00003147,C_00102943,ATM_00754,2026-01-12 11:18:00,10127.12,1
W_00003148,C_00102983,ATM_00247,2026-01-12 07:52:00,1790.11,1
W_00003149,C_00103015,ATM_00303,2026-01-12 10:39:00,35145.89,1
W_00003150,C_00103048,ATM_00873,2026-01-12 19:06:00,11874.64,1
W_00003151,C_00103165,ATM_01091,2026-01-12 13:46:00,14345.84,1
W_00003152,C_00103170,ATM_00581,2026-01-12 00:21:00,3809.25,1
W_00003153,C_00103173,ATM_00384,2026-01-11 11:12:00,37331.27,1
W_00003154,C_00103243,ATM_01197,2026-01-11 10:30:00,5341.39,1
W_00003155,C_00103295,ATM_01206,2026-01-11 18:58:00,75226.29,1
W_00003156,C_00103310,ATM_00750,2026-01-11 19:02:00,4561.52,1
W_00003157,C_00103353,ATM_00723,2026-01-12 12:11:00,4290.21,1
W_00003158,C_00103355,ATM_01344,2026-01-11 23:24:00,22136.64,1
W_00003159,C_00103363,ATM_01015,2026-01-12 07:04:00,10519.04,1
W_00003160,C_00103423,ATM_00168,2026-01-11 21:27:00,11920.63,1
W_00003161,C_00103432,ATM_01264,2026-01-11 19:13:00,794.45,1
W_00003162,C_00103508,ATM_00182,2026-01-12 19:34:00,7812.63,1
W_00003163,C_00103523,ATM_00662,2026-01-12 04:40:00,20556.29,1
W_00003164,C_00103649,ATM_01390,2026-01-11 16:57:00,20611.21,1
W_00003165,C_00103664,ATM_00273,2026-01-12 02:34:00,62222.83,1
W_00003166,C_00103700,ATM_01072,2026-01-12 02:37:00,61347.62,1
W_00003167,C_00103719,ATM_00266,2026-01-11 18:46:00,11348.03,1
W_00003168,C_00103729,ATM_00902,2026-01-12 14:15:00,23894.09,1
W_00003169,C_00103792,ATM_01333,2026-01-12 05:58:00,2123.87,1
W_00003170,C_00103832,ATM_00927,2026-01-12 00:13:00,86597.89,1
W_00003171,C_00103948,ATM_00048,2026-01-11 10:35:00,10517.16,1
W_00003172,C_00103949,ATM_00380,2026-01-12 11:35:00,19620.08,1
W_00003173,C_00103969,ATM_00205,2026-01-11 21:41:00,37524.39,1
W_00003174,C_00103978,ATM_01232,2026-01-12 16:22:00,9789.08,1
W_00003175,C_00103980,ATM_01329,2026-01-12 12:48:00,73608.18,1
W_00003176,C_00103991,ATM_01055,2026-01-11 19:45:00,7104.67,1
W_00003177,C_00104035,ATM_00857,2026-01-11 23:35:00,13002.44,1
W_00003178,C_00104087,ATM_00909,2026-01-12 06:31:00,14104.51,1
W_00003179,C_00104095,ATM_01456,2026-01-12 08:03:00,11133.49,1
W_00003180,C_00104112,ATM_00423,2026-01-11 18:34:00,4353.56,1
W_00003181,C_00104227,ATM_00275,2026-01-11 12:40:00,6333.24,1
W_00003182,C_00104363,ATM_01414,2026-01-12 13:26:00,7048.17,1
W_00003183,C_00104381,ATM_01271,2026-01-12 15:37:00,2619.4,1
W_00003184,C_00104383,ATM_00171,2026-01-11 21:59:00,54614.54,1
W_00003185,C_00104409,ATM_00319,2026-01-11 23:39:00,32985.71,1
W_00003186,C_00104441,ATM_00062,2026-01-12 01:42:00,4207.34,1
W_00003187,C_00104450,ATM_01486,2026-01-11 18:08:00,1094.68,1
W_00003188,C_00104470,ATM_00341,2026-01-11 19:04:00,29506.84,1
W_00003189,C_00104535,ATM_01037,2026-01-11 10:49:00,2366.67,1
W_00003190,C_00104623,ATM_01351,2026-01-12 00:28:00,5796.64,1
W_00003191,C_00104636,ATM_01017,2026-01-12 07:57:00,14183.68,1
W_00003192,C_00104672,ATM_00927,2026-01-11 16:41:00,8139.77,1
W_00003193,C_00104709,ATM_00642,2026-01-11 21:39:00,21833.98,1
W_00003194,C_00104722,ATM_00901,2026-01-12 05:22:00,11056.96,1
W_00003195,C_00104737,ATM_00839,2026-01-12 03:42:00,3343.48,1
W_00003196,C_00104790,ATM_01194,2026-01-11 20:57:00,19120.71,1
W_00003197,C_00104815,ATM_01159,2026-01-12 04:55:00,42962.7,1
W_00003198,C_00104826,ATM_00292,2026-01-12 16:55:00,3431.49,1
W_00003199,C_00104860,ATM_00712,2026-01-12 05:11:00,2945.8,1
W_00003200,C_00104894,ATM_00007,2026-01-12 14:02:00,102840.06,1
W_00003201,C_00104904,ATM_01213,2026-01-11 21:19:00,11959.0,1
W_00003202,C_00104926,ATM_00836,2026-01-12 15:16:00,14860.42,1
W_00003203,C_00104939,ATM_00025,2026-01-12 07:50:00,18686.88,1
W_00003204,C_00104947,ATM_00010,2026-01-12 06:59:00,5060.7,1
W_00003205,C_00104980,ATM_00188,2026-01-12 09:17:00,88329.96,1
W_00003206,C_00104997,ATM_00239,2026-01-12 10:45:00,20874.0,1
W_00003207,C_00105008,ATM_00519,2026-01-12 21:51:00,11221.5,1
W_00003208,C_00105048,ATM_00817,2026-01-12 10:05:00,3301.39,1
W_00003209,C_00105058,ATM_00678,2026-01-12 09:45:00,2172.71,1
W_00003210,C_00105061,ATM_01094,2026-01-12 13:51:00,5570.18,1
W_00003211,C_00105073,ATM_00857,2026-01-12 09:03:00,73645.16,1
W_00003212,C_00105104,ATM_01008,2026-01-12 03:42:00,7138.53,1
W_00003213,C_00105141,ATM_00268,2026-01-12 02:11:00,3185.1,1
W_00003214,C_00105218,ATM_00438,2026-01-12 17:52:00,1792.34,1
W_00003215,C_00105219,ATM_00804,2026-01-11 16:00:00,12541.57,1
W_00003216,C_00105258,ATM_01377,2026-01-11 21:45:00,7064.04,1
W_00003217,C_00105267,ATM_00289,2026-01-11 21:24:00,11006.86,1
W_00003218,C_00105282,ATM_00988,2026-01-12 12:13:00,31833.73,1
W_00003219,C_00105299,ATM_00631,2026-01-12 02:57:00,9741.18,1
W_00003220,C_00105361,ATM_00239,2026-01-12 02:40:00,2245.79,1
W_00003221,C_00105370,ATM_01145,2026-01-11 19:17:00,2554.33,1
W_00003222,C_00105387,ATM_00718,2026-01-12 07:55:00,16513.71,1
W_00003223,C_00105391,ATM_00778,2026-01-12 10:25:00,500.0,1
W_00003224,C_00105428,ATM_00221,2026-01-12 15:44:00,17851.03,1
W_00003225,C_00105485,ATM_00906,2026-01-11 17:12:00,11751.73,1
W_00003226,C_00105508,ATM_01009,2026-01-12 13:29:00,10726.19,1
W_00003227,C_00105518,ATM_00915,2026-01-12 09:52:00,7481.53,1
W_00003228,C_00105531,ATM_01440,2026-01-12 10:39:00,23665.06,1
W_00003229,C_00105566,ATM_01042,2026-01-11 15:22:00,6765.0,1
W_00003230,C_00105590,ATM_01199,2026-01-12 06:46:00,9383.73,1
W_00003231,C_00105593,ATM_01298,2026-01-12 03:07:00,7035.92,1
W_00003232,C_00105607,ATM_00196,2026-01-11 13:09:00,1296.64,1
W_00003233,C_00105632,ATM_01202,2026-01-12 10:29:00,3654.97,1
W_00003234,C_00105683,ATM_00702,2026-01-11 20:20:00,2008.86,1
W_00003235,C_00105697,ATM_01249,2026-01-12 08:36:00,3639.4,1
W_00003236,C_00105702,ATM_00391,2026-01-12 15:27:00,1897.98,1
W_00003237,C_00105722,ATM_00538,2026-01-12 02:51:00,7240.61,1
W_00003238,C_00105733,ATM_01142,2026-01-12 10:44:00,124446.98,1
W_00003239,C_00105785,ATM_00248,2026-01-12 15:29:00,2378.9,1
W_00003240,C_00105854,ATM_00660,2026-01-12 13:43:00,80791.21,1
W_00003241,C_00105908,ATM_00826,2026-01-11 18:06:00,900.3,1
W_00003242,C_00105981,ATM_00475,2026-01-11 21:21:00,5442.95,1
W_00003243,C_00106027,ATM_00176,2026-01-13 16:14:00,3364.98,1
W_00003244,C_00106043,ATM_00233,2026-01-13 17:38:00,6360.36,1
W_00003245,C_00106067,ATM_00131,2026-01-12 12:21:00,48601.31,1
W_00003246,C_00106134,ATM_00567,2026-01-12 19:36:00,6971.06,1
W_00003247,C_00106149,ATM_00920,2026-01-12 21:20:00,18353.69,1
W_00003248,C_00106285,ATM_00964,2026-01-13 15:56:00,2354.41,1
W_00003249,C_00106323,ATM_01117,2026-01-12 09:29:00,7198.19,1
W_00003250,C_00106346,ATM_00102,2026-01-12 12:43:00,20664.41,1
W_00003251,C_00106373,ATM_01048,2026-01-13 04:41:00,1245.6,1
W_00003252,C_00106374,ATM_00598,2026-01-12 20:45:00,4236.69,1
W_00003253,C_00106381,ATM_01034,2026-01-13 06:50:00,9364.25,1
W_00003254,C_00106422,ATM_00296,2026-01-13 13:06:00,20228.81,1
W_00003255,C_00106440,ATM_01108,2026-01-12 18:59:00,3375.98,1
W_00003256,C_00106487,ATM_00039,2026-01-13 13:50:00,12133.46,1
W_00003257,C_00106492,ATM_01488,2026-01-13 10:36:00,27487.37,1
W_00003258,C_00106514,ATM_00454,2026-01-13 02:17:00,2926.87,1
W_00003259,C_00106516,ATM_01131,2026-01-13 06:49:00,30776.99,1
W_00003260,C_00106525,ATM_01296,2026-01-13 00:05:00,9328.2,1
W_00003261,C_00106552,ATM_01353,2026-01-12 13:41:00,44251.3,1
W_00003262,C_00106596,ATM_01355,2026-01-13 21:26:00,5609.06,1
W_00003263,C_00106598,ATM_00819,2026-01-13 02:28:00,3247.14,1
W_00003264,C_00106647,ATM_01156,2026-01-12 21:41:00,8259.59,1
W_00003265,C_00106667,ATM_01008,2026-01-12 17:07:00,7834.49,1
W_00003266,C_00106697,ATM_01286,2026-01-13 12:35:00,3732.19,1
W_00003267,C_00106766,ATM_01267,2026-01-13 17:27:00,6043.46,1
W_00003268,C_00106781,ATM_00926,2026-01-13 11:28:00,5973.98,1
W_00003269,C_00106787,ATM_00825,2026-01-12 12:28:00,36393.11,1
W_00003270,C_00106789,ATM_00215,2026-01-13 07:09:00,8987.07,1
W_00003271,C_00106800,ATM_00608,2026-01-13 09:45:00,10934.73,1
W_00003272,C_00106883,ATM_01200,2026-01-13 01:01:00,39447.47,1
W_00003273,C_00106903,ATM_01261,2026-01-13 03:54:00,34556.84,1
W_00003274,C_00106909,ATM_00934,2026-01-13 10:25:00,3516.28,1
W_00003275,C_00106922,ATM_00814,2026-01-13 11:53:00,39910.49,1
W_00003276,C_00106935,ATM_01310,2026-01-12 17:14:00,24237.42,1
W_00003277,C_00106983,ATM_01458,2026-01-13 18:00:00,2065.36,1
W_00003278,C_00106990,ATM_00287,2026-01-13 08:34:00,20161.77,1
W_00003279,C_00107006,ATM_00551,2026-01-13 15:58:00,17902.68,1
W_00003280,C_00107022,ATM_00257,2026-01-13 08:03:00,7120.12,1
W_00003281,C_00107026,ATM_00122,2026-01-13 08:26:00,54373.68,1
W_00003282,C_00107055,ATM_00895,2026-01-12 23:30:00,2811.31,1
W_00003283,C_00107106,ATM_00084,2026-01-13 05:50:00,16581.45,1
W_00003284,C_00107113,ATM_00650,2026-01-13 06:47:00,6890.81,1
W_00003285,C_00107141,ATM_01126,2026-01-13 04:28:00,3395.13,1
W_00003286,C_00107167,ATM_00293,2026-01-12 14:48:00,1093.92,1
W_00003287,C_00107184,ATM_00696,2026-01-12 09:46:00,9898.21,1
W_00003288,C_00107235,ATM_01207,2026-01-13 08:33:00,10117.46,1
W_00003289,C_00107272,ATM_00835,2026-01-12 22:49:00,1753.84,1
W_00003290,C_00107318,ATM_00062,2026-01-12 22:07:00,20902.26,1
W_00003291,C_00107352,ATM_00851,2026-01-13 04:05:00,47350.95,1
W_00003292,C_00107358,ATM_00696,2026-01-13 11:58:00,8904.11,1
W_00003293,C_00107373,ATM_00107,2026-01-13 14:23:00,34492.99,1
W_00003294,C_00107382,ATM_01153,2026-01-13 11:40:00,1135.03,1
W_00003295,C_00107388,ATM_00236,2026-01-12 20:20:00,13655.81,1
W_00003296,C_00107433,ATM_01233,2026-01-13 06:22:00,19017.63,1
W_00003297,C_00107473,ATM_00125,2026-01-12 20:57:00,18045.47,1
W_00003298,C_00107487,ATM_01179,2026-01-12 06:42:00,21228.45,1
W_00003299,C_00107501,ATM_00069,2026-01-13 11:40:00,13492.94,1
W_00003300,C_00107543,ATM_00129,2026-01-13 00:22:00,16822.32,1
W_00003301,C_00107548,ATM_00835,2026-01-12 15:45:00,3405.26,1
W_00003302,C_00107561,ATM_00826,2026-01-13 13:39:00,4939.48,1
W_00003303,C_00107586,ATM_00419,2026-01-12 23:14:00,10627.79,1
W_00003304,C_00107625,ATM_00733,2026-01-13 00:48:00,3081.9,1
W_00003305,C_00107643,ATM_00876,2026-01-13 21:01:00,8063.59,1
W_00003306,C_00107679,ATM_00004,2026-01-12 20:24:00,3365.07,1
W_00003307,C_00107736,ATM_00178,2026-01-13 05:35:00,6535.25,1
W_00003308,C_00107752,ATM_00965,2026-01-12 21:19:00,7526.9,1
W_00003309,C_00107758,ATM_00239,2026-01-12 20:47:00,20323.7,1
W_00003310,C_00107782,ATM_00720,2026-01-13 02:54:00,948.52,1
W_00003311,C_00107833,ATM_00958,2026-01-13 06:00:00,2428.77,1
W_00003312,C_00107855,ATM_01290,2026-01-13 00:27:00,35566.53,1
W_00003313,C_00107889,ATM_00400,2026-01-12 14:28:00,5187.11,1
W_00003314,C_00107908,ATM_00355,2026-01-12 16:43:00,4283.02,1
W_00003315,C_00107909,ATM_00711,2026-01-12 16:48:00,6670.79,1
W_00003316,C_00108001,ATM_00203,2026-01-13 06:46:00,5735.49,1
W_00003317,C_00108021,ATM_00872,2026-01-13 05:11:00,3995.86,1
W_00003318,C_00108051,ATM_01439,2026-01-13 10:37:00,6818.5,1
W_00003319,C_00108149,ATM_00737,2026-01-12 20:03:00,8491.88,1
W_00003320,C_00108176,ATM_00077,2026-01-12 17:59:00,2694.49,1
W_00003321,C_00108216,ATM_00115,2026-01-12 16:21:00,6424.83,1
W_00003322,C_00108279,ATM_01003,2026-01-12 10:04:00,9342.67,1
W_00003323,C_00108282,ATM_00139,2026-01-12 18:48:00,2827.53,1
W_00003324,C_00108288,ATM_00768,2026-01-13 14:46:00,26059.4,1
W_00003325,C_00108352,ATM_01083,2026-01-12 14:58:00,5913.42,1
W_00003326,C_00108353,ATM_00536,2026-01-13 01:33:00,11297.2,1
W_00003327,C_00108380,ATM_01251,2026-01-13 02:32:00,21367.48,1
W_00003328,C_00108443,ATM_00671,2026-01-13 01:32:00,28965.24,1
W_00003329,C_00108454,ATM_00359,2026-01-13 07:44:00,19050.31,1
W_00003330,C_00108512,ATM_01129,2026-01-13 16:23:00,38877.82,1
W_00003331,C_00108531,ATM_00061,2026-01-13 09:11:00,12284.95,1
W_00003332,C_00108589,ATM_00253,2026-01-13 09:28:00,51547.72,1
W_00003333,C_00108609,ATM_01128,2026-01-13 00:56:00,1427.93,1
W_00003334,C_00108651,ATM_01083,2026-01-12 23:30:00,6729.58,1
W_00003335,C_00108652,ATM_01371,2026-01-12 16:12:00,10944.45,1
W_00003336,C_00108698,ATM_00323,2026-01-12 08:43:00,2602.0,1
W_00003337,C_00108743,ATM_00350,2026-01-13 06:36:00,4776.21,1
W_00003338,C_00108757,ATM_01149,2026-01-13 06:41:00,2831.78,1
W_00003339,C_00108771,ATM_01349,2026-01-12 19:19:00,5347.89,1
W_00003340,C_00108823,ATM_00216,2026-01-13 10:51:00,2793.25,1
W_00003341,C_00108826,ATM_01018,2026-01-13 19:59:00,3300.3,1
W_00003342,C_00108831,ATM_01130,2026-01-13 14:57:00,7529.08,1
W_00003343,C_00108880,ATM_00437,2026-01-12 13:18:00,32038.4,1
W_00003344,C_00108922,ATM_00349,2026-01-13 01:04:00,3594.73,1
W_00003345,C_00109041,ATM_01303,2026-01-12 17:29:00,1091.6,1
W_00003346,C_00109051,ATM_00298,2026-01-13 12:42:00,6098.5,1
W_00003347,C_00109099,ATM_00942,2026-01-13 14:31:00,1955.76,1
W_00003348,C_00109109,ATM_00776,2026-01-13 01:01:00,13807.6,1
W_00003349,C_00109133,ATM_01240,2026-01-12 23:20:00,2632.4,1
W_00003350,C_00109152,ATM_00145,2026-01-12 19:54:00,55654.0,1
W_00003351,C_00109191,ATM_00053,2026-01-13 05:00:00,15979.71,1
W_00003352,C_00109199,ATM_01091,2026-01-12 14:12:00,3841.96,1
W_00003353,C_00109248,ATM_00311,2026-01-13 16:45:00,46650.85,1
W_00003354,C_00109263,ATM_01485,2026-01-13 05:21:00,37220.64,1
W_00003355,C_00109310,ATM_00729,2026-01-13 05:00:00,14966.89,1
W_00003356,C_00109344,ATM_00159,2026-01-12 18:36:00,8174.46,1
W_00003357,C_00109361,ATM_00538,2026-01-13 05:33:00,6255.48,1
W_00003358,C_00109408,ATM_01270,2026-01-13 18:23:00,13177.74,1
W_00003359,C_00109413,ATM_00178,2026-01-13 05:36:00,2676.57,1
W_00003360,C_00109468,ATM_00694,2026-01-12 16:42:00,48282.72,1
W_00003361,C_00109482,ATM_00430,2026-01-13 11:11:00,7175.03,1
W_00003362,C_00109502,ATM_01372,2026-01-12 15:53:00,15575.31,1
W_00003363,C_00109539,ATM_00970,2026-01-13 20:24:00,25481.42,1
W_00003364,C_00109548,ATM_00663,2026-01-13 17:56:00,1324.98,1
W_00003365,C_00109594,ATM_01172,2026-01-13 03:56:00,1490.37,1
W_00003366,C_00109675,ATM_00132,2026-01-13 04:38:00,12583.11,1
W_00003367,C_00109683,ATM_00627,2026-01-12 21:34:00,17606.96,1
W_00003368,C_00109688,ATM_01274,2026-01-13 07:34:00,13163.43,1
W_00003369,C_00109723,ATM_01267,2026-01-13 09:24:00,4406.07,1
W_00003370,C_00109729,ATM_00999,2026-01-13 11:14:00,3368.68,1
W_00003371,C_00109958,ATM_00509,2026-01-13 07:36:00,19089.72,1
W_00003372,C_00110012,ATM_01331,2026-01-12 08:20:00,32796.32,1
W_00003373,C_00110027,ATM_00507,2026-01-12 22:26:00,3224.17,1
W_00003374,C_00110155,ATM_01239,2026-01-12 20:01:00,20873.53,1
W_00003375,C_00110159,ATM_00365,2026-01-12 21:38:00,200000.0,1
W_00003376,C_00110181,ATM_00699,2026-01-13 00:19:00,5921.23,1
W_00003377,C_00110198,ATM_00305,2026-01-13 03:31:00,3176.22,1
W_00003378,C_00110243,ATM_00284,2026-01-13 10:46:00,3986.23,1
W_00003379,C_00110270,ATM_00035,2026-01-12 16:07:00,10981.52,1
W_00003380,C_00110333,ATM_01016,2026-01-12 23:25:00,7359.98,1
W_00003381,C_00110380,ATM_00372,2026-01-13 02:34:00,13134.74,1
W_00003382,C_00110383,ATM_00509,2026-01-12 15:13:00,11418.81,1
W_00003383,C_00110398,ATM_00203,2026-01-13 03:38:00,12848.25,1
W_00003384,C_00110403,ATM_01359,2026-01-12 12:01:00,7575.42,1
W_00003385,C_00110414,ATM_01017,2026-01-12 16:47:00,11487.22,1
W_00003386,C_00110418,ATM_00394,2026-01-13 02:33:00,3108.88,1
W_00003387,C_00110443,ATM_00657,2026-01-12 22:39:00,26263.85,1
W_00003388,C_00110446,ATM_00266,2026-01-12 15:00:00,16884.23,1
W_00003389,C_00110447,ATM_00395,2026-01-13 03:04:00,13891.4,1
W_00003390,C_00110470,ATM_00011,2026-01-12 13:01:00,12916.35,1
W_00003391,C_00110487,ATM_00691,2026-01-12 23:21:00,11647.89,1
W_00003392,C_00110521,ATM_01483,2026-01-13 00:29:00,16014.66,1
W_00003393,C_00110600,ATM_01086,2026-01-12 18:41:00,7436.89,1
W_00003394,C_00110610,ATM_01091,2026-01-13 14:52:00,129465.55,1
W_00003395,C_00110658,ATM_01220,2026-01-13 13:14:00,7445.16,1
W_00003396,C_00110674,ATM_00398,2026-01-13 18:20:00,4723.57,1
W_00003397,C_00110721,ATM_00026,2026-01-12 18:52:00,7070.77,1
W_00003398,C_00110734,ATM_00882,2026-01-13 19:49:00,25223.45,1
W_00003399,C_00110854,ATM_01084,2026-01-13 07:52:00,124064.93,1
W_00003400,C_00110864,ATM_01472,2026-01-13 04:33:00,10932.38,1
W_00003401,C_00110905,ATM_00896,2026-01-13 13:06:00,8962.59,1
W_00003402,C_00110924,ATM_01243,2026-01-12 17:20:00,904.94,1
W_00003403,C_00110942,ATM_01271,2026-01-12 22:53:00,8061.93,1
W_00003404,C_00110969,ATM_00039,2026-01-13 16:49:00,5088.82,1
W_00003405,C_00111043,ATM_01078,2026-01-13 05:39:00,4548.73,1
W_00003406,C_00111064,ATM_01070,2026-01-12 19:21:00,11850.61,1
W_00003407,C_00111202,ATM_00372,2026-01-13 06:33:00,7472.15,1
W_00003408,C_00111259,ATM_00012,2026-01-12 23:27:00,102579.28,1
W_00003409,C_00111282,ATM_00272,2026-01-12 20:07:00,3956.38,1
W_00003410,C_00111335,ATM_00313,2026-01-12 20:43:00,5660.81,1
W_00003411,C_00111346,ATM_00423,2026-01-12 18:52:00,12754.17,1
W_00003412,C_00111364,ATM_00098,2026-01-13 07:02:00,4974.66,1
W_00003413,C_00111372,ATM_00143,2026-01-13 16:05:00,1568.62,1
W_00003414,C_00111373,ATM_00626,2026-01-12 09:23:00,11487.16,1
W_00003415,C_00111381,ATM_00272,2026-01-13 15:21:00,2224.09,1
W_00003416,C_00111424,ATM_01314,2026-01-12 19:50:00,32329.02,1
W_00003417,C_00111444,ATM_00669,2026-01-13 09:42:00,10475.18,1
W_00003418,C_00111455,ATM_01293,2026-01-13 03:45:00,3641.37,1
W_00003419,C_00111462,ATM_01262,2026-01-12 19:56:00,11102.56,1
W_00003420,C_00111480,ATM_00138,2026-01-13 09:47:00,16671.05,1
W_00003421,C_00111483,ATM_00625,2026-01-12 22:22:00,4451.57,1
W_00003422,C_00111600,ATM_00867,2026-01-12 23:53:00,1963.81,1
W_00003423,C_00111602,ATM_00117,2026-01-13 12:04:00,14287.13,1
W_00003424,C_00111665,ATM_00286,2026-01-12 16:17:00,14725.59,1
W_00003425,C_00111697,ATM_00759,2026-01-13 11:44:00,8360.44,1
W_00003426,C_00111755,ATM_01202,2026-01-13 14:24:00,16240.79,1
W_00003427,C_00111782,ATM_00890,2026-01-12 15:08:00,15870.45,1
W_00003428,C_00111821,ATM_01398,2026-01-12 11:10:00,13517.62,1
W_00003429,C_00111822,ATM_00650,2026-01-12 23:04:00,6635.21,1
W_00003430,C_00111909,ATM_00971,2026-01-13 05:53:00,31134.57,1
W_00003431,C_00111915,ATM_00079,2026-01-13 06:15:00,10044.27,1
W_00003432,C_00111997,ATM_00943,2026-01-13 02:19:00,35676.67,1
W_00003433,C_00111999,ATM_00481,2026-01-12 21:44:00,4861.76,1
W_00003434,C_00112103,ATM_00191,2026-01-13 05:42:00,7444.26,1
W_00003435,C_00112176,ATM_00339,2026-01-13 03:17:00,1423.58,1
W_00003436,C_00112195,ATM_01178,2026-01-13 03:17:00,4997.31,1
W_00003437,C_00112239,ATM_01048,2026-01-12 22:18:00,32284.96,1
W_00003438,C_00112254,ATM_01486,2026-01-12 20:51:00,37093.53,1
W_00003439,C_00112260,ATM_01422,2026-01-13 03:15:00,13735.73,1
W_00003440,C_00112287,ATM_00357,2026-01-12 16:17:00,2194.64,1
W_00003441,C_00112288,ATM_01001,2026-01-13 02:22:00,5308.2,1
W_00003442,C_00112299,ATM_00962,2026-01-12 21:51:00,14250.66,1
W_00003443,C_00112354,ATM_00832,2026-01-13 10:45:00,2075.1,1
W_00003444,C_00112405,ATM_00239,2026-01-12 06:46:00,21607.91,1
W_00003445,C_00112413,ATM_00221,2026-01-12 22:21:00,1565.16,1
W_00003446,C_00112444,ATM_00413,2026-01-13 05:15:00,1184.33,1
W_00003447,C_00112471,ATM_00766,2026-01-13 03:37:00,9111.95,1
W_00003448,C_00112546,ATM_01416,2026-01-13 10:53:00,6989.62,1
W_00003449,C_00112551,ATM_01356,2026-01-13 06:56:00,8031.57,1
W_00003450,C_00112609,ATM_00070,2026-01-13 04:54:00,18254.58,1
W_00003451,C_00112633,ATM_00297,2026-01-12 20:09:00,1063.52,1
W_00003452,C_00112679,ATM_00597,2026-01-12 21:52:00,8849.17,1
W_00003453,C_00112740,ATM_00156,2026-01-13 05:44:00,198344.0,1
W_00003454,C_00112802,ATM_00047,2026-01-13 20:42:00,3679.62,1
W_00003455,C_00112851,ATM_01415,2026-01-13 11:13:00,8916.01,1
W_00003456,C_00112883,ATM_01105,2026-01-13 10:19:00,7799.96,1
W_00003457,C_00112891,ATM_01080,2026-01-13 04:15:00,19904.26,1
W_00003458,C_00112897,ATM_01039,2026-01-13 05:38:00,14559.32,1
W_00003459,C_00112942,ATM_00420,2026-01-13 07:21:00,48263.01,1
W_00003460,C_00113018,ATM_00244,2026-01-12 13:06:00,46020.25,1
W_00003461,C_00113049,ATM_01026,2026-01-12 18:00:00,12866.65,1
W_00003462,C_00113062,ATM_00585,2026-01-12 17:00:00,17290.84,1
W_00003463,C_00113078,ATM_01047,2026-01-13 02:26:00,20142.04,1
W_00003464,C_00113082,ATM_01341,2026-01-13 00:57:00,6488.93,1
W_00003465,C_00113083,ATM_00422,2026-01-13 04:23:00,139546.69,1
W_00003466,C_00113132,ATM_00498,2026-01-12 08:38:00,2057.39,1
W_00003467,C_00113143,ATM_00737,2026-01-13 17:11:00,13862.87,1
W_00003468,C_00113188,ATM_00735,2026-01-12 15:41:00,19429.8,1
W_00003469,C_00113191,ATM_00404,2026-01-12 20:39:00,1474.36,1
W_00003470,C_00113203,ATM_00685,2026-01-12 18:58:00,49850.02,1
W_00003471,C_00113254,ATM_00686,2026-01-13 17:25:00,8582.01,1
W_00003472,C_00113288,ATM_01027,2026-01-13 08:29:00,7593.09,1
W_00003473,C_00113317,ATM_00026,2026-01-12 21:32:00,21606.42,1
W_00003474,C_00113322,ATM_00858,2026-01-13 00:24:00,3996.81,1
W_00003475,C_00113329,ATM_00256,2026-01-12 17:41:00,13180.47,1
W_00003476,C_00113369,ATM_00263,2026-01-13 00:44:00,12425.07,1
W_00003477,C_00113402,ATM_01347,2026-01-13 02:10:00,1223.14,1
W_00003478,C_00113508,ATM_00829,2026-01-12 06:10:00,3069.81,1
W_00003479,C_00113513,ATM_01373,2026-01-13 17:30:00,2451.04,1
W_00003480,C_00113524,ATM_01341,2026-01-13 08:20:00,695.38,1
W_00003481,C_00113531,ATM_00980,2026-01-13 16:28:00,9615.05,1
W_00003482,C_00113585,ATM_00225,2026-01-13 07:18:00,4215.56,1
W_00003483,C_00113622,ATM_01463,2026-01-13 18:23:00,19643.13,1
W_00003484,C_00113661,ATM_01001,2026-01-12 20:49:00,15373.5,1
W_00003485,C_00113662,ATM_00101,2026-01-13 17:17:00,5044.57,1
W_00003486,C_00113696,ATM_01255,2026-01-12 22:15:00,6481.17,1
W_00003487,C_00113722,ATM_01178,2026-01-13 15:00:00,12571.99,1
W_00003488,C_00113728,ATM_00454,2026-01-13 08:52:00,1911.45,1
W_00003489,C_00113743,ATM_00886,2026-01-12 22:20:00,740.59,1
W_00003490,C_00113782,ATM_00389,2026-01-12 13:59:00,13949.29,1
W_00003491,C_00113847,ATM_01304,2026-01-13 11:12:00,53883.23,1
W_00003492,C_00113915,ATM_00576,2026-01-13 03:55:00,17495.86,1
W_00003493,C_00113949,ATM_00601,2026-01-13 08:23:00,4815.69,1
W_00003494,C_00114038,ATM_00287,2026-01-12 21:29:00,11456.01,1
W_00003495,C_00114048,ATM_01267,2026-01-13 14:28:00,7865.91,1
W_00003496,C_00114086,ATM_00697,2026-01-12 21:49:00,4387.98,1
W_00003497,C_00114108,ATM_01328,2026-01-13 09:58:00,3934.46,1
W_00003498,C_00114266,ATM_00566,2026-01-13 04:57:00,20753.88,1
W_00003499,C_00114285,ATM_00233,2026-01-13 08:59:00,11148.45,1
W_00003500,C_00114360,ATM_00728,2026-01-13 03:53:00,148658.89,1
W_00003501,C_00114367,ATM_00801,2026-01-13 03:46:00,6686.44,1
W_00003502,C_00114393,ATM_00806,2026-01-13 00:37:00,66194.44,1
W_00003503,C_00114404,ATM_00008,2026-01-12 11:46:00,7550.59,1
W_00003504,C_00114406,ATM_00445,2026-01-12 16:38:00,5195.49,1
W_00003505,C_00114493,ATM_00394,2026-01-12 15:04:00,6800.67,1
W_00003506,C_00114527,ATM_00147,2026-01-13 05:31:00,37686.21,1
W_00003507,C_00114557,ATM_01133,2026-01-12 18:57:00,7323.98,1
W_00003508,C_00114582,ATM_01108,2026-01-13 01:22:00,14528.32,1
W_00003509,C_00114596,ATM_01477,2026-01-13 16:17:00,34998.79,1
W_00003510,C_00114612,ATM_01455,2026-01-12 20:04:00,62489.03,1
W_00003511,C_00114648,ATM_00183,2026-01-12 23:28:00,3713.12,1
W_00003512,C_00114715,ATM_00445,2026-01-12 20:17:00,145244.05,1
W_00003513,C_00114732,ATM_01426,2026-01-13 05:10:00,6490.75,1
W_00003514,C_00114867,ATM_01294,2026-01-13 08:08:00,28873.0,1
W_00003515,C_00114877,ATM_00466,2026-01-12 22:12:00,11666.65,1
W_00003516,C_00114922,ATM_00617,2026-01-12 06:23:00,12456.52,1
W_00003517,C_00114937,ATM_01457,2026-01-13 05:41:00,7361.61,1
W_00003518,C_00114940,ATM_00114,2026-01-13 01:54:00,124520.44,1
W_00003519,C_00114945,ATM_01085,2026-01-13 09:00:00,18672.86,1
W_00003520,C_00114989,ATM_00719,2026-01-12 10:25:00,5678.11,1
W_00003521,C_00115003,ATM_00999,2026-01-12 05:54:00,9006.91,1
W_00003522,C_00115027,ATM_00424,2026-01-13 01:12:00,22730.16,1
W_00003523,C_00115106,ATM_00168,2026-01-13 12:14:00,3067.96,1
W_00003524,C_00115108,ATM_01122,2026-01-13 17:03:00,771.74,1
W_00003525,C_00115200,ATM_00177,2026-01-13 04:27:00,10115.99,1
W_00003526,C_00115273,ATM_00428,2026-01-12 22:14:00,500.0,1
W_00003527,C_00115339,ATM_00744,2026-01-12 21:49:00,42461.93,1
W_00003528,C_00115422,ATM_01405,2026-01-12 22:05:00,11902.6,1
W_00003529,C_00115438,ATM_00590,2026-01-13 05:06:00,4572.44,1
W_00003530,C_00115515,ATM_00324,2026-01-13 13:17:00,20579.62,1
W_00003531,C_00115517,ATM_00002,2026-01-12 23:01:00,9682.23,1
W_00003532,C_00115518,ATM_00911,2026-01-12 16:48:00,53876.75,1
W_00003533,C_00115535,ATM_01361,2026-01-12 15:05:00,4516.76,1
W_00003534,C_00115684,ATM_00673,2026-01-13 04:52:00,30903.12,1
W_00003535,C_00115719,ATM_00404,2026-01-13 04:44:00,21183.2,1
W_00003536,C_00115818,ATM_01319,2026-01-12 23:04:00,7424.66,1
W_00003537,C_00115896,ATM_00427,2026-01-12 11:00:00,11177.67,1
W_00003538,C_00115899,ATM_00126,2026-01-13 00:12:00,2131.79,1
W_00003539,C_00115903,ATM_00672,2026-01-13 08:54:00,7596.49,1
W_00003540,C_00115934,ATM_00712,2026-01-12 09:42:00,17838.48,1
W_00003541,C_00115955,ATM_00302,2026-01-12 12:24:00,5451.09,1
W_00003542,C_00116068,ATM_01136,2026-01-14 02:28:00,1729.6,1
W_00003543,C_00116080,ATM_00755,2026-01-14 17:39:00,45512.11,1
W_00003544,C_00116105,ATM_00600,2026-01-13 19:39:00,11444.01,1
W_00003545,C_00116174,ATM_00185,2026-01-13 22:43:00,37551.87,1
W_00003546,C_00116244,ATM_01453,2026-01-13 13:20:00,15490.0,1
W_00003547,C_00116246,ATM_01489,2026-01-14 05:24:00,21887.48,1
W_00003548,C_00116265,ATM_01396,2026-01-13 21:45:00,1537.83,1
W_00003549,C_00116270,ATM_01262,2026-01-14 01:36:00,3382.87,1
W_00003550,C_00116280,ATM_00382,2026-01-14 14:09:00,12938.47,1
W_00003551,C_00116300,ATM_01483,2026-01-14 07:31:00,14119.88,1
W_00003552,C_00116306,ATM_00164,2026-01-14 00:43:00,3106.5,1
W_00003553,C_00116335,ATM_01460,2026-01-14 12:36:00,12877.62,1
W_00003554,C_00116368,ATM_00195,2026-01-14 13:11:00,7048.68,1
W_00003555,C_00116412,ATM_00456,2026-01-14 06:20:00,6553.2,1
W_00003556,C_00116413,ATM_00736,2026-01-13 08:52:00,1840.66,1
W_00003557,C_00116478,ATM_00299,2026-01-14 03:36:00,84432.02,1
W_00003558,C_00116486,ATM_00782,2026-01-14 07:26:00,4300.06,1
W_00003559,C_00116494,ATM_00978,2026-01-14 00:16:00,40771.92,1
W_00003560,C_00116505,ATM_00869,2026-01-13 22:08:00,45601.45,1
W_00003561,C_00116552,ATM_01436,2026-01-14 02:46:00,4901.84,1
W_00003562,C_00116598,ATM_00561,2026-01-14 12:33:00,2276.97,1
W_00003563,C_00116638,ATM_01414,2026-01-13 16:08:00,10189.81,1
W_00003564,C_00116656,ATM_01249,2026-01-14 10:05:00,6053.46,1
W_00003565,C_00116670,ATM_00896,2026-01-13 18:42:00,20385.55,1
W_00003566,C_00116708,ATM_01155,2026-01-14 02:40:00,7050.78,1
W_00003567,C_00116860,ATM_01367,2026-01-14 05:32:00,1269.75,1
W_00003568,C_00116875,ATM_00373,2026-01-13 23:12:00,2708.24,1
W_00003569,C_00116885,ATM_01500,2026-01-13 20:30:00,138694.06,1
W_00003570,C_00116945,ATM_00307,2026-01-14 02:39:00,125080.7,1
W_00003571,C_00116963,ATM_00787,2026-01-14 09:24:00,5465.82,1
W_00003572,C_00116973,ATM_00816,2026-01-13 15:50:00,15913.36,1
W_00003573,C_00116980,ATM_00173,2026-01-13 13:34:00,1927.23,1
W_00003574,C_00117028,ATM_00852,2026-01-14 05:57:00,8071.45,1
W_00003575,C_00117094,ATM_01190,2026-01-13 16:08:00,20081.98,1
W_00003576,C_00117111,ATM_00775,2026-01-13 20:37:00,822.33,1
W_00003577,C_00117146,ATM_00346,2026-01-14 07:02:00,7220.57,1
W_00003578,C_00117157,ATM_00814,2026-01-14 08:01:00,500.0,1
W_00003579,C_00117213,ATM_01463,2026-01-13 13:22:00,3914.28,1
W_00003580,C_00117215,ATM_00602,2026-01-13 14:06:00,4566.63,1
W_00003581,C_00117229,ATM_01080,2026-01-14 11:53:00,30005.73,1
W_00003582,C_00117337,ATM_00671,2026-01-13 14:58:00,8909.18,1
W_00003583,C_00117339,ATM_01372,2026-01-13 15:31:00,8340.24,1
W_00003584,C_00117412,ATM_00207,2026-01-13 22:04:00,5729.57,1
W_00003585,C_00117414,ATM_00469,2026-01-14 20:50:00,1722.75,1
W_00003586,C_00117423,ATM_00161,2026-01-13 21:12:00,2013.11,1
W_00003587,C_00117491,ATM_00035,2026-01-14 09:38:00,1139.22,1
W_00003588,C_00117544,ATM_00563,2026-01-13 21:54:00,11771.95,1
W_00003589,C_00117577,ATM_01056,2026-01-13 15:49:00,73439.01,1
W_00003590,C_00117594,ATM_00509,2026-01-14 00:09:00,6103.05,1
W_00003591,C_00117638,ATM_00470,2026-01-14 07:09:00,7921.4,1
W_00003592,C_00117652,ATM_00603,2026-01-14 06:23:00,40319.85,1
W_00003593,C_00117659,ATM_00834,2026-01-13 16:18:00,21564.02,1
W_00003594,C_00117664,ATM_01293,2026-01-14 07:20:00,2082.44,1
W_00003595,C_00117731,ATM_01319,2026-01-14 18:26:00,1767.73,1
W_00003596,C_00117849,ATM_00489,2026-01-14 16:47:00,19181.59,1
W_00003597,C_00117867,ATM_00003,2026-01-14 07:24:00,7566.76,1
W_00003598,C_00117876,ATM_00277,2026-01-14 10:19:00,54201.14,1
W_00003599,C_00117918,ATM_01122,2026-01-14 09:33:00,2270.66,1
W_00003600,C_00117952,ATM_00270,2026-01-14 06:46:00,10904.22,1
W_00003601,C_00117953,ATM_01365,2026-01-14 15:29:00,12607.87,1
W_00003602,C_00117984,ATM_01019,2026-01-14 13:14:00,3696.51,1
W_00003603,C_00117987,ATM_00657,2026-01-13 16:29:00,90027.88,1
W_00003604,C_00118008,ATM_00991,2026-01-14 09:31:00,14064.84,1
W_00003605,C_00118027,ATM_00522,2026-01-14 07:19:00,36179.06,1
W_00003606,C_00118053,ATM_00836,2026-01-14 10:33:00,2419.91,1
W_00003607,C_00118116,ATM_00283,2026-01-13 12:03:00,5733.6,1
W_00003608,C_00118166,ATM_00212,2026-01-14 13:18:00,7359.59,1
W_00003609,C_00118167,ATM_00385,2026-01-13 19:14:00,12772.28,1
W_00003610,C_00118192,ATM_01327,2026-01-14 05:42:00,3491.02,1
W_00003611,C_00118304,ATM_00508,2026-01-13 23:44:00,108232.79,1
W_00003612,C_00118328,ATM_01227,2026-01-14 03:53:00,26146.95,1
W_00003613,C_00118364,ATM_00342,2026-01-14 14:38:00,6314.81,1
W_00003614,C_00118411,ATM_00223,2026-01-13 22:39:00,1350.08,1
W_00003615,C_00118455,ATM_00813,2026-01-13 15:15:00,7957.87,1
W_00003616,C_00118472,ATM_00826,2026-01-14 10:56:00,2428.4,1
W_00003617,C_00118488,ATM_00811,2026-01-14 01:27:00,8714.09,1
W_00003618,C_00118489,ATM_00766,2026-01-14 02:26:00,12519.51,1
W_00003619,C_00118515,ATM_00222,2026-01-14 13:11:00,10037.31,1
W_00003620,C_00118525,ATM_00084,2026-01-14 10:38:00,10994.74,1
W_00003621,C_00118581,ATM_00052,2026-01-13 23:40:00,9443.54,1
W_00003622,C_00118598,ATM_01035,2026-01-14 03:20:00,1750.06,1
W_00003623,C_00118627,ATM_00679,2026-01-13 12:58:00,47069.08,1
W_00003624,C_00118668,ATM_00649,2026-01-14 04:12:00,32193.35,1
W_00003625,C_00118696,ATM_01386,2026-01-14 03:14:00,61423.72,1
W_00003626,C_00118711,ATM_00760,2026-01-13 18:07:00,18692.41,1
W_00003627,C_00118712,ATM_00474,2026-01-14 13:16:00,2568.34,1
W_00003628,C_00118721,ATM_00715,2026-01-14 09:24:00,3215.22,1
W_00003629,C_00118734,ATM_01118,2026-01-14 06:52:00,30331.51,1
W_00003630,C_00118740,ATM_00039,2026-01-14 03:29:00,3734.23,1
W_00003631,C_00118782,ATM_00921,2026-01-13 16:00:00,7978.84,1
W_00003632,C_00118821,ATM_00033,2026-01-13 18:52:00,5211.38,1
W_00003633,C_00118905,ATM_00734,2026-01-14 02:17:00,38795.46,1
W_00003634,C_00118938,ATM_00951,2026-01-13 20:23:00,9513.11,1
W_00003635,C_00118959,ATM_00566,2026-01-14 06:21:00,30702.28,1
W_00003636,C_00119011,ATM_00847,2026-01-14 12:50:00,594.61,1
W_00003637,C_00119022,ATM_00079,2026-01-14 08:44:00,5573.99,1
W_00003638,C_00119130,ATM_00081,2026-01-13 22:21:00,4823.81,1
W_00003639,C_00119172,ATM_00492,2026-01-14 06:01:00,7875.65,1
W_00003640,C_00119237,ATM_01227,2026-01-14 05:08:00,33381.62,1
W_00003641,C_00119254,ATM_00671,2026-01-14 03:30:00,7155.04,1
W_00003642,C_00119271,ATM_00159,2026-01-13 18:47:00,38185.47,1
W_00003643,C_00119284,ATM_00517,2026-01-13 23:07:00,41476.23,1
W_00003644,C_00119298,ATM_00399,2026-01-13 23:53:00,7118.53,1
W_00003645,C_00119300,ATM_01479,2026-01-14 00:46:00,1806.22,1
W_00003646,C_00119338,ATM_01380,2026-01-14 13:57:00,10681.72,1
W_00003647,C_00119355,ATM_00357,2026-01-13 09:08:00,785.49,1
W_00003648,C_00119363,ATM_01161,2026-01-14 12:01:00,6396.65,1
W_00003649,C_00119371,ATM_00995,2026-01-14 01:36:00,13065.4,1
W_00003650,C_00119381,ATM_01084,2026-01-13 16:35:00,87259.82,1
W_00003651,C_00119391,ATM_00412,2026-01-14 13:57:00,2755.2,1
W_00003652,C_00119398,ATM_00692,2026-01-13 08:34:00,5901.57,1
W_00003653,C_00119438,ATM_00819,2026-01-14 10:10:00,94983.38,1
W_00003654,C_00119452,ATM_00951,2026-01-14 02:43:00,4527.86,1
W_00003655,C_00119454,ATM_01001,2026-01-14 15:28:00,8114.02,1
W_00003656,C_00119485,ATM_01351,2026-01-14 11:19:00,7150.52,1
W_00003657,C_00119513,ATM_00529,2026-01-14 00:12:00,11819.32,1
W_00003658,C_00119560,ATM_00579,2026-01-14 02:29:00,15171.26,1
W_00003659,C_00119575,ATM_00029,2026-01-13 15:21:00,5907.06,1
W_00003660,C_00119587,ATM_00457,2026-01-14 13:33:00,20285.68,1
W_00003661,C_00119594,ATM_01369,2026-01-14 15:42:00,4035.39,1
W_00003662,C_00119636,ATM_00731,2026-01-13 20:24:00,6860.59,1
W_00003663,C_00119700,ATM_00210,2026-01-14 10:59:00,2680.05,1
W_00003664,C_00119720,ATM_01398,2026-01-14 01:11:00,27648.9,1
W_00003665,C_00119747,ATM_00279,2026-01-13 12:14:00,7295.42,1
W_00003666,C_00119771,ATM_01155,2026-01-14 19:45:00,1281.9,1
W_00003667,C_00119782,ATM_00804,2026-01-14 06:44:00,32381.61,1
W_00003668,C_00119819,ATM_01303,2026-01-14 07:03:00,51367.07,1
W_00003669,C_00119847,ATM_01213,2026-01-14 08:20:00,5748.24,1
W_00003670,C_00119859,ATM_01006,2026-01-14 05:32:00,30526.62,1
W_00003671,C_00119925,ATM_00492,2026-01-13 22:20:00,130479.38,1
W_00003672,C_00119947,ATM_00544,2026-01-13 23:27:00,24518.35,1
W_00003673,C_00119956,ATM_01373,2026-01-14 00:16:00,21471.01,1
W_00003674,C_00119984,ATM_00537,2026-01-14 05:25:00,15080.48,1
W_00003675,C_00119985,ATM_00952,2026-01-14 04:52:00,23667.84,1
W_00003676,C_00119987,ATM_00709,2026-01-13 20:18:00,13383.76,1
W_00003677,C_00119989,ATM_01244,2026-01-14 06:49:00,9739.92,1
W_00003678,C_00119997,ATM_01417,2026-01-14 02:37:00,12123.28,1
W_00003679,C_00120043,ATM_00787,2026-01-13 19:38:00,8375.44,1
W_00003680,C_00120095,ATM_00042,2026-01-13 10:23:00,12993.82,1
W_00003681,C_00120123,ATM_01390,2026-01-14 10:52:00,4940.77,1
W_00003682,C_00120188,ATM_00975,2026-01-13 15:01:00,9027.72,1
W_00003683,C_00120190,ATM_00402,2026-01-14 01:28:00,5251.23,1
W_00003684,C_00120223,ATM_01312,2026-01-13 07:08:00,49360.45,1
W_00003685,C_00120276,ATM_00404,2026-01-13 09:29:00,34827.24,1
W_00003686,C_00120279,ATM_00582,2026-01-14 20:29:00,8944.67,1
W_00003687,C_00120298,ATM_01162,2026-01-13 20:55:00,10247.78,1
W_00003688,C_00120299,ATM_00132,2026-01-14 04:08:00,3599.2,1
W_00003689,C_00120323,ATM_00586,2026-01-14 08:07:00,2212.56,1
W_00003690,C_00120341,ATM_01000,2026-01-14 03:07:00,2924.11,1
W_00003691,C_00120375,ATM_01304,2026-01-14 01:53:00,174247.1,1
W_00003692,C_00120393,ATM_00407,2026-01-13 22:36:00,4985.27,1
W_00003693,C_00120463,ATM_00754,2026-01-13 12:15:00,8000.99,1
W_00003694,C_00120524,ATM_00401,2026-01-13 20:47:00,84104.03,1
W_00003695,C_00120542,ATM_00875,2026-01-13 20:42:00,9038.94,1
W_00003696,C_00120568,ATM_00581,2026-01-14 09:47:00,8145.65,1
W_00003697,C_00120598,ATM_00383,2026-01-13 23:24:00,28959.34,1
W_00003698,C_00120630,ATM_00928,2026-01-13 17:10:00,8501.43,1
W_00003699,C_00120659,ATM_00157,2026-01-14 05:06:00,18325.99,1
W_00003700,C_00120699,ATM_00073,2026-01-14 13:38:00,9745.13,1
W_00003701,C_00120744,ATM_01005,2026-01-13 10:27:00,840.79,1
W_00003702,C_00120771,ATM_00218,2026-01-14 00:45:00,17575.13,1
W_00003703,C_00120799,ATM_00782,2026-01-13 14:33:00,1502.2,1
W_00003704,C_00120818,ATM_00803,2026-01-13 20:41:00,7710.32,1
W_00003705,C_00120841,ATM_01185,2026-01-14 10:53:00,3708.19,1
W_00003706,C_00120845,ATM_00541,2026-01-13 23:35:00,17424.18,1
W_00003707,C_00120859,ATM_00031,2026-01-14 01:30:00,12302.12,1
W_00003708,C_00120870,ATM_00761,2026-01-14 18:27:00,7032.26,1
W_00003709,C_00120949,ATM_01277,2026-01-14 00:02:00,6640.93,1
W_00003710,C_00121092,ATM_01373,2026-01-14 03:00:00,27495.46,1
W_00003711,C_00121126,ATM_01118,2026-01-13 15:44:00,5304.82,1
W_00003712,C_00121135,ATM_00750,2026-01-14 00:30:00,93416.96,1
W_00003713,C_00121143,ATM_00948,2026-01-14 12:46:00,3052.81,1
W_00003714,C_00121192,ATM_00011,2026-01-14 15:07:00,92290.39,1
W_00003715,C_00121235,ATM_00486,2026-01-14 01:50:00,25072.52,1
W_00003716,C_00121244,ATM_00952,2026-01-14 02:40:00,3479.34,1
W_00003717,C_00121323,ATM_00231,2026-01-14 11:59:00,71342.2,1
W_00003718,C_00121363,ATM_01463,2026-01-13 16:35:00,15275.02,1
W_00003719,C_00121366,ATM_00108,2026-01-14 09:27:00,12030.14,1
W_00003720,C_00121375,ATM_00178,2026-01-13 21:59:00,3098.89,1
W_00003721,C_00121415,ATM_00483,2026-01-13 20:58:00,67841.53,1
W_00003722,C_00121425,ATM_01297,2026-01-14 00:19:00,2959.95,1
W_00003723,C_00121447,ATM_01409,2026-01-13 22:27:00,1323.3,1
W_00003724,C_00121448,ATM_01350,2026-01-14 03:18:00,703.56,1
W_00003725,C_00121458,ATM_00434,2026-01-13 04:45:00,29163.66,1
W_00003726,C_00121463,ATM_00543,2026-01-13 22:07:00,2811.7,1
W_00003727,C_00121473,ATM_00325,2026-01-13 19:30:00,136106.32,1
W_00003728,C_00121479,ATM_00329,2026-01-13 23:45:00,17287.64,1
W_00003729,C_00121486,ATM_00929,2026-01-13 08:31:00,1954.27,1
W_00003730,C_00121498,ATM_00281,2026-01-14 06:05:00,57201.05,1
W_00003731,C_00121536,ATM_01295,2026-01-14 02:04:00,2031.17,1
W_00003732,C_00121625,ATM_01068,2026-01-13 23:49:00,2064.04,1
W_00003733,C_00121718,ATM_00314,2026-01-13 14:26:00,4920.71,1
W_00003734,C_00121772,ATM_01165,2026-01-14 12:30:00,21195.45,1
W_00003735,C_00121870,ATM_00120,2026-01-13 20:03:00,6918.09,1
W_00003736,C_00121871,ATM_00926,2026-01-14 04:09:00,8763.13,1
W_00003737,C_00121873,ATM_01041,2026-01-14 17:35:00,10191.8,1
W_00003738,C_00121897,ATM_00018,2026-01-14 04:08:00,9923.66,1
W_00003739,C_00121924,ATM_00345,2026-01-14 08:38:00,6507.19,1
W_00003740,C_00121933,ATM_00076,2026-01-13 15:05:00,11916.5,1
W_00003741,C_00121995,ATM_00431,2026-01-14 04:11:00,42319.38,1
W_00003742,C_00122008,ATM_00741,2026-01-14 05:31:00,4959.67,1
W_00003743,C_00122038,ATM_00880,2026-01-14 11:24:00,32240.16,1
W_00003744,C_00122052,ATM_00148,2026-01-14 08:32:00,4298.28,1
W_00003745,C_00122059,ATM_01366,2026-01-13 17:49:00,4004.61,1
W_00003746,C_00122101,ATM_00485,2026-01-13 23:16:00,6314.05,1
W_00003747,C_00122129,ATM_00160,2026-01-13 08:43:00,3782.69,1
W_00003748,C_00122166,ATM_00885,2026-01-13 22:05:00,11838.85,1
W_00003749,C_00122169,ATM_00180,2026-01-14 04:18:00,8709.14,1
W_00003750,C_00122239,ATM_00352,2026-01-14 06:19:00,19310.94,1
W_00003751,C_00122287,ATM_00344,2026-01-14 06:26:00,24024.5,1
W_00003752,C_00122299,ATM_00448,2026-01-14 05:43:00,7127.87,1
W_00003753,C_00122342,ATM_01358,2026-01-14 16:34:00,4373.55,1
W_00003754,C_00122407,ATM_01128,2026-01-14 08:18:00,765.43,1
W_00003755,C_00122493,ATM_00500,2026-01-14 01:23:00,43405.96,1
W_00003756,C_00122511,ATM_01415,2026-01-14 13:34:00,85033.62,1
W_00003757,C_00122530,ATM_00197,2026-01-14 03:43:00,55466.84,1
W_00003758,C_00122616,ATM_00424,2026-01-13 16:09:00,74335.41,1
W_00003759,C_00122630,ATM_00094,2026-01-14 04:38:00,7379.49,1
W_00003760,C_00122648,ATM_00667,2026-01-13 19:24:00,46257.89,1
W_00003761,C_00122680,ATM_01054,2026-01-14 04:04:00,5853.17,1
W_00003762,C_00122715,ATM_00866,2026-01-14 12:37:00,16716.02,1
W_00003763,C_00122796,ATM_00410,2026-01-13 15:50:00,19631.76,1
W_00003764,C_00122802,ATM_01222,2026-01-14 07:23:00,1438.2,1
W_00003765,C_00122891,ATM_00667,2026-01-14 08:30:00,6912.42,1
W_00003766,C_00122916,ATM_01453,2026-01-14 02:15:00,8304.97,1
W_00003767,C_00122935,ATM_00123,2026-01-14 08:34:00,3049.99,1
W_00003768,C_00123009,ATM_00029,2026-01-13 10:40:00,2686.92,1
W_00003769,C_00123122,ATM_01088,2026-01-14 12:21:00,13549.96,1
W_00003770,C_00123217,ATM_00860,2026-01-14 20:17:00,7032.64,1
W_00003771,C_00123218,ATM_00044,2026-01-14 08:59:00,19360.32,1
W_00003772,C_00123239,ATM_00494,2026-01-13 21:48:00,21707.79,1
W_00003773,C_00123256,ATM_00576,2026-01-14 13:19:00,2506.63,1
W_00003774,C_00123363,ATM_00330,2026-01-14 03:04:00,21908.04,1
W_00003775,C_00123396,ATM_00480,2026-01-14 12:06:00,4292.69,1
W_00003776,C_00123405,ATM_00588,2026-01-14 01:29:00,69828.82,1
W_00003777,C_00123424,ATM_00130,2026-01-13 20:18:00,5637.66,1
W_00003778,C_00123443,ATM_00231,2026-01-13 12:24:00,6377.7,1
W_00003779,C_00123512,ATM_00257,2026-01-14 14:29:00,5733.86,1
W_00003780,C_00123614,ATM_00976,2026-01-13 20:08:00,8612.01,1
W_00003781,C_00123650,ATM_00471,2026-01-14 05:01:00,8065.45,1
W_00003782,C_00123679,ATM_00779,2026-01-13 23:15:00,34991.8,1
W_00003783,C_00123707,ATM_01329,2026-01-14 13:30:00,2829.38,1
W_00003784,C_00123711,ATM_01245,2026-01-14 10:43:00,8968.72,1
W_00003785,C_00123754,ATM_00245,2026-01-13 19:48:00,3429.13,1
W_00003786,C_00123779,ATM_01345,2026-01-14 10:08:00,30028.17,1
W_00003787,C_00123845,ATM_01081,2026-01-13 21:14:00,26747.56,1
W_00003788,C_00123874,ATM_01198,2026-01-14 04:46:00,5883.44,1
W_00003789,C_00123883,ATM_00703,2026-01-14 11:19:00,3932.0,1
W_00003790,C_00123889,ATM_01341,2026-01-14 13:34:00,20206.17,1
W_00003791,C_00123911,ATM_00806,2026-01-14 01:40:00,1578.61,1
W_00003792,C_00123931,ATM_00223,2026-01-14 09:33:00,5748.64,1
W_00003793,C_00123970,ATM_01465,2026-01-14 08:06:00,1801.43,1
W_00003794,C_00124055,ATM_00530,2026-01-13 13:29:00,3382.45,1
W_00003795,C_00124083,ATM_01261,2026-01-14 06:36:00,4656.95,1
W_00003796,C_00124120,ATM_00971,2026-01-14 15:38:00,19637.02,1
W_00003797,C_00124204,ATM_01458,2026-01-14 07:04:00,5311.7,1
W_00003798,C_00124343,ATM_00021,2026-01-13 19:45:00,4486.36,1
W_00003799,C_00124416,ATM_01315,2026-01-13 16:19:00,15280.74,1
W_00003800,C_00124441,ATM_01005,2026-01-14 18:55:00,8513.6,1
W_00003801,C_00124446,ATM_00766,2026-01-14 07:45:00,3316.15,1
W_00003802,C_00124478,ATM_00752,2026-01-14 13:37:00,39486.41,1
W_00003803,C_00124508,ATM_01341,2026-01-14 00:14:00,17059.68,1
W_00003804,C_00124513,ATM_01494,2026-01-14 04:01:00,3854.44,1
W_00003805,C_00124559,ATM_00188,2026-01-13 22:16:00,4648.88,1
W_00003806,C_00124581,ATM_01342,2026-01-13 20:06:00,26594.76,1
W_00003807,C_00124598,ATM_00109,2026-01-14 00:32:00,12478.25,1
W_00003808,C_00124609,ATM_00125,2026-01-14 06:06:00,36371.04,1
W_00003809,C_00124749,ATM_01211,2026-01-14 01:00:00,138686.44,1
W_00003810,C_00124785,ATM_00161,2026-01-13 23:38:00,5745.75,1
W_00003811,C_00124788,ATM_00369,2026-01-13 22:49:00,7794.5,1
W_00003812,C_00124800,ATM_00699,2026-01-13 23:41:00,54281.0,1
W_00003813,C_00124907,ATM_00183,2026-01-13 20:08:00,500.0,1
W_00003814,C_00124997,ATM_00217,2026-01-14 16:17:00,24487.86,1
W_00003815,C_00125013,ATM_00980,2026-01-14 10:09:00,8549.48,1
W_00003816,C_00125027,ATM_00301,2026-01-13 23:47:00,3165.11,1
W_00003817,C_00125080,ATM_01247,2026-01-14 09:00:00,45584.09,1
W_00003818,C_00125162,ATM_00381,2026-01-14 09:15:00,6059.77,1
W_00003819,C_00125201,ATM_01088,2026-01-14 01:22:00,9593.87,1
W_00003820,C_00125202,ATM_01075,2026-01-14 11:27:00,2672.25,1
W_00003821,C_00125232,ATM_01490,2026-01-14 01:00:00,49662.09,1
W_00003822,C_00125330,ATM_00728,2026-01-14 03:01:00,23959.86,1
W_00003823,C_00125369,ATM_00384,2026-01-13 16:12:00,1530.84,1
W_00003824,C_00125423,ATM_00251,2026-01-13 22:32:00,3776.83,1
W_00003825,C_00125459,ATM_00954,2026-01-13 22:03:00,9572.57,1
W_00003826,C_00125486,ATM_00051,2026-01-14 02:33:00,12627.65,1
W_00003827,C_00125520,ATM_00984,2026-01-13 21:02:00,6185.22,1
W_00003828,C_00125551,ATM_01181,2026-01-13 20:04:00,1722.54,1
W_00003829,C_00125580,ATM_00500,2026-01-13 21:09:00,3180.86,1
W_00003830,C_00125640,ATM_01154,2026-01-14 12:44:00,1881.48,1
W_00003831,C_00125692,ATM_00195,2026-01-14 11:55:00,1412.34,1
W_00003832,C_00125744,ATM_00485,2026-01-14 10:46:00,29012.65,1
W_00003833,C_00125785,ATM_00752,2026-01-13 15:48:00,2049.15,1
W_00003834,C_00125797,ATM_00432,2026-01-14 01:55:00,43881.95,1
W_00003835,C_00125804,ATM_00888,2026-01-14 03:31:00,11773.46,1
W_00003836,C_00125832,ATM_00286,2026-01-14 03:42:00,21050.8,1
W_00003837,C_00125906,ATM_00677,2026-01-14 10:32:00,5417.18,1
W_00003838,C_00125961,ATM_00258,2026-01-14 17:41:00,5584.74,1
W_00003839,C_00125980,ATM_00612,2026-01-14 12:38:00,14256.38,1
W_00003840,C_00126065,ATM_00163,2026-01-14 22:54:00,5137.82,1
W_00003841,C_00126105,ATM_00224,2026-01-15 12:33:00,2844.42,1
W_00003842,C_00126107,ATM_00873,2026-01-14 20:25:00,4017.63,1
W_00003843,C_00126120,ATM_01002,2026-01-15 02:30:00,4400.99,1
W_00003844,C_00126139,ATM_00506,2026-01-15 15:35:00,20120.54,1
W_00003845,C_00126187,ATM_01041,2026-01-15 12:59:00,1504.56,1
W_00003846,C_00126211,ATM_00398,2026-01-14 23:51:00,3606.79,1
W_00003847,C_00126240,ATM_00104,2026-01-15 08:33:00,12544.95,1
W_00003848,C_00126253,ATM_01131,2026-01-15 09:14:00,4040.59,1
W_00003849,C_00126262,ATM_00125,2026-01-15 02:12:00,31120.56,1
W_00003850,C_00126312,ATM_00627,2026-01-14 16:47:00,2656.34,1
W_00003851,C_00126405,ATM_00625,2026-01-14 14:35:00,2822.45,1
W_00003852,C_00126416,ATM_00119,2026-01-15 06:24:00,30444.27,1
W_00003853,C_00126435,ATM_01117,2026-01-14 11:38:00,4025.64,1
W_00003854,C_00126449,ATM_00892,2026-01-14 14:19:00,8361.33,1
W_00003855,C_00126553,ATM_01033,2026-01-14 19:29:00,8967.78,1
W_00003856,C_00126570,ATM_00899,2026-01-15 11:36:00,39364.09,1
W_00003857,C_00126573,ATM_00562,2026-01-15 14:46:00,38470.25,1
W_00003858,C_00126642,ATM_00990,2026-01-15 13:47:00,18473.87,1
W_00003859,C_00126659,ATM_01334,2026-01-15 03:20:00,32807.87,1
W_00003860,C_00126678,ATM_00264,2026-01-15 16:07:00,9592.4,1
W_00003861,C_00126728,ATM_00355,2026-01-15 13:55:00,1448.92,1
W_00003862,C_00126767,ATM_00857,2026-01-15 05:10:00,8470.84,1
W_00003863,C_00126787,ATM_00723,2026-01-15 06:20:00,4279.22,1
W_00003864,C_00126793,ATM_01174,2026-01-15 17:35:00,4544.05,1
W_00003865,C_00126831,ATM_00672,2026-01-14 17:02:00,21612.13,1
W_00003866,C_00126861,ATM_01242,2026-01-14 15:00:00,1637.18,1
W_00003867,C_00126868,ATM_00363,2026-01-15 07:42:00,15771.37,1
W_00003868,C_00126931,ATM_01232,2026-01-14 17:23:00,69367.29,1
W_00003869,C_00127038,ATM_01025,2026-01-15 07:27:00,99650.52,1
W_00003870,C_00127078,ATM_00265,2026-01-14 17:01:00,36621.54,1
W_00003871,C_00127101,ATM_01227,2026-01-15 11:45:00,961.32,1
W_00003872,C_00127135,ATM_00206,2026-01-15 03:47:00,19514.94,1
W_00003873,C_00127173,ATM_00910,2026-01-15 01:47:00,47966.46,1
W_00003874,C_00127176,ATM_00530,2026-01-15 04:53:00,4488.04,1
W_00003875,C_00127241,ATM_00900,2026-01-15 06:16:00,11200.25,1
W_00003876,C_00127264,ATM_01247,2026-01-15 07:09:00,3796.91,1
W_00003877,C_00127267,ATM_00047,2026-01-14 22:42:00,24081.82,1
W_00003878,C_00127366,ATM_00042,2026-01-15 04:42:00,8013.01,1
W_00003879,C_00127367,ATM_01183,2026-01-15 03:26:00,1613.14,1
W_00003880,C_00127372,ATM_01122,2026-01-15 08:49:00,4343.55,1
W_00003881,C_00127374,ATM_01164,2026-01-14 22:42:00,8982.06,1
W_00003882,C_00127383,ATM_00558,2026-01-15 09:11:00,3176.71,1
W_00003883,C_00127394,ATM_00117,2026-01-15 01:39:00,2337.76,1
W_00003884,C_00127406,ATM_00003,2026-01-15 04:16:00,12701.16,1
W_00003885,C_00127414,ATM_00313,2026-01-15 10:06:00,5607.71,1
W_00003886,C_00127479,ATM_00988,2026-01-15 12:33:00,10147.68,1
W_00003887,C_00127509,ATM_00885,2026-01-14 21:13:00,9371.88,1
W_00003888,C_00127521,ATM_01090,2026-01-14 06:28:00,7159.08,1
W_00003889,C_00127530,ATM_00211,2026-01-14 22:02:00,11707.5,1
W_00003890,C_00127540,ATM_00648,2026-01-15 07:26:00,38106.62,1
W_00003891,C_00127548,ATM_00468,2026-01-15 13:15:00,2306.63,1
W_00003892,C_00127575,ATM_00876,2026-01-15 06:04:00,521.25,1
W_00003893,C_00127620,ATM_00456,2026-01-15 13:43:00,2389.73,1
W_00003894,C_00127641,ATM_01195,2026-01-14 22:05:00,17148.6,1
W_00003895,C_00127656,ATM_00942,2026-01-15 16:03:00,4124.59,1
W_00003896,C_00127662,ATM_01287,2026-01-14 13:53:00,151168.63,1
W_00003897,C_00127677,ATM_01150,2026-01-15 02:41:00,18799.09,1
W_00003898,C_00127679,ATM_00587,2026-01-15 07:33:00,7994.41,1
W_00003899,C_00127768,ATM_00264,2026-01-15 06:44:00,22810.28,1
W_00003900,C_00127834,ATM_01465,2026-01-15 15:56:00,31028.67,1
W_00003901,C_00127847,ATM_00234,2026-01-14 10:51:00,35042.73,1
W_00003902,C_00127869,ATM_01183,2026-01-15 09:46:00,5988.62,1
W_00003903,C_00127903,ATM_00243,2026-01-15 18:16:00,34604.58,1
W_00003904,C_00127967,ATM_00969,2026-01-15 15:35:00,15104.95,1
W_00003905,C_00128000,ATM_00110,2026-01-14 23:31:00,9722.85,1
W_00003906,C_00128028,ATM_01226,2026-01-14 21:11:00,6322.24,1
W_00003907,C_00128135,ATM_00093,2026-01-14 12:15:00,55132.2,1
W_00003908,C_00128159,ATM_00103,2026-01-14 21:06:00,94009.42,1
W_00003909,C_00128256,ATM_00213,2026-01-15 04:48:00,5548.32,1
W_00003910,C_00128259,ATM_00053,2026-01-15 12:06:00,24148.41,1
W_00003911,C_00128268,ATM_00194,2026-01-14 16:48:00,10538.07,1
W_00003912,C_00128272,ATM_01243,2026-01-15 07:59:00,11618.49,1
W_00003913,C_00128287,ATM_00713,2026-01-15 12:33:00,17741.99,1
W_00003914,C_00128373,ATM_00688,2026-01-15 01:35:00,9271.85,1
W_00003915,C_00128386,ATM_00206,2026-01-15 07:12:00,2422.25,1
W_00003916,C_00128394,ATM_00800,2026-01-14 22:07:00,28446.84,1
W_00003917,C_00128415,ATM_00487,2026-01-15 20:28:00,2481.77,1
W_00003918,C_00128424,ATM_00780,2026-01-14 23:46:00,24342.31,1
W_00003919,C_00128456,ATM_00016,2026-01-15 18:19:00,1056.69,1
W_00003920,C_00128477,ATM_00614,2026-01-14 23:26:00,10507.34,1
W_00003921,C_00128484,ATM_00700,2026-01-14 19:35:00,8962.27,1
W_00003922,C_00128525,ATM_00357,2026-01-15 11:56:00,8657.97,1
W_00003923,C_00128570,ATM_00299,2026-01-15 09:05:00,2569.79,1
W_00003924,C_00128572,ATM_00647,2026-01-15 11:52:00,13810.7,1
W_00003925,C_00128575,ATM_00572,2026-01-15 15:50:00,6378.9,1
W_00003926,C_00128602,ATM_00905,2026-01-15 00:00:00,7429.92,1
W_00003927,C_00128647,ATM_00491,2026-01-14 23:44:00,7789.84,1
W_00003928,C_00128677,ATM_01107,2026-01-15 14:24:00,937.11,1
W_00003929,C_00128763,ATM_00503,2026-01-14 14:25:00,3300.96,1
W_00003930,C_00128828,ATM_01197,2026-01-14 13:39:00,2714.75,1
W_00003931,C_00128877,ATM_00033,2026-01-15 03:36:00,4967.12,1
W_00003932,C_00128880,ATM_01400,2026-01-15 00:06:00,21697.84,1
W_00003933,C_00128984,ATM_00339,2026-01-15 12:39:00,15256.41,1
W_00003934,C_00129020,ATM_00465,2026-01-15 16:10:00,36103.85,1
W_00003935,C_00129031,ATM_00949,2026-01-14 14:21:00,36743.95,1
W_00003936,C_00129046,ATM_01375,2026-01-15 13:07:00,1602.81,1
W_00003937,C_00129048,ATM_00533,2026-01-14 21:09:00,5028.7,1
W_00003938,C_00129062,ATM_00787,2026-01-14 14:22:00,4175.09,1
W_00003939,C_00129069,ATM_00387,2026-01-14 21:12:00,13331.07,1
W_00003940,C_00129071,ATM_00563,2026-01-14 18:52:00,22775.83,1
W_00003941,C_00129108,ATM_00319,2026-01-14 23:39:00,61703.45,1
W_00003942,C_00129161,ATM_00487,2026-01-15 05:26:00,47130.16,1
W_00003943,C_00129165,ATM_01041,2026-01-14 22:15:00,5047.38,1
W_00003944,C_00129169,ATM_00078,2026-01-15 10:16:00,10122.66,1
W_00003945,C_00129228,ATM_01336,2026-01-15 03:58:00,2675.33,1
W_00003946,C_00129314,ATM_00923,2026-01-14 13:14:00,2337.21,1
W_00003947,C_00129318,ATM_01287,2026-01-15 16:36:00,47539.98,1
W_00003948,C_00129327,ATM_00561,2026-01-14 11:43:00,2961.67,1
W_00003949,C_00129344,ATM_00063,2026-01-14 10:41:00,3249.06,1
W_00003950,C_00129350,ATM_01447,2026-01-15 20:47:00,2029.6,1
W_00003951,C_00129362,ATM_00011,2026-01-15 01:01:00,13442.44,1
W_00003952,C_00129384,ATM_00089,2026-01-15 06:05:00,1241.54,1
W_00003953,C_00129386,ATM_00447,2026-01-15 07:17:00,20308.67,1
W_00003954,C_00129426,ATM_00414,2026-01-14 22:33:00,4172.21,1
W_00003955,C_00129516,ATM_00935,2026-01-14 16:52:00,140699.4,1
W_00003956,C_00129535,ATM_00117,2026-01-15 17:17:00,2753.8,1
W_00003957,C_00129552,ATM_00667,2026-01-15 02:33:00,69739.25,1
W_00003958,C_00129561,ATM_01097,2026-01-15 06:17:00,1274.85,1
W_00003959,C_00129566,ATM_01266,2026-01-15 09:12:00,39864.36,1
W_00003960,C_00129607,ATM_01153,2026-01-14 14:49:00,6119.12,1
W_00003961,C_00129633,ATM_00141,2026-01-14 21:51:00,19756.27,1
W_00003962,C_00129713,ATM_00606,2026-01-15 05:49:00,39412.69,1
W_00003963,C_00129736,ATM_01194,2026-01-15 16:03:00,13088.64,1
W_00003964,C_00129803,ATM_00654,2026-01-15 13:55:00,34245.49,1
W_00003965,C_00129861,ATM_00692,2026-01-15 06:45:00,31105.41,1
W_00003966,C_00130012,ATM_00299,2026-01-15 01:49:00,34752.92,1
W_00003967,C_00130054,ATM_00887,2026-01-15 07:29:00,7907.29,1
W_00003968,C_00130112,ATM_00678,2026-01-15 10:13:00,62452.17,1
W_00003969,C_00130116,ATM_00674,2026-01-14 19:30:00,21676.21,1
W_00003970,C_00130132,ATM_00213,2026-01-14 19:07:00,16577.76,1
W_00003971,C_00130179,ATM_00503,2026-01-15 12:20:00,13993.59,1
W_00003972,C_00130260,ATM_01446,2026-01-15 13:17:00,5851.28,1
W_00003973,C_00130316,ATM_00542,2026-01-14 20:27:00,9817.07,1
W_00003974,C_00130391,ATM_01115,2026-01-15 08:48:00,17789.62,1
W_00003975,C_00130469,ATM_00382,2026-01-14 21:30:00,10044.05,1
W_00003976,C_00130473,ATM_01447,2026-01-15 05:27:00,8142.2,1
W_00003977,C_00130503,ATM_01356,2026-01-15 10:35:00,9920.15,1
W_00003978,C_00130508,ATM_01046,2026-01-15 00:48:00,34251.59,1
W_00003979,C_00130512,ATM_01352,2026-01-14 20:59:00,35060.32,1
W_00003980,C_00130548,ATM_01422,2026-01-15 01:50:00,1195.19,1
W_00003981,C_00130552,ATM_00848,2026-01-15 07:45:00,51960.57,1
W_00003982,C_00130613,ATM_00117,2026-01-14 04:12:00,11395.52,1
W_00003983,C_00130615,ATM_01129,2026-01-14 18:54:00,10266.82,1
W_00003984,C_00130617,ATM_01248,2026-01-14 20:34:00,5027.86,1
W_00003985,C_00130647,ATM_01355,2026-01-14 22:25:00,2577.97,1
W_00003986,C_00130728,ATM_01234,2026-01-15 09:06:00,12811.79,1
W_00003987,C_00130807,ATM_00696,2026-01-15 13:14:00,15834.42,1
W_00003988,C_00130861,ATM_00592,2026-01-14 22:17:00,7333.0,1
W_00003989,C_00130901,ATM_00418,2026-01-15 12:40:00,49741.72,1
W_00003990,C_00130909,ATM_00201,2026-01-15 16:47:00,9797.17,1
W_00003991,C_00130932,ATM_00801,2026-01-14 16:14:00,14568.79,1
W_00003992,C_00130945,ATM_00941,2026-01-14 23:29:00,7383.9,1
W_00003993,C_00130966,ATM_00758,2026-01-15 15:29:00,11470.06,1
W_00003994,C_00131004,ATM_01162,2026-01-14 12:48:00,13654.83,1
W_00003995,C_00131079,ATM_00482,2026-01-14 16:48:00,29087.32,1
W_00003996,C_00131098,ATM_00139,2026-01-15 02:25:00,37521.75,1
W_00003997,C_00131102,ATM_00531,2026-01-15 10:11:00,6847.18,1
W_00003998,C_00131117,ATM_01244,2026-01-14 13:44:00,4118.91,1
W_00003999,C_00131122,ATM_01055,2026-01-14 17:07:00,3317.11,1
W_00004000,C_00131148,ATM_00726,2026-01-15 06:48:00,24824.39,1
W_00004001,C_00131182,ATM_01187,2026-01-14 22:09:00,14116.6,1
W_00004002,C_00131198,ATM_00112,2026-01-15 16:12:00,31605.95,1
W_00004003,C_00131304,ATM_01198,2026-01-14 15:59:00,7147.68,1
W_00004004,C_00131307,ATM_00273,2026-01-15 00:00:00,2771.7,1
W_00004005,C_00131359,ATM_00655,2026-01-15 09:44:00,5779.35,1
W_00004006,C_00131381,ATM_00802,2026-01-15 14:26:00,5403.34,1
W_00004007,C_00131401,ATM_00154,2026-01-15 06:04:00,1098.81,1
W_00004008,C_00131404,ATM_01145,2026-01-14 19:28:00,81463.41,1
W_00004009,C_00131467,ATM_01072,2026-01-15 06:01:00,44083.86,1
W_00004010,C_00131505,ATM_01005,2026-01-14 15:59:00,40362.73,1
W_00004011,C_00131560,ATM_00023,2026-01-15 07:11:00,57700.26,1
W_00004012,C_00131566,ATM_00293,2026-01-15 02:11:00,1456.17,1
W_00004013,C_00131568,ATM_01454,2026-01-15 18:40:00,8529.92,1
W_00004014,C_00131619,ATM_00350,2026-01-15 06:37:00,6453.61,1
W_00004015,C_00131651,ATM_00114,2026-01-15 20:32:00,15516.04,1
W_00004016,C_00131741,ATM_00909,2026-01-14 09:23:00,4806.37,1
W_00004017,C_00131801,ATM_00489,2026-01-14 12:16:00,8297.11,1
W_00004018,C_00131811,ATM_01132,2026-01-15 05:10:00,561.71,1
W_00004019,C_00131945,ATM_00428,2026-01-14 17:00:00,12753.83,1
W_00004020,C_00131994,ATM_01338,2026-01-15 03:18:00,6183.97,1
W_00004021,C_00132003,ATM_00892,2026-01-14 08:15:00,3852.64,1
W_00004022,C_00132005,ATM_01364,2026-01-15 00:30:00,10300.46,1
W_00004023,C_00132028,ATM_00825,2026-01-14 18:48:00,21435.07,1
W_00004024,C_00132063,ATM_00768,2026-01-14 18:21:00,16923.6,1
W_00004025,C_00132108,ATM_00182,2026-01-15 18:22:00,9065.97,1
W_00004026,C_00132141,ATM_00885,2026-01-15 14:09:00,81504.6,1
W_00004027,C_00132150,ATM_00564,2026-01-14 20:01:00,44136.04,1
W_00004028,C_00132214,ATM_01090,2026-01-14 09:32:00,20199.05,1
W_00004029,C_00132232,ATM_00795,2026-01-14 22:44:00,17078.19,1
W_00004030,C_00132251,ATM_00597,2026-01-14 20:21:00,3354.36,1
W_00004031,C_00132261,ATM_01368,2026-01-15 02:45:00,9929.53,1
W_00004032,C_00132271,ATM_00990,2026-01-15 09:54:00,30375.88,1
W_00004033,C_00132309,ATM_01461,2026-01-15 11:39:00,8640.49,1
W_00004034,C_00132349,ATM_01197,2026-01-15 03:05:00,3007.91,1
W_00004035,C_00132375,ATM_00758,2026-01-15 19:45:00,13408.42,1
W_00004036,C_00132389,ATM_00112,2026-01-14 10:20:00,60592.43,1
W_00004037,C_00132437,ATM_00711,2026-01-15 09:38:00,18006.65,1
W_00004038,C_00132472,ATM_00596,2026-01-15 04:48:00,1787.5,1
W_00004039,C_00132489,ATM_01438,2026-01-14 11:41:00,3030.08,1
W_00004040,C_00132597,ATM_01237,2026-01-14 23:09:00,26582.31,1
W_00004041,C_00132608,ATM_00475,2026-01-14 19:41:00,48168.07,1
W_00004042,C_00132613,ATM_01320,2026-01-14 09:12:00,37970.02,1
W_00004043,C_00132628,ATM_00648,2026-01-14 20:07:00,1228.43,1
W_00004044,C_00132646,ATM_01085,2026-01-15 13:23:00,4944.53,1
W_00004045,C_00132683,ATM_00779,2026-01-15 08:31:00,56857.5,1
W_00004046,C_00132684,ATM_00576,2026-01-15 03:40:00,39673.52,1
W_00004047,C_00132700,ATM_00271,2026-01-14 21:02:00,25919.79,1
W_00004048,C_00132719,ATM_00850,2026-01-15 19:20:00,2378.62,1
W_00004049,C_00132798,ATM_00803,2026-01-15 06:23:00,18045.78,1
W_00004050,C_00132932,ATM_00393,2026-01-15 05:30:00,5137.75,1
W_00004051,C_00132940,ATM_00102,2026-01-15 13:30:00,2890.84,1
W_00004052,C_00132994,ATM_00024,2026-01-14 14:49:00,11416.23,1
W_00004053,C_00133012,ATM_00447,2026-01-15 18:41:00,4513.91,1
W_00004054,C_00133018,ATM_01198,2026-01-15 03:10:00,10076.75,1
W_00004055,C_00133025,ATM_01170,2026-01-14 13:35:00,55138.3,1
W_00004056,C_00133033,ATM_01139,2026-01-14 21:46:00,30621.72,1
W_00004057,C_00133034,ATM_00069,2026-01-14 18:50:00,16092.35,1
W_00004058,C_00133243,ATM_00073,2026-01-14 10:26:00,62734.32,1
W_00004059,C_00133305,ATM_00766,2026-01-15 12:47:00,5946.48,1
W_00004060,C_00133323,ATM_00354,2026-01-14 21:03:00,14083.45,1
W_00004061,C_00133343,ATM_00568,2026-01-15 06:19:00,16122.67,1
W_00004062,C_00133430,ATM_00236,2026-01-15 05:24:00,13611.5,1
W_00004063,C_00133450,ATM_00232,2026-01-15 02:20:00,29760.48,1
W_00004064,C_00133452,ATM_01315,2026-01-15 10:38:00,3681.09,1
W_00004065,C_00133502,ATM_00310,2026-01-15 11:07:00,11683.13,1
W_00004066,C_00133522,ATM_01426,2026-01-15 03:39:00,5121.3,1
W_00004067,C_00133578,ATM_00728,2026-01-15 04:26:00,45443.19,1
W_00004068,C_00133587,ATM_00824,2026-01-15 08:45:00,44182.46,1
W_00004069,C_00133612,ATM_00201,2026-01-14 18:15:00,8373.23,1
W_00004070,C_00133641,ATM_00863,2026-01-14 02:15:00,16120.24,1
W_00004071,C_00133645,ATM_00431,2026-01-15 08:26:00,75338.53,1
W_00004072,C_00133652,ATM_00323,2026-01-14 23:22:00,29636.9,1
W_00004073,C_00133670,ATM_01173,2026-01-15 01:40:00,5352.87,1
W_00004074,C_00133701,ATM_00803,2026-01-15 02:42:00,3245.8,1
W_00004075,C_00133763,ATM_00590,2026-01-14 20:10:00,2884.03,1
W_00004076,C_00133771,ATM_00506,2026-01-14 18:56:00,45370.41,1
W_00004077,C_00133772,ATM_00445,2026-01-14 15:09:00,8514.75,1
W_00004078,C_00133868,ATM_00833,2026-01-15 12:40:00,2459.27,1
W_00004079,C_00133879,ATM_00042,2026-01-14 20:19:00,5759.61,1
W_00004080,C_00133923,ATM_01111,2026-01-14 21:58:00,7508.81,1
W_00004081,C_00133930,ATM_00033,2026-01-15 04:02:00,11784.05,1
W_00004082,C_00133933,ATM_00752,2026-01-14 11:10:00,58184.14,1
W_00004083,C_00133998,ATM_00083,2026-01-15 06:06:00,12955.14,1
W_00004084,C_00134004,ATM_00697,2026-01-15 00:51:00,16089.97,1
W_00004085,C_00134101,ATM_00269,2026-01-15 06:59:00,1169.42,1
W_00004086,C_00134117,ATM_00170,2026-01-14 23:52:00,41380.64,1
W_00004087,C_00134151,ATM_00951,2026-01-15 02:13:00,8238.84,1
W_00004088,C_00134160,ATM_00382,2026-01-15 09:20:00,11729.02,1
W_00004089,C_00134165,ATM_00285,2026-01-14 14:37:00,99949.75,1
W_00004090,C_00134176,ATM_00590,2026-01-14 14:53:00,6727.42,1
W_00004091,C_00134232,ATM_01447,2026-01-14 21:42:00,16736.38,1
W_00004092,C_00134282,ATM_00676,2026-01-15 04:27:00,30670.74,1
W_00004093,C_00134297,ATM_01464,2026-01-15 08:13:00,4427.03,1
W_00004094,C_00134315,ATM_00844,2026-01-14 22:29:00,2231.58,1
W_00004095,C_00134354,ATM_00394,2026-01-14 20:56:00,15720.87,1
W_00004096,C_00134359,ATM_00806,2026-01-15 02:50:00,6401.16,1
W_00004097,C_00134374,ATM_01264,2026-01-15 19:47:00,4475.96,1
W_00004098,C_00134381,ATM_00494,2026-01-14 17:34:00,17816.18,1
W_00004099,C_00134390,ATM_00183,2026-01-14 17:58:00,3559.66,1
W_00004100,C_00134445,ATM_00494,2026-01-15 17:01:00,2721.37,1
W_00004101,C_00134479,ATM_00556,2026-01-15 08:02:00,27222.15,1
W_00004102,C_00134533,ATM_01296,2026-01-14 17:01:00,94228.62,1
W_00004103,C_00134654,ATM_01218,2026-01-15 12:38:00,12117.79,1
W_00004104,C_00134656,ATM_00146,2026-01-15 01:45:00,6939.01,1
W_00004105,C_00134666,ATM_01034,2026-01-15 02:32:00,68772.84,1
W_00004106,C_00134679,ATM_00931,2026-01-15 06:46:00,34005.99,1
W_00004107,C_00134684,ATM_00490,2026-01-15 09:16:00,8762.43,1
W_00004108,C_00134731,ATM_01264,2026-01-14 20:37:00,12440.25,1
W_00004109,C_00134771,ATM_00844,2026-01-15 03:02:00,12688.82,1
W_00004110,C_00134802,ATM_01484,2026-01-15 12:36:00,3366.33,1
W_00004111,C_00134852,ATM_00470,2026-01-14 13:52:00,4464.39,1
W_00004112,C_00134916,ATM_00910,2026-01-15 03:54:00,3235.24,1
W_00004113,C_00134930,ATM_00724,2026-01-15 17:58:00,21551.41,1
W_00004114,C_00134949,ATM_01364,2026-01-15 00:03:00,46327.78,1
W_00004115,C_00134965,ATM_00448,2026-01-14 18:34:00,16017.53,1
W_00004116,C_00135039,ATM_00558,2026-01-15 05:15:00,43097.13,1
W_00004117,C_00135060,ATM_00998,2026-01-15 12:32:00,1691.59,1
W_00004118,C_00135073,ATM_00456,2026-01-14 14:06:00,10253.89,1
W_00004119,C_00135083,ATM_00895,2026-01-14 12:50:00,6311.23,1
W_00004120,C_00135119,ATM_00512,2026-01-15 12:31:00,8130.16,1
W_00004121,C_00135140,ATM_00003,2026-01-15 09:51:00,46751.1,1
W_00004122,C_00135165,ATM_00498,2026-01-14 18:19:00,500.0,1
W_00004123,C_00135200,ATM_00703,2026-01-14 13:02:00,8134.75,1
W_00004124,C_00135225,ATM_00069,2026-01-14 10:46:00,5075.84,1
W_00004125,C_00135246,ATM_00450,2026-01-14 21:13:00,44363.8,1
W_00004126,C_00135280,ATM_01409,2026-01-14 17:37:00,17330.88,1
W_00004127,C_00135290,ATM_00865,2026-01-15 13:46:00,5590.21,1
W_00004128,C_00135297,ATM_00520,2026-01-15 02:48:00,6821.55,1
W_00004129,C_00135377,ATM_01123,2026-01-15 09:29:00,16245.92,1
W_00004130,C_00135500,ATM_00329,2026-01-14 11:59:00,11128.1,1
W_00004131,C_00135507,ATM_00121,2026-01-15 17:37:00,12537.01,1
W_00004132,C_00135541,ATM_00830,2026-01-14 13:01:00,500.0,1
W_00004133,C_00135597,ATM_01103,2026-01-14 23:24:00,9782.56,1
W_00004134,C_00135663,ATM_00521,2026-01-15 06:26:00,38087.87,1
W_00004135,C_00135667,ATM_00381,2026-01-14 21:13:00,3435.11,1
W_00004136,C_00135673,ATM_01189,2026-01-14 19:28:00,17003.2,1
W_00004137,C_00135684,ATM_00465,2026-01-15 13:13:00,18203.48,1
W_00004138,C_00135711,ATM_00651,2026-01-15 03:59:00,5382.44,1
W_00004139,C_00135763,ATM_00654,2026-01-15 03:11:00,3813.61,1
W_00004140,C_00135779,ATM_01461,2026-01-15 06:44:00,2718.05,1
W_00004141,C_00135828,ATM_01069,2026-01-15 08:27:00,168913.79,1
W_00004142,C_00135837,ATM_00118,2026-01-14 20:16:00,37774.6,1
W_00004143,C_00135847,ATM_00185,2026-01-15 02:10:00,2176.46,1
W_00004144,C_00135851,ATM_00787,2026-01-15 05:39:00,12262.53,1
W_00004145,C_00135888,ATM_01227,2026-01-15 18:29:00,2539.68,1
W_00004146,C_00135912,ATM_00429,2026-01-15 03:28:00,11325.39,1
W_00004147,C_00135919,ATM_00315,2026-01-15 03:39:00,4781.58,1
W_00004148,C_00136046,ATM_00097,2026-01-16 08:32:00,20037.33,1
W_00004149,C_00136083,ATM_00167,2026-01-15 19:36:00,13496.05,1
W_00004150,C_00136101,ATM_00918,2026-01-16 04:02:00,28062.58,1
W_00004151,C_00136104,ATM_01453,2026-01-15 15:01:00,7530.7,1
W_00004152,C_00136180,ATM_01378,2026-01-16 08:20:00,22653.17,1
W_00004153,C_00136201,ATM_00069,2026-01-16 07:36:00,1195.31,1
W_00004154,C_00136234,ATM_00699,2026-01-16 03:09:00,58877.4,1
W_00004155,C_00136241,ATM_00853,2026-01-16 09:02:00,4649.65,1
W_00004156,C_00136326,ATM_00103,2026-01-16 06:40:00,56493.27,1
W_00004157,C_00136384,ATM_01144,2026-01-16 04:49:00,3960.28,1
W_00004158,C_00136446,ATM_01218,2026-01-16 01:24:00,116215.13,1
W_00004159,C_00136468,ATM_01367,2026-01-16 08:30:00,1036.47,1
W_00004160,C_00136482,ATM_00841,2026-01-15 12:05:00,9616.4,1
W_00004161,C_00136514,ATM_01340,2026-01-16 11:15:00,19574.73,1
W_00004162,C_00136515,ATM_00249,2026-01-15 21:39:00,38306.53,1
W_00004163,C_00136645,ATM_00146,2026-01-16 00:28:00,38653.65,1
W_00004164,C_00136647,ATM_01054,2026-01-15 23:16:00,30232.29,1
W_00004165,C_00136656,ATM_00201,2026-01-15 22:34:00,1077.66,1
W_00004166,C_00136703,ATM_01106,2026-01-16 00:23:00,31085.81,1
W_00004167,C_00136715,ATM_00123,2026-01-16 03:04:00,4548.92,1
W_00004168,C_00136744,ATM_00625,2026-01-16 05:59:00,12237.92,1
W_00004169,C_00136834,ATM_01130,2026-01-16 09:39:00,26533.33,1
W_00004170,C_00136854,ATM_00151,2026-01-15 21:15:00,12409.8,1
W_00004171,C_00136881,ATM_01351,2026-01-15 20:30:00,15326.41,1
W_00004172,C_00136918,ATM_00645,2026-01-15 16:23:00,7039.86,1
W_00004173,C_00136924,ATM_00635,2026-01-16 04:52:00,4254.13,1
W_00004174,C_00136929,ATM_01049,2026-01-15 21:02:00,19480.23,1
W_00004175,C_00136960,ATM_00517,2026-01-16 05:46:00,59008.14,1
W_00004176,C_00136983,ATM_00716,2026-01-16 03:09:00,18341.68,1
W_00004177,C_00136988,ATM_00612,2026-01-16 07:39:00,19333.51,1
W_00004178,C_00137040,ATM_00565,2026-01-15 21:43:00,166150.65,1
W_00004179,C_00137058,ATM_00419,2026-01-15 22:29:00,3145.94,1
W_00004180,C_00137065,ATM_01402,2026-01-16 14:32:00,1492.48,1
W_00004181,C_00137072,ATM_01481,2026-01-16 05:44:00,10016.71,1
W_00004182,C_00137090,ATM_00907,2026-01-15 16:21:00,6414.79,1
W_00004183,C_00137137,ATM_00955,2026-01-16 00:02:00,35169.23,1
W_00004184,C_00137143,ATM_01068,2026-01-16 02:49:00,21776.69,1
W_00004185,C_00137168,ATM_01338,2026-01-16 03:01:00,3951.38,1
W_00004186,C_00137213,ATM_00091,2026-01-16 12:38:00,31753.52,1
W_00004187,C_00137254,ATM_01210,2026-01-15 23:59:00,4331.65,1
W_00004188,C_00137280,ATM_00308,2026-01-15 23:08:00,29648.24,1
W_00004189,C_00137298,ATM_00277,2026-01-15 02:21:00,9510.1,1
W_00004190,C_00137299,ATM_00353,2026-01-16 03:57:00,58987.0,1
W_00004191,C_00137340,ATM_00941,2026-01-16 06:26:00,12507.87,1
W_00004192,C_00137344,ATM_00271,2026-01-15 22:47:00,43886.9,1
W_00004193,C_00137381,ATM_00878,2026-01-16 01:32:00,34369.02,1
W_00004194,C_00137383,ATM_01013,2026-01-15 14:13:00,7368.51,1
W_00004195,C_00137406,ATM_00684,2026-01-16 14:49:00,38088.27,1
W_00004196,C_00137497,ATM_00764,2026-01-16 12:02:00,9112.11,1
W_00004197,C_00137547,ATM_01170,2026-01-16 00:46:00,90544.89,1
W_00004198,C_00137718,ATM_01246,2026-01-16 12:28:00,25802.0,1
W_00004199,C_00137719,ATM_00474,2026-01-16 00:37:00,1618.55,1
W_00004200,C_00137734,ATM_00167,2026-01-16 09:56:00,2186.6,1
W_00004201,C_00137737,ATM_00447,2026-01-16 20:06:00,6356.39,1
W_00004202,C_00137744,ATM_01318,2026-01-16 03:54:00,7718.77,1
W_00004203,C_00137795,ATM_01331,2026-01-15 23:33:00,14124.73,1
W_00004204,C_00137797,ATM_01042,2026-01-16 07:04:00,28320.83,1
W_00004205,C_00137802,ATM_01359,2026-01-16 01:10:00,8191.51,1
W_00004206,C_00137831,ATM_00700,2026-01-16 06:26:00,101942.69,1
W_00004207,C_00137899,ATM_00439,2026-01-16 00:14:00,9162.84,1
W_00004208,C_00137959,ATM_00945,2026-01-16 14:31:00,6448.99,1
W_00004209,C_00137968,ATM_00983,2026-01-16 09:22:00,4637.42,1
W_00004210,C_00137980,ATM_00730,2026-01-16 05:26:00,7800.72,1
W_00004211,C_00138085,ATM_00382,2026-01-15 19:03:00,4157.79,1
W_00004212,C_00138124,ATM_00491,2026-01-16 05:49:00,12863.0,1
W_00004213,C_00138131,ATM_00187,2026-01-15 23:03:00,8246.5,1
W_00004214,C_00138134,ATM_00094,2026-01-16 03:58:00,90501.41,1
W_00004215,C_00138163,ATM_00666,2026-01-15 16:52:00,115479.57,1
W_00004216,C_00138197,ATM_00114,2026-01-16 07:40:00,8162.99,1
W_00004217,C_00138233,ATM_00279,2026-01-15 23:45:00,11050.74,1
W_00004218,C_00138243,ATM_00067,2026-01-15 13:41:00,11750.12,1
W_00004219,C_00138269,ATM_00535,2026-01-15 21:25:00,17446.65,1
W_00004220,C_00138273,ATM_00629,2026-01-16 08:05:00,6796.54,1
W_00004221,C_00138325,ATM_01215,2026-01-15 22:30:00,19209.48,1
W_00004222,C_00138350,ATM_00669,2026-01-15 11:23:00,4044.51,1
W_00004223,C_00138370,ATM_01138,2026-01-16 11:36:00,10056.31,1
W_00004224,C_00138398,ATM_00715,2026-01-16 05:29:00,3292.72,1
W_00004225,C_00138403,ATM_01207,2026-01-16 08:51:00,500.0,1
W_00004226,C_00138446,ATM_01237,2026-01-15 19:25:00,3000.41,1
W_00004227,C_00138447,ATM_00330,2026-01-16 07:08:00,72636.74,1
W_00004228,C_00138507,ATM_00706,2026-01-16 07:46:00,8370.32,1
W_00004229,C_00138554,ATM_01293,2026-01-15 13:37:00,4755.81,1
W_00004230,C_00138567,ATM_00502,2026-01-16 09:56:00,15667.85,1
W_00004231,C_00138570,ATM_00676,2026-01-16 06:54:00,5816.05,1
W_00004232,C_00138586,ATM_01239,2026-01-15 18:58:00,5112.22,1
W_00004233,C_00138608,ATM_00873,2026-01-15 18:33:00,64848.3,1
W_00004234,C_00138620,ATM_01271,2026-01-15 23:52:00,2151.59,1
W_00004235,C_00138623,ATM_01163,2026-01-15 16:40:00,12771.72,1
W_00004236,C_00138630,ATM_01222,2026-01-16 07:17:00,6088.42,1
W_00004237,C_00138648,ATM_00936,2026-01-16 06:02:00,28936.95,1
W_00004238,C_00138659,ATM_01247,2026-01-16 08:02:00,14405.76,1
W_00004239,C_00138679,ATM_00811,2026-01-15 19:38:00,35295.11,1
W_00004240,C_00138747,ATM_00638,2026-01-15 20:53:00,2180.57,1
W_00004241,C_00138748,ATM_01080,2026-01-15 16:33:00,12290.24,1
W_00004242,C_00138767,ATM_00722,2026-01-16 02:29:00,32211.07,1
W_00004243,C_00138777,ATM_00082,2026-01-16 04:22:00,32086.15,1
W_00004244,C_00138825,ATM_00235,2026-01-16 07:43:00,9984.78,1
W_00004245,C_00138901,ATM_00896,2026-01-16 14:33:00,3183.97,1
W_00004246,C_00138925,ATM_00557,2026-01-15 11:44:00,2793.87,1
W_00004247,C_00138927,ATM_01348,2026-01-16 06:44:00,81013.3,1
W_00004248,C_00138934,ATM_01334,2026-01-16 07:38:00,18456.29,1
W_00004249,C_00138981,ATM_00328,2026-01-16 10:01:00,200000.0,1
W_00004250,C_00139052,ATM_01296,2026-01-16 06:03:00,5932.49,1
W_00004251,C_00139078,ATM_01372,2026-01-15 12:42:00,13190.02,1
W_00004252,C_00139083,ATM_01022,2026-01-15 04:01:00,5520.44,1
W_00004253,C_00139114,ATM_01019,2026-01-16 08:08:00,16840.74,1
W_00004254,C_00139178,ATM_00147,2026-01-16 07:16:00,19972.48,1
W_00004255,C_00139255,ATM_00348,2026-01-15 21:33:00,9054.4,1
W_00004256,C_00139286,ATM_00069,2026-01-15 19:23:00,6103.97,1
W_00004257,C_00139297,ATM_00568,2026-01-16 06:04:00,14158.71,1
W_00004258,C_00139312,ATM_01496,2026-01-15 19:45:00,4423.8,1
W_00004259,C_00139449,ATM_00481,2026-01-16 07:04:00,43811.49,1
W_00004260,C_00139468,ATM_00763,2026-01-15 12:15:00,3808.15,1
W_00004261,C_00139485,ATM_00141,2026-01-16 04:29:00,17073.58,1
W_00004262,C_00139505,ATM_01130,2026-01-15 23:36:00,65983.66,1
W_00004263,C_00139527,ATM_00204,2026-01-16 02:37:00,4377.31,1
W_00004264,C_00139552,ATM_00461,2026-01-16 19:47:00,8132.5,1
W_00004265,C_00139562,ATM_00399,2026-01-16 14:51:00,60592.65,1
W_00004266,C_00139568,ATM_00924,2026-01-16 08:22:00,7697.36,1
W_00004267,C_00139627,ATM_01131,2026-01-16 18:41:00,35680.32,1
W_00004268,C_00139672,ATM_01085,2026-01-16 03:27:00,3978.7,1
W_00004269,C_00139687,ATM_00117,2026-01-16 09:10:00,5059.13,1
W_00004270,C_00139692,ATM_00210,2026-01-16 02:20:00,7046.6,1
W_00004271,C_00139707,ATM_00382,2026-01-15 08:09:00,15685.02,1
W_00004272,C_00139708,ATM_00542,2026-01-16 01:48:00,6682.6,1
W_00004273,C_00139720,ATM_00363,2026-01-16 12:27:00,19049.25,1
W_00004274,C_00139740,ATM_01056,2026-01-15 16:46:00,10649.68,1
W_00004275,C_00139761,ATM_01018,2026-01-16 04:53:00,18899.82,1
W_00004276,C_00139772,ATM_00855,2026-01-16 05:38:00,18968.2,1
W_00004277,C_00139776,ATM_00053,2026-01-16 10:45:00,11334.81,1
W_00004278,C_00139780,ATM_01219,2026-01-15 21:48:00,8107.54,1
W_00004279,C_00139805,ATM_00931,2026-01-16 17:02:00,16583.36,1
W_00004280,C_00139815,ATM_01374,2026-01-16 10:42:00,22211.19,1
W_00004281,C_00139837,ATM_00179,2026-01-16 13:43:00,17280.41,1
W_00004282,C_00139857,ATM_01071,2026-01-15 19:30:00,1458.93,1
W_00004283,C_00139858,ATM_01228,2026-01-15 19:46:00,9368.6,1
W_00004284,C_00139860,ATM_01367,2026-01-16 06:45:00,12564.52,1
W_00004285,C_00139878,ATM_00247,2026-01-16 01:41:00,18300.34,1
W_00004286,C_00139904,ATM_01103,2026-01-15 23:41:00,12525.77,1
W_00004287,C_00139910,ATM_01269,2026-01-16 03:07:00,8335.9,1
W_00004288,C_00139983,ATM_00065,2026-01-16 04:27:00,3534.64,1
W_00004289,C_00140021,ATM_00646,2026-01-16 03:44:00,2545.39,1
W_00004290,C_00140060,ATM_01267,2026-01-15 21:53:00,8453.75,1
W_00004291,C_00140063,ATM_00486,2026-01-16 16:57:00,4244.6,1
W_00004292,C_00140083,ATM_01459,2026-01-15 23:09:00,5032.5,1
W_00004293,C_00140090,ATM_00938,2026-01-15 22:32:00,16535.87,1
W_00004294,C_00140093,ATM_01318,2026-01-16 01:10:00,3527.95,1
W_00004295,C_00140225,ATM_01154,2026-01-15 11:44:00,33070.35,1
W_00004296,C_00140226,ATM_00582,2026-01-16 18:26:00,2770.47,1
W_00004297,C_00140230,ATM_00773,2026-01-16 15:59:00,18886.0,1
W_00004298,C_00140308,ATM_01355,2026-01-15 23:43:00,15224.42,1
W_00004299,C_00140329,ATM_00956,2026-01-15 20:10:00,63377.78,1
W_00004300,C_00140504,ATM_01010,2026-01-15 20:41:00,44635.84,1
W_00004301,C_00140513,ATM_00183,2026-01-16 00:36:00,14328.26,1
W_00004302,C_00140518,ATM_00156,2026-01-15 18:10:00,102127.39,1
W_00004303,C_00140590,ATM_00429,2026-01-16 12:33:00,17727.31,1
W_00004304,C_00140660,ATM_00443,2026-01-16 01:56:00,9378.81,1
W_00004305,C_00140670,ATM_00803,2026-01-16 03:39:00,6312.19,1
W_00004306,C_00140700,ATM_00557,2026-01-16 06:20:00,62943.64,1
W_00004307,C_00140708,ATM_01443,2026-01-15 14:37:00,72998.09,1
W_00004308,C_00140713,ATM_00533,2026-01-15 01:19:00,17704.87,1
W_00004309,C_00140735,ATM_00499,2026-01-16 08:50:00,7289.09,1
W_00004310,C_00140743,ATM_01120,2026-01-15 15:46:00,18640.56,1
W_00004311,C_00140756,ATM_01091,2026-01-15 12:50:00,14706.74,1
W_00004312,C_00140767,ATM_00743,2026-01-15 20:08:00,3024.06,1
W_00004313,C_00140772,ATM_00208,2026-01-16 08:37:00,2167.64,1
W_00004314,C_00140793,ATM_01401,2026-01-16 06:15:00,21648.68,1
W_00004315,C_00140917,ATM_00411,2026-01-15 13:40:00,1796.62,1
W_00004316,C_00141028,ATM_00117,2026-01-15 20:10:00,29293.38,1
W_00004317,C_00141066,ATM_00759,2026-01-15 21:57:00,2970.16,1
W_00004318,C_00141085,ATM_01116,2026-01-15 19:18:00,10248.58,1
W_00004319,C_00141086,ATM_00649,2026-01-16 02:57:00,3318.96,1
W_00004320,C_00141088,ATM_00822,2026-01-16 03:23:00,6564.21,1
W_00004321,C_00141094,ATM_00862,2026-01-16 15:50:00,11263.54,1
W_00004322,C_00141108,ATM_01035,2026-01-15 15:57:00,13640.81,1
W_00004323,C_00141116,ATM_00443,2026-01-16 04:08:00,19578.0,1
W_00004324,C_00141127,ATM_01096,2026-01-15 23:02:00,18580.62,1
W_00004325,C_00141145,ATM_00733,2026-01-16 00:16:00,4063.88,1
W_00004326,C_00141165,ATM_01346,2026-01-16 07:00:00,7061.57,1
W_00004327,C_00141199,ATM_01140,2026-01-15 23:13:00,38276.22,1
W_00004328,C_00141202,ATM_01036,2026-01-16 16:02:00,19595.21,1
W_00004329,C_00141207,ATM_01281,2026-01-16 10:12:00,12347.18,1
W_00004330,C_00141286,ATM_01242,2026-01-15 23:44:00,20517.12,1
W_00004331,C_00141320,ATM_00737,2026-01-16 08:34:00,10607.43,1
W_00004332,C_00141326,ATM_00483,2026-01-16 10:51:00,5744.34,1
W_00004333,C_00141341,ATM_01461,2026-01-16 01:16:00,118624.29,1
W_00004334,C_00141344,ATM_00139,2026-01-16 15:36:00,3091.33,1
W_00004335,C_00141346,ATM_00716,2026-01-15 22:35:00,1367.03,1
W_00004336,C_00141383,ATM_01006,2026-01-15 08:34:00,40342.89,1
W_00004337,C_00141386,ATM_00219,2026-01-16 09:14:00,3407.32,1
W_00004338,C_00141411,ATM_00017,2026-01-15 17:45:00,6777.46,1
W_00004339,C_00141425,ATM_00233,2026-01-15 18:08:00,22852.28,1
W_00004340,C_00141452,ATM_00808,2026-01-16 00:49:00,17354.36,1
W_00004341,C_00141542,ATM_01016,2026-01-16 01:58:00,3271.16,1
W_00004342,C_00141560,ATM_00479,2026-01-16 13:22:00,4206.44,1
W_00004343,C_00141615,ATM_00888,2026-01-16 00:53:00,8919.37,1
W_00004344,C_00141623,ATM_00393,2026-01-15 17:09:00,8634.28,1
W_00004345,C_00141645,ATM_00641,2026-01-16 09:47:00,14035.86,1
W_00004346,C_00141655,ATM_00730,2026-01-16 00:45:00,28085.43,1
W_00004347,C_00141704,ATM_00397,2026-01-16 09:22:00,3853.7,1
W_00004348,C_00141731,ATM_01329,2026-01-16 09:56:00,13131.38,1
W_00004349,C_00141732,ATM_01021,2026-01-15 12:08:00,23318.0,1
W_00004350,C_00141742,ATM_00164,2026-01-16 04:24:00,23016.99,1
W_00004351,C_00141758,ATM_01331,2026-01-16 06:19:00,12435.13,1
W_00004352,C_00141794,ATM_01048,2026-01-15 13:45:00,3908.18,1
W_00004353,C_00141808,ATM_01131,2026-01-16 01:21:00,4940.8,1
W_00004354,C_00141821,ATM_01191,2026-01-16 15:08:00,1606.9,1
W_00004355,C_00141822,ATM_00723,2026-01-15 18:21:00,2698.16,1
W_00004356,C_00141856,ATM_01265,2026-01-16 06:50:00,2479.11,1
W_00004357,C_00141909,ATM_01481,2026-01-16 20:05:00,7518.84,1
W_00004358,C_00141912,ATM_00136,2026-01-15 23:21:00,2702.52,1
W_00004359,C_00141934,ATM_00581,2026-01-16 03:44:00,3826.97,1
W_00004360,C_00141954,ATM_01471,2026-01-16 09:16:00,6504.92,1
W_00004361,C_00141977,ATM_00916,2026-01-16 04:29:00,36086.33,1
W_00004362,C_00142008,ATM_00454,2026-01-16 05:47:00,19709.01,1
W_00004363,C_00142028,ATM_01011,2026-01-16 15:58:00,16206.55,1
W_00004364,C_00142036,ATM_00967,2026-01-16 13:10:00,12166.42,1
W_00004365,C_00142056,ATM_00503,2026-01-15 15:11:00,8251.38,1
W_00004366,C_00142105,ATM_00578,2026-01-16 09:04:00,6836.55,1
W_00004367,C_00142115,ATM_01339,2026-01-15 19:28:00,10572.2,1
W_00004368,C_00142141,ATM_00785,2026-01-16 16:09:00,2782.46,1
W_00004369,C_00142173,ATM_00963,2026-01-16 03:00:00,5375.38,1
W_00004370,C_00142189,ATM_00973,2026-01-16 00:38:00,14761.5,1
W_00004371,C_00142228,ATM_00797,2026-01-16 06:09:00,6919.68,1
W_00004372,C_00142266,ATM_01361,2026-01-16 12:42:00,45526.45,1
W_00004373,C_00142307,ATM_01227,2026-01-16 11:41:00,7522.32,1
W_00004374,C_00142439,ATM_00450,2026-01-16 15:38:00,24898.27,1
W_00004375,C_00142456,ATM_01483,2026-01-16 18:21:00,19622.63,1
W_00004376,C_00142485,ATM_00720,2026-01-16 00:17:00,1830.12,1
W_00004377,C_00142532,ATM_01031,2026-01-16 11:28:00,9413.05,1
W_00004378,C_00142550,ATM_00014,2026-01-16 17:22:00,15507.83,1
W_00004379,C_00142570,ATM_01218,2026-01-16 18:40:00,48102.15,1
W_00004380,C_00142612,ATM_00474,2026-01-16 17:21:00,3860.64,1
W_00004381,C_00142623,ATM_01412,2026-01-15 21:09:00,18292.06,1
W_00004382,C_00142703,ATM_01439,2026-01-16 02:26:00,24170.15,1
W_00004383,C_00142711,ATM_00358,2026-01-15 20:12:00,7716.76,1
W_00004384,C_00142721,ATM_00765,2026-01-16 13:49:00,22555.37,1
W_00004385,C_00142733,ATM_01354,2026-01-15 23:36:00,12722.99,1
W_00004386,C_00142775,ATM_01002,2026-01-16 04:11:00,13521.12,1
W_00004387,C_00142805,ATM_00417,2026-01-16 06:53:00,7001.72,1
W_00004388,C_00142831,ATM_00355,2026-01-15 19:23:00,4912.37,1
W_00004389,C_00142912,ATM_00605,2026-01-16 05:51:00,1378.85,1
W_00004390,C_00142953,ATM_01184,2026-01-15 04:19:00,8811.94,1
W_00004391,C_00142996,ATM_00228,2026-01-16 06:48:00,11965.89,1
W_00004392,C_00143059,ATM_00441,2026-01-15 12:30:00,114743.8,1
W_00004393,C_00143067,ATM_00181,2026-01-16 07:45:00,13433.11,1
W_00004394,C_00143185,ATM_00777,2026-01-16 19:08:00,1148.1,1
W_00004395,C_00143214,ATM_00394,2026-01-15 23:18:00,1760.97,1
W_00004396,C_00143239,ATM_00450,2026-01-16 06:07:00,11857.41,1
W_00004397,C_00143421,ATM_00924,2026-01-16 02:13:00,7352.34,1
W_00004398,C_00143429,ATM_01220,2026-01-15 16:56:00,5805.98,1
W_00004399,C_00143438,ATM_00571,2026-01-15 14:46:00,42483.89,1
W_00004400,C_00143439,ATM_00860,2026-01-16 15:54:00,86004.6,1
W_00004401,C_00143504,ATM_00644,2026-01-16 03:12:00,1756.23,1
W_00004402,C_00143569,ATM_00145,2026-01-15 23:55:00,9617.28,1
W_00004403,C_00143588,ATM_00460,2026-01-16 14:43:00,15622.07,1
W_00004404,C_00143601,ATM_01301,2026-01-15 23:35:00,16769.91,1
W_00004405,C_00143634,ATM_01219,2026-01-15 17:52:00,2922.24,1
W_00004406,C_00143650,ATM_01177,2026-01-16 10:45:00,1105.26,1
W_00004407,C_00143657,ATM_01403,2026-01-16 02:41:00,9125.15,1
W_00004408,C_00143693,ATM_01260,2026-01-15 15:23:00,18722.79,1
W_00004409,C_00143719,ATM_01185,2026-01-15 23:39:00,3322.38,1
W_00004410,C_00143751,ATM_00796,2026-01-16 02:13:00,12192.72,1
W_00004411,C_00143765,ATM_00311,2026-01-16 14:25:00,3911.25,1
W_00004412,C_00143772,ATM_00573,2026-01-15 12:44:00,5155.99,1
W_00004413,C_00143838,ATM_01498,2026-01-16 09:44:00,3941.6,1
W_00004414,C_00143845,ATM_00577,2026-01-16 08:29:00,52554.03,1
W_00004415,C_00143892,ATM_00866,2026-01-15 21:23:00,9563.19,1
W_00004416,C_00143898,ATM_00853,2026-01-16 16:26:00,3807.75,1
W_00004417,C_00143903,ATM_00769,2026-01-16 09:56:00,3689.38,1
W_00004418,C_00144044,ATM_00461,2026-01-15 16:48:00,13041.19,1
W_00004419,C_00144055,ATM_01030,2026-01-16 14:40:00,4524.17,1
W_00004420,C_00144120,ATM_01305,2026-01-16 01:52:00,5339.65,1
W_00004421,C_00144148,ATM_01038,2026-01-15 08:00:00,5374.74,1
W_00004422,C_00144178,ATM_00454,2026-01-15 15:06:00,17393.1,1
W_00004423,C_00144230,ATM_01207,2026-01-16 08:07:00,43692.38,1
W_00004424,C_00144255,ATM_00377,2026-01-16 01:34:00,9358.71,1
W_00004425,C_00144263,ATM_01234,2026-01-15 10:41:00,14890.22,1
W_00004426,C_00144268,ATM_00563,2026-01-16 03:21:00,13260.74,1
W_00004427,C_00144313,ATM_01227,2026-01-15 15:17:00,14353.64,1
W_00004428,C_00144317,ATM_01258,2026-01-16 15:43:00,26693.78,1
W_00004429,C_00144319,ATM_00098,2026-01-16 08:29:00,1405.35,1
W_00004430,C_00144415,ATM_00975,2026-01-15 23:50:00,32646.89,1
W_00004431,C_00144426,ATM_00227,2026-01-16 04:38:00,2879.49,1
W_00004432,C_00144473,ATM_00227,2026-01-15 23:44:00,200000.0,1
W_00004433,C_00144511,ATM_00143,2026-01-16 12:17:00,8119.72,1
W_00004434,C_00144522,ATM_01265,2026-01-15 17:59:00,19312.59,1
W_00004435,C_00144545,ATM_00380,2026-01-16 07:13:00,43967.59,1
W_00004436,C_00144579,ATM_00771,2026-01-15 14:52:00,43291.76,1
W_00004437,C_00144624,ATM_00318,2026-01-16 06:05:00,14806.63,1
W_00004438,C_00144674,ATM_01130,2026-01-16 13:47:00,1303.41,1
W_00004439,C_00144677,ATM_00240,2026-01-16 07:56:00,1099.75,1
W_00004440,C_00144704,ATM_00798,2026-01-16 08:03:00,1161.76,1
W_00004441,C_00144738,ATM_01456,2026-01-15 17:07:00,21744.79,1
W_00004442,C_00144741,ATM_00270,2026-01-16 04:23:00,9317.09,1
W_00004443,C_00144753,ATM_00815,2026-01-15 19:16:00,5995.87,1
W_00004444,C_00144864,ATM_00358,2026-01-16 13:57:00,9843.99,1
W_00004445,C_00144874,ATM_00844,2026-01-16 03:33:00,2618.9,1
W_00004446,C_00144918,ATM_00178,2026-01-16 13:03:00,8621.78,1
W_00004447,C_00144943,ATM_00109,2026-01-15 17:49:00,14928.97,1
W_00004448,C_00144958,ATM_01475,2026-01-16 00:18:00,2493.72,1
W_00004449,C_00145002,ATM_00568,2026-01-16 01:03:00,29858.17,1
W_00004450,C_00145009,ATM_00181,2026-01-16 02:49:00,26341.41,1
W_00004451,C_00145037,ATM_00143,2026-01-16 06:46:00,79868.7,1
W_00004452,C_00145104,ATM_00537,2026-01-15 21:47:00,4912.49,1
W_00004453,C_00145133,ATM_00880,2026-01-16 09:38:00,28646.23,1
W_00004454,C_00145191,ATM_01130,2026-01-16 11:31:00,3557.88,1
W_00004455,C_00145232,ATM_00775,2026-01-16 07:04:00,15840.7,1
W_00004456,C_00145310,ATM_00996,2026-01-15 21:10:00,12762.58,1
W_00004457,C_00145374,ATM_00562,2026-01-16 11:55:00,2456.9,1
W_00004458,C_00145381,ATM_00218,2026-01-16 01:15:00,9885.62,1
W_00004459,C_00145391,ATM_00257,2026-01-15 18:36:00,4126.36,1
W_00004460,C_00145397,ATM_00682,2026-01-16 01:55:00,2623.55,1
W_00004461,C_00145426,ATM_01338,2026-01-16 09:08:00,10006.76,1
W_00004462,C_00145441,ATM_00219,2026-01-15 22:14:00,18181.23,1
W_00004463,C_00145452,ATM_00180,2026-01-16 09:56:00,3928.15,1
W_00004464,C_00145486,ATM_01267,2026-01-16 00:53:00,7130.58,1
W_00004465,C_00145532,ATM_01135,2026-01-15 21:34:00,9345.08,1
W_00004466,C_00145617,ATM_01067,2026-01-16 11:49:00,20736.56,1
W_00004467,C_00145620,ATM_00550,2026-01-15 22:26:00,995.16,1
W_00004468,C_00145665,ATM_00882,2026-01-16 01:29:00,1238.41,1
W_00004469,C_00145666,ATM_01307,2026-01-15 19:20:00,2945.99,1
W_00004470,C_00145676,ATM_00972,2026-01-16 06:53:00,55242.92,1
W_00004471,C_00145684,ATM_00167,2026-01-16 05:02:00,17956.35,1
W_00004472,C_00145689,ATM_01380,2026-01-15 13:55:00,18056.83,1
W_00004473,C_00145702,ATM_01485,2026-01-16 05:00:00,109155.47,1
W_00004474,C_00145708,ATM_00372,2026-01-16 03:31:00,7584.53,1
W_00004475,C_00145727,ATM_00914,2026-01-15 21:34:00,2370.77,1
W_00004476,C_00145738,ATM_01296,2026-01-15 09:17:00,50305.91,1
W_00004477,C_00145748,ATM_00186,2026-01-16 07:12:00,14411.58,1
W_00004478,C_00145763,ATM_01049,2026-01-16 06:43:00,3716.3,1
W_00004479,C_00145794,ATM_01061,2026-01-15 16:25:00,23284.37,1
W_00004480,C_00145795,ATM_00448,2026-01-16 07:26:00,52028.0,1
W_00004481,C_00145818,ATM_00245,2026-01-16 07:37:00,8210.34,1
W_00004482,C_00145895,ATM_00734,2026-01-15 21:43:00,24649.99,1
W_00004483,C_00145901,ATM_00368,2026-01-15 15:59:00,15879.61,1
W_00004484,C_00145913,ATM_01233,2026-01-16 05:45:00,5563.69,1
W_00004485,C_00145940,ATM_00213,2026-01-16 15:00:00,14083.12,1
W_00004486,C_00145989,ATM_00316,2026-01-16 06:05:00,9302.17,1
W_00004487,C_00146073,ATM_01303,2026-01-17 16:28:00,15760.25,1
W_00004488,C_00146081,ATM_01436,2026-01-17 03:18:00,12959.36,1
W_00004489,C_00146094,ATM_00716,2026-01-16 11:10:00,28925.92,1
W_00004490,C_00146106,ATM_00924,2026-01-16 15:49:00,2617.45,1
W_00004491,C_00146111,ATM_01218,2026-01-17 11:05:00,124208.27,1
W_00004492,C_00146140,ATM_00285,2026-01-16 18:40:00,7511.61,1
W_00004493,C_00146154,ATM_01373,2026-01-17 04:02:00,4302.65,1
W_00004494,C_00146255,ATM_01476,2026-01-16 08:04:00,85075.94,1
W_00004495,C_00146261,ATM_00303,2026-01-17 12:40:00,1852.39,1
W_00004496,C_00146326,ATM_01442,2026-01-17 03:27:00,5406.66,1
W_00004497,C_00146330,ATM_00287,2026-01-16 19:17:00,24659.29,1
W_00004498,C_00146360,ATM_00938,2026-01-16 08:48:00,1194.89,1
W_00004499,C_00146399,ATM_00785,2026-01-17 00:58:00,4036.76,1
W_00004500,C_00146424,ATM_01359,2026-01-16 17:19:00,24608.43,1
W_00004501,C_00146545,ATM_01444,2026-01-17 05:54:00,22718.84,1
W_00004502,C_00146593,ATM_00738,2026-01-17 11:34:00,9194.26,1
W_00004503,C_00146618,ATM_00181,2026-01-17 09:23:00,25575.63,1
W_00004504,C_00146643,ATM_00998,2026-01-17 10:29:00,1769.11,1
W_00004505,C_00146665,ATM_01449,2026-01-16 13:49:00,24469.17,1
W_00004506,C_00146674,ATM_00286,2026-01-17 04:51:00,44149.25,1
W_00004507,C_00146725,ATM_01218,2026-01-17 12:17:00,70059.2,1
W_00004508,C_00146738,ATM_01298,2026-01-16 20:25:00,1861.05,1
W_00004509,C_00146740,ATM_00900,2026-01-17 04:00:00,17993.66,1
W_00004510,C_00146828,ATM_00763,2026-01-16 22:55:00,974.97,1
W_00004511,C_00146851,ATM_00899,2026-01-17 06:07:00,6008.73,1
W_00004512,C_00146896,ATM_00936,2026-01-17 00:27:00,2001.98,1
W_00004513,C_00146907,ATM_00529,2026-01-16 16:40:00,15004.37,1
W_00004514,C_00146942,ATM_01485,2026-01-17 08:58:00,13060.5,1
W_00004515,C_00146956,ATM_00923,2026-01-16 22:56:00,943.81,1
W_00004516,C_00146966,ATM_01452,2026-01-16 21:27:00,61262.68,1
W_00004517,C_00147004,ATM_00224,2026-01-17 13:39:00,11247.34,1
W_00004518,C_00147011,ATM_01186,2026-01-17 10:07:00,37253.73,1
W_00004519,C_00147036,ATM_00036,2026-01-17 08:37:00,30129.18,1
W_00004520,C_00147064,ATM_00737,2026-01-17 06:42:00,18798.18,1
W_00004521,C_00147107,ATM_00357,2026-01-17 07:11:00,8403.63,1
W_00004522,C_00147115,ATM_00331,2026-01-17 19:43:00,26179.57,1
W_00004523,C_00147253,ATM_01005,2026-01-17 05:36:00,39179.8,1
W_00004524,C_00147255,ATM_00572,2026-01-16 18:01:00,3595.18,1
W_00004525,C_00147290,ATM_00902,2026-01-17 01:15:00,13213.6,1
W_00004526,C_00147329,ATM_00043,2026-01-16 14:49:00,7712.71,1
W_00004527,C_00147364,ATM_00495,2026-01-16 16:35:00,6477.95,1
W_00004528,C_00147423,ATM_01467,2026-01-17 08:35:00,1742.01,1
W_00004529,C_00147476,ATM_00937,2026-01-16 22:49:00,19317.32,1
W_00004530,C_00147553,ATM_00381,2026-01-16 21:08:00,13907.08,1
W_00004531,C_00147641,ATM_00033,2026-01-16 16:07:00,11402.07,1
W_00004532,C_00147642,ATM_00205,2026-01-17 05:04:00,6948.73,1
W_00004533,C_00147643,ATM_01367,2026-01-16 15:37:00,36000.94,1
W_00004534,C_00147652,ATM_01199,2026-01-17 02:53:00,53214.36,1
W_00004535,C_00147698,ATM_01081,2026-01-17 04:28:00,72135.64,1
W_00004536,C_00147709,ATM_00015,2026-01-17 04:17:00,1952.38,1
W_00004537,C_00147751,ATM_00477,2026-01-17 04:36:00,9241.93,1
W_00004538,C_00147783,ATM_00061,2026-01-16 21:36:00,3952.62,1
W_00004539,C_00147790,ATM_00458,2026-01-16 16:50:00,40661.41,1
W_00004540,C_00147791,ATM_00877,2026-01-17 02:55:00,9470.18,1
W_00004541,C_00147833,ATM_00932,2026-01-16 06:12:00,1150.81,1
W_00004542,C_00147841,ATM_00264,2026-01-17 08:19:00,62520.54,1
W_00004543,C_00147846,ATM_01294,2026-01-17 08:59:00,55247.7,1
W_00004544,C_00147847,ATM_00560,2026-01-16 20:41:00,3852.88,1
W_00004545,C_00147854,ATM_01344,2026-01-17 06:18:00,900.24,1
W_00004546,C_00147904,ATM_00753,2026-01-17 06:31:00,42079.76,1
W_00004547,C_00147905,ATM_01179,2026-01-17 15:18:00,1061.01,1
W_00004548,C_00147996,ATM_00736,2026-01-16 19:47:00,19159.01,1
W_00004549,C_00148003,ATM_00687,2026-01-16 23:57:00,4358.92,1
W_00004550,C_00148033,ATM_01483,2026-01-16 21:07:00,7125.0,1
W_00004551,C_00148089,ATM_00450,2026-01-17 14:18:00,13697.63,1
W_00004552,C_00148132,ATM_00213,2026-01-16 20:59:00,11572.91,1
W_00004553,C_00148174,ATM_00706,2026-01-17 04:48:00,9269.22,1
W_00004554,C_00148187,ATM_01219,2026-01-17 06:54:00,650.66,1
W_00004555,C_00148203,ATM_00969,2026-01-16 18:19:00,11052.11,1
W_00004556,C_00148364,ATM_00108,2026-01-17 07:25:00,30798.67,1
W_00004557,C_00148376,ATM_00542,2026-01-16 19:11:00,7842.15,1
W_00004558,C_00148495,ATM_00900,2026-01-16 23:10:00,8098.54,1
W_00004559,C_00148538,ATM_00600,2026-01-16 09:15:00,13870.73,1
W_00004560,C_00148571,ATM_00060,2026-01-17 06:08:00,25303.83,1
W_00004561,C_00148602,ATM_00846,2026-01-17 02:01:00,23325.22,1
W_00004562,C_00148635,ATM_00742,2026-01-16 23:47:00,13400.4,1
W_00004563,C_00148657,ATM_01322,2026-01-17 13:31:00,13336.48,1
W_00004564,C_00148724,ATM_00232,2026-01-17 02:41:00,4230.55,1
W_00004565,C_00148774,ATM_00871,2026-01-16 22:52:00,10163.34,1
W_00004566,C_00148775,ATM_01197,2026-01-16 23:38:00,1037.69,1
W_00004567,C_00148821,ATM_00750,2026-01-17 01:58:00,40533.87,1
W_00004568,C_00148833,ATM_00042,2026-01-17 16:09:00,12513.47,1
W_00004569,C_00148859,ATM_01232,2026-01-17 06:23:00,50745.17,1
W_00004570,C_00148874,ATM_01272,2026-01-16 23:09:00,36670.95,1
W_00004571,C_00148890,ATM_00726,2026-01-16 21:02:00,39984.77,1
W_00004572,C_00148953,ATM_00821,2026-01-17 08:36:00,8020.63,1
W_00004573,C_00149015,ATM_01188,2026-01-16 13:01:00,5173.76,1
W_00004574,C_00149091,ATM_00988,2026-01-17 03:40:00,15723.45,1
W_00004575,C_00149110,ATM_00325,2026-01-16 13:48:00,2948.78,1
W_00004576,C_00149134,ATM_01457,2026-01-17 14:57:00,9741.59,1
W_00004577,C_00149160,ATM_00939,2026-01-16 14:45:00,49791.85,1
W_00004578,C_00149161,ATM_00906,2026-01-16 23:47:00,2224.35,1
W_00004579,C_00149211,ATM_00722,2026-01-17 10:17:00,4293.97,1
W_00004580,C_00149271,ATM_01201,2026-01-16 09:27:00,18721.79,1
W_00004581,C_00149291,ATM_00270,2026-01-17 12:29:00,9841.28,1
W_00004582,C_00149355,ATM_00549,2026-01-16 22:48:00,2285.41,1
W_00004583,C_00149417,ATM_01225,2026-01-16 20:23:00,7364.0,1
W_00004584,C_00149497,ATM_00484,2026-01-17 14:18:00,3141.16,1
W_00004585,C_00149499,ATM_00465,2026-01-17 00:18:00,1394.58,1
W_00004586,C_00149506,ATM_00699,2026-01-17 07:57:00,10882.27,1
W_00004587,C_00149647,ATM_00452,2026-01-16 15:40:00,8193.88,1
W_00004588,C_00149698,ATM_00684,2026-01-17 14:08:00,170330.49,1
W_00004589,C_00149762,ATM_00593,2026-01-17 18:13:00,17734.88,1
W_00004590,C_00149767,ATM_00993,2026-01-16 20:22:00,1698.8,1
W_00004591,C_00149866,ATM_01086,2026-01-16 21:11:00,5784.34,1
W_00004592,C_00149892,ATM_01282,2026-01-17 05:01:00,39632.73,1
W_00004593,C_00149895,ATM_00362,2026-01-17 14:26:00,20043.23,1
W_00004594,C_00149919,ATM_00361,2026-01-16 22:24:00,8921.24,1
W_00004595,C_00149975,ATM_00240,2026-01-17 14:42:00,27099.63,1
W_00004596,C_00150009,ATM_00962,2026-01-17 08:57:00,19603.94,1
W_00004597,C_00150048,ATM_01023,2026-01-17 08:00:00,9026.86,1
W_00004598,C_00150167,ATM_00551,2026-01-17 00:31:00,1408.27,1
W_00004599,C_00150226,ATM_00609,2026-01-16 12:40:00,40450.38,1
W_00004600,C_00150241,ATM_00069,2026-01-17 10:56:00,8093.58,1
W_00004601,C_00150248,ATM_01005,2026-01-17 02:22:00,3137.04,1
W_00004602,C_00150270,ATM_01014,2026-01-17 04:57:00,6999.8,1
W_00004603,C_00150298,ATM_00273,2026-01-17 11:46:00,34357.01,1
W_00004604,C_00150300,ATM_00586,2026-01-16 23:11:00,28729.1,1
W_00004605,C_00150331,ATM_01001,2026-01-16 22:07:00,3698.46,1
W_00004606,C_00150347,ATM_00598,2026-01-17 07:24:00,7819.28,1
W_00004607,C_00150386,ATM_00948,2026-01-17 10:05:00,12990.56,1
W_00004608,C_00150393,ATM_00169,2026-01-16 15:23:00,12271.18,1
W_00004609,C_00150414,ATM_00603,2026-01-16 19:29:00,19619.93,1
W_00004610,C_00150497,ATM_00873,2026-01-17 03:53:00,6747.86,1
W_00004611,C_00150516,ATM_01296,2026-01-17 10:30:00,23663.72,1
W_00004612,C_00150523,ATM_01386,2026-01-16 14:19:00,14215.9,1
W_00004613,C_00150537,ATM_01500,2026-01-17 06:21:00,18692.06,1
W_00004614,C_00150610,ATM_00090,2026-01-16 19:43:00,9586.34,1
W_00004615,C_00150782,ATM_01241,2026-01-17 02:40:00,10232.95,1
W_00004616,C_00150785,ATM_01261,2026-01-16 16:10:00,1006.31,1
W_00004617,C_00150829,ATM_01495,2026-01-17 06:30:00,39211.01,1
W_00004618,C_00150860,ATM_01028,2026-01-17 02:36:00,4031.39,1
W_00004619,C_00150863,ATM_01030,2026-01-17 10:37:00,4208.39,1
W_00004620,C_00150867,ATM_00287,2026-01-17 07:02:00,39155.81,1
W_00004621,C_00150883,ATM_00252,2026-01-17 07:45:00,14597.32,1
W_00004622,C_00150909,ATM_01103,2026-01-17 04:53:00,2568.02,1
W_00004623,C_00150949,ATM_01243,2026-01-16 13:59:00,10543.74,1
W_00004624,C_00150952,ATM_01230,2026-01-17 05:44:00,10476.24,1
W_00004625,C_00150955,ATM_01180,2026-01-17 00:28:00,43734.43,1
W_00004626,C_00150956,ATM_00322,2026-01-17 07:00:00,25460.07,1
W_00004627,C_00151052,ATM_01146,2026-01-17 03:10:00,701.77,1
W_00004628,C_00151054,ATM_00383,2026-01-16 20:30:00,33622.78,1
W_00004629,C_00151056,ATM_01351,2026-01-17 07:57:00,24573.9,1
W_00004630,C_00151099,ATM_01417,2026-01-17 13:59:00,8966.43,1
W_00004631,C_00151163,ATM_01109,2026-01-17 07:34:00,5055.03,1
W_00004632,C_00151174,ATM_00697,2026-01-16 20:18:00,38642.0,1
W_00004633,C_00151188,ATM_00063,2026-01-17 12:12:00,8450.16,1
W_00004634,C_00151198,ATM_00053,2026-01-16 23:17:00,4937.46,1
W_00004635,C_00151212,ATM_00744,2026-01-17 04:41:00,27128.79,1
W_00004636,C_00151214,ATM_00688,2026-01-16 18:06:00,2926.34,1
W_00004637,C_00151256,ATM_00811,2026-01-17 10:56:00,5487.25,1
W_00004638,C_00151262,ATM_00719,2026-01-17 06:41:00,24568.18,1
W_00004639,C_00151270,ATM_00946,2026-01-17 00:39:00,15099.23,1
W_00004640,C_00151405,ATM_01416,2026-01-16 20:44:00,62314.92,1
W_00004641,C_00151408,ATM_00508,2026-01-17 06:31:00,17333.02,1
W_00004642,C_00151450,ATM_00247,2026-01-17 11:36:00,19439.05,1
W_00004643,C_00151487,ATM_00695,2026-01-17 05:10:00,7566.46,1
W_00004644,C_00151496,ATM_01163,2026-01-17 03:21:00,3355.1,1
W_00004645,C_00151505,ATM_00398,2026-01-16 22:12:00,8811.98,1
W_00004646,C_00151539,ATM_00722,2026-01-17 02:27:00,22519.53,1
W_00004647,C_00151543,ATM_01306,2026-01-17 06:07:00,10207.63,1
W_00004648,C_00151551,ATM_01086,2026-01-17 12:51:00,35631.69,1
W_00004649,C_00151560,ATM_00138,2026-01-16 11:53:00,9615.5,1
W_00004650,C_00151594,ATM_01412,2026-01-16 21:57:00,5739.44,1
W_00004651,C_00151624,ATM_01355,2026-01-17 00:21:00,7195.09,1
W_00004652,C_00151652,ATM_00362,2026-01-16 19:07:00,892.49,1
W_00004653,C_00151655,ATM_00815,2026-01-17 16:30:00,61679.82,1
W_00004654,C_00151660,ATM_00886,2026-01-17 08:44:00,21841.57,1
W_00004655,C_00151774,ATM_00610,2026-01-16 10:25:00,3972.54,1
W_00004656,C_00151864,ATM_00693,2026-01-17 02:37:00,777.29,1
W_00004657,C_00151925,ATM_00506,2026-01-17 03:09:00,6587.95,1
W_00004658,C_00151960,ATM_01107,2026-01-17 05:26:00,3078.54,1
W_00004659,C_00151961,ATM_00627,2026-01-16 21:22:00,143475.11,1
W_00004660,C_00151970,ATM_00941,2026-01-16 16:26:00,6747.11,1
W_00004661,C_00151972,ATM_00595,2026-01-17 04:39:00,2088.0,1
W_00004662,C_00152032,ATM_01320,2026-01-17 06:04:00,11729.18,1
W_00004663,C_00152033,ATM_00973,2026-01-17 07:20:00,8352.0,1
W_00004664,C_00152040,ATM_00960,2026-01-16 21:54:00,11150.32,1
W_00004665,C_00152050,ATM_01357,2026-01-17 15:23:00,7441.02,1
W_00004666,C_00152130,ATM_00663,2026-01-17 03:51:00,974.44,1
W_00004667,C_00152135,ATM_00135,2026-01-17 00:38:00,3779.5,1
W_00004668,C_00152169,ATM_00129,2026-01-17 06:42:00,27591.36,1
W_00004669,C_00152216,ATM_01000,2026-01-17 20:55:00,1129.48,1
W_00004670,C_00152220,ATM_01235,2026-01-16 21:49:00,9159.88,1
W_00004671,C_00152267,ATM_00053,2026-01-17 06:00:00,4398.61,1
W_00004672,C_00152320,ATM_00276,2026-01-17 02:47:00,13294.31,1
W_00004673,C_00152384,ATM_01170,2026-01-17 14:38:00,2133.98,1
W_00004674,C_00152394,ATM_00586,2026-01-16 12:00:00,14620.09,1
W_00004675,C_00152397,ATM_01106,2026-01-17 13:30:00,101984.2,1
W_00004676,C_00152401,ATM_01497,2026-01-16 17:05:00,29589.47,1
W_00004677,C_00152402,ATM_00252,2026-01-16 09:37:00,4235.33,1
W_00004678,C_00152403,ATM_00483,2026-01-17 05:14:00,13980.03,1
W_00004679,C_00152453,ATM_00461,2026-01-17 07:32:00,9321.71,1
W_00004680,C_00152465,ATM_00235,2026-01-17 05:23:00,500.0,1
W_00004681,C_00152467,ATM_00878,2026-01-17 06:54:00,24531.72,1
W_00004682,C_00152473,ATM_00092,2026-01-17 07:59:00,6235.68,1
W_00004683,C_00152487,ATM_00063,2026-01-17 03:22:00,9770.92,1
W_00004684,C_00152489,ATM_01325,2026-01-16 19:31:00,9931.45,1
W_00004685,C_00152604,ATM_00889,2026-01-17 08:46:00,3551.27,1
W_00004686,C_00152612,ATM_00614,2026-01-17 08:45:00,9478.14,1
W_00004687,C_00152714,ATM_00392,2026-01-17 09:18:00,23636.91,1
W_00004688,C_00152715,ATM_01389,2026-01-17 06:06:00,4158.07,1
W_00004689,C_00152717,ATM_01244,2026-01-17 17:52:00,3666.36,1
W_00004690,C_00152768,ATM_00269,2026-01-16 23:26:00,1684.0,1
W_00004691,C_00152778,ATM_00332,2026-01-16 14:15:00,1033.77,1
W_00004692,C_00152816,ATM_01230,2026-01-17 08:57:00,16747.35,1
W_00004693,C_00152819,ATM_00182,2026-01-16 21:22:00,6797.59,1
W_00004694,C_00152892,ATM_01200,2026-01-16 23:45:00,17537.91,1
W_00004695,C_00152899,ATM_00960,2026-01-17 05:59:00,7853.73,1
W_00004696,C_00152904,ATM_00874,2026-01-17 04:12:00,19685.12,1
W_00004697,C_00152976,ATM_00498,2026-01-16 19:18:00,3810.88,1
W_00004698,C_00152986,ATM_00830,2026-01-17 02:41:00,71192.87,1
W_00004699,C_00153000,ATM_00929,2026-01-16 23:23:00,9906.93,1
W_00004700,C_00153070,ATM_00612,2026-01-16 22:03:00,36720.26,1
W_00004701,C_00153073,ATM_00277,2026-01-16 20:24:00,2406.55,1
W_00004702,C_00153098,ATM_00225,2026-01-17 05:37:00,4141.54,1
W_00004703,C_00153101,ATM_01146,2026-01-16 17:15:00,4528.4,1
W_00004704,C_00153106,ATM_00190,2026-01-17 05:27:00,2335.65,1
W_00004705,C_00153117,ATM_01185,2026-01-17 01:37:00,15591.72,1
W_00004706,C_00153156,ATM_01456,2026-01-16 22:37:00,83229.56,1
W_00004707,C_00153161,ATM_00722,2026-01-17 11:57:00,32176.1,1
W_00004708,C_00153163,ATM_00684,2026-01-17 03:32:00,35960.63,1
W_00004709,C_00153184,ATM_00742,2026-01-16 18:00:00,6164.72,1
W_00004710,C_00153248,ATM_00638,2026-01-17 00:22:00,53396.89,1
W_00004711,C_00153277,ATM_01071,2026-01-17 01:54:00,6992.85,1
W_00004712,C_00153328,ATM_01105,2026-01-17 06:36:00,17461.67,1
W_00004713,C_00153368,ATM_00661,2026-01-16 13:41:00,500.0,1
W_00004714,C_00153443,ATM_01499,2026-01-17 03:06:00,8078.34,1
W_00004715,C_00153574,ATM_00499,2026-01-17 14:43:00,130424.59,1
W_00004716,C_00153577,ATM_00494,2026-01-17 11:24:00,39539.38,1
W_00004717,C_00153599,ATM_00281,2026-01-17 10:24:00,2434.67,1
W_00004718,C_00153715,ATM_01409,2026-01-16 23:56:00,8109.82,1
W_00004719,C_00153788,ATM_00491,2026-01-17 01:33:00,17369.29,1
W_00004720,C_00153813,ATM_00988,2026-01-16 13:46:00,8962.41,1
W_00004721,C_00153882,ATM_01468,2026-01-17 14:53:00,10611.5,1
W_00004722,C_00153898,ATM_00293,2026-01-17 13:49:00,32013.84,1
W_00004723,C_00153911,ATM_01323,2026-01-16 12:07:00,1009.02,1
W_00004724,C_00153955,ATM_00567,2026-01-17 02:51:00,29627.25,1
W_00004725,C_00153974,ATM_00822,2026-01-17 07:05:00,27455.86,1
W_00004726,C_00153981,ATM_00489,2026-01-17 00:14:00,62505.09,1
W_00004727,C_00153997,ATM_00598,2026-01-16 18:39:00,20924.9,1
W_00004728,C_00154008,ATM_00904,2026-01-17 02:54:00,30961.13,1
W_00004729,C_00154027,ATM_00737,2026-01-17 03:35:00,1857.9,1
W_00004730,C_00154043,ATM_01111,2026-01-17 01:58:00,6099.58,1
W_00004731,C_00154081,ATM_00376,2026-01-16 20:24:00,17401.09,1
W_00004732,C_00154085,ATM_00686,2026-01-17 09:21:00,6338.66,1
W_00004733,C_00154167,ATM_00156,2026-01-16 22:55:00,5022.58,1
W_00004734,C_00154182,ATM_00987,2026-01-17 03:14:00,69407.06,1
W_00004735,C_00154274,ATM_01210,2026-01-16 09:54:00,1933.68,1
W_00004736,C_00154299,ATM_00809,2026-01-16 22:23:00,12708.63,1
W_00004737,C_00154314,ATM_01028,2026-01-16 22:31:00,6514.37,1
W_00004738,C_00154332,ATM_00407,2026-01-17 16:32:00,153425.34,1
W_00004739,C_00154334,ATM_01157,2026-01-16 11:11:00,14808.92,1
W_00004740,C_00154350,ATM_01122,2026-01-17 14:58:00,62675.04,1
W_00004741,C_00154371,ATM_00198,2026-01-16 22:53:00,12122.34,1
W_00004742,C_00154420,ATM_01112,2026-01-17 09:11:00,4705.64,1
W_00004743,C_00154429,ATM_01074,2026-01-16 13:03:00,1323.99,1
W_00004744,C_00154485,ATM_00794,2026-01-16 23:27:00,16066.39,1
W_00004745,C_00154493,ATM_01042,2026-01-16 17:41:00,11023.96,1
W_00004746,C_00154501,ATM_00694,2026-01-17 01:48:00,10787.98,1
W_00004747,C_00154519,ATM_01306,2026-01-17 09:53:00,6271.14,1
W_00004748,C_00154657,ATM_00189,2026-01-17 11:32:00,10437.36,1
W_00004749,C_00154735,ATM_01479,2026-01-17 02:54:00,1705.83,1
W_00004750,C_00154789,ATM_00105,2026-01-17 14:51:00,12508.83,1
W_00004751,C_00154863,ATM_01372,2026-01-17 06:04:00,129106.98,1
W_00004752,C_00154888,ATM_00201,2026-01-17 14:19:00,45179.72,1
W_00004753,C_00154937,ATM_00491,2026-01-17 07:42:00,16799.63,1
W_00004754,C_00154942,ATM_00735,2026-01-17 04:24:00,22299.39,1
W_00004755,C_00154951,ATM_00406,2026-01-16 22:32:00,10881.35,1
W_00004756,C_00154952,ATM_01145,2026-01-17 05:24:00,5381.3,1
W_00004757,C_00154967,ATM_01420,2026-01-17 09:14:00,4310.32,1
W_00004758,C_00155043,ATM_00498,2026-01-16 03:54:00,43966.59,1
W_00004759,C_00155055,ATM_01461,2026-01-17 04:47:00,10724.02,1
W_00004760,C_00155097,ATM_01299,2026-01-17 03:58:00,13378.64,1
W_00004761,C_00155153,ATM_00913,2026-01-17 06:38:00,2263.97,1
W_00004762,C_00155159,ATM_00305,2026-01-16 08:35:00,16345.1,1
W_00004763,C_00155176,ATM_00466,2026-01-17 12:07:00,10843.09,1
W_00004764,C_00155181,ATM_00122,2026-01-17 01:50:00,7013.48,1
W_00004765,C_00155212,ATM_01487,2026-01-16 18:47:00,19453.89,1
W_00004766,C_00155258,ATM_00348,2026-01-16 18:37:00,5602.46,1
W_00004767,C_00155271,ATM_00541,2026-01-16 16:43:00,23290.71,1
W_00004768,C_00155303,ATM_00646,2026-01-16 19:11:00,11218.72,1
W_00004769,C_00155306,ATM_00100,2026-01-17 03:40:00,80726.32,1
W_00004770,C_00155391,ATM_01101,2026-01-16 14:37:00,1939.68,1
W_00004771,C_00155396,ATM_00289,2026-01-17 03:48:00,5924.91,1
W_00004772,C_00155454,ATM_00817,2026-01-17 15:15:00,8100.66,1
W_00004773,C_00155492,ATM_01098,2026-01-17 12:16:00,3293.94,1
W_00004774,C_00155494,ATM_01250,2026-01-16 16:39:00,6759.73,1
W_00004775,C_00155551,ATM_00959,2026-01-16 23:22:00,8893.68,1
W_00004776,C_00155562,ATM_00691,2026-01-17 05:42:00,8501.59,1
W_00004777,C_00155567,ATM_00177,2026-01-17 14:12:00,11011.77,1
W_00004778,C_00155571,ATM_00340,2026-01-17 02:16:00,23125.45,1
W_00004779,C_00155585,ATM_00856,2026-01-16 19:43:00,25601.67,1
W_00004780,C_00155587,ATM_01010,2026-01-17 00:43:00,5549.63,1
W_00004781,C_00155593,ATM_01309,2026-01-16 23:52:00,27261.51,1
W_00004782,C_00155633,ATM_01100,2026-01-17 00:03:00,15535.98,1
W_00004783,C_00155698,ATM_00920,2026-01-17 18:05:00,7211.81,1
W_00004784,C_00155707,ATM_00814,2026-01-17 09:26:00,13079.94,1
W_00004785,C_00155719,ATM_00227,2026-01-17 13:21:00,32685.36,1
W_00004786,C_00155910,ATM_00457,2026-01-16 21:59:00,65831.32,1
W_00004787,C_00155934,ATM_01380,2026-01-16 22:46:00,2236.11,1
W_00004788,C_00155950,ATM_00856,2026-01-16 17:01:00,3562.32,1
W_00004789,C_00155969,ATM_01109,2026-01-17 01:50:00,12948.06,1
W_00004790,C_00155971,ATM_00021,2026-01-17 09:19:00,1322.57,1
W_00004791,C_00156033,ATM_01395,2026-01-17 21:00:00,6674.8,1
W_00004792,C_00156047,ATM_01361,2026-01-17 18:09:00,3009.67,1
W_00004793,C_00156099,ATM_00043,2026-01-17 15:18:00,12207.09,1
W_00004794,C_00156194,ATM_01088,2026-01-18 14:03:00,10341.63,1
W_00004795,C_00156284,ATM_00875,2026-01-18 14:41:00,3073.08,1
W_00004796,C_00156316,ATM_00736,2026-01-18 08:14:00,11659.12,1
W_00004797,C_00156343,ATM_01254,2026-01-17 15:57:00,1965.11,1
W_00004798,C_00156346,ATM_01246,2026-01-18 18:01:00,1746.56,1
W_00004799,C_00156365,ATM_00490,2026-01-17 17:33:00,11467.49,1
W_00004800,C_00156372,ATM_00595,2026-01-17 19:41:00,6087.7,1
W_00004801,C_00156437,ATM_00433,2026-01-18 07:39:00,30218.14,1
W_00004802,C_00156487,ATM_00965,2026-01-18 06:59:00,40552.44,1
W_00004803,C_00156515,ATM_00141,2026-01-17 16:13:00,15369.08,1
W_00004804,C_00156524,ATM_00542,2026-01-18 10:18:00,13428.1,1
W_00004805,C_00156530,ATM_00014,2026-01-17 23:18:00,61568.24,1
W_00004806,C_00156541,ATM_00881,2026-01-17 20:49:00,4689.74,1
W_00004807,C_00156588,ATM_00750,2026-01-17 20:44:00,15375.92,1
W_00004808,C_00156591,ATM_00880,2026-01-18 00:45:00,10897.1,1
W_00004809,C_00156649,ATM_01397,2026-01-18 00:02:00,4756.71,1
W_00004810,C_00156653,ATM_01051,2026-01-18 03:00:00,37388.28,1
W_00004811,C_00156668,ATM_00010,2026-01-17 20:49:00,14577.61,1
W_00004812,C_00156689,ATM_00621,2026-01-17 18:58:00,49171.74,1
W_00004813,C_00156789,ATM_00994,2026-01-18 18:49:00,3151.94,1
W_00004814,C_00156885,ATM_00662,2026-01-18 06:36:00,3583.3,1
W_00004815,C_00156894,ATM_01161,2026-01-18 14:44:00,4918.23,1
W_00004816,C_00156895,ATM_00164,2026-01-18 00:03:00,13650.34,1
W_00004817,C_00156951,ATM_01243,2026-01-18 02:18:00,16737.55,1
W_00004818,C_00156963,ATM_01309,2026-01-18 08:44:00,2716.15,1
W_00004819,C_00156983,ATM_00015,2026-01-18 00:18:00,15990.96,1
W_00004820,C_00157001,ATM_00635,2026-01-17 14:36:00,12165.72,1
W_00004821,C_00157006,ATM_00015,2026-01-17 23:54:00,35282.83,1
W_00004822,C_00157018,ATM_00381,2026-01-17 12:54:00,6519.88,1
W_00004823,C_00157102,ATM_01336,2026-01-17 17:11:00,5258.36,1
W_00004824,C_00157119,ATM_01461,2026-01-17 16:10:00,14951.54,1
W_00004825,C_00157149,ATM_01336,2026-01-18 02:54:00,9279.76,1
W_00004826,C_00157154,ATM_00618,2026-01-17 21:54:00,2917.24,1
W_00004827,C_00157165,ATM_01013,2026-01-17 18:57:00,1729.98,1
W_00004828,C_00157272,ATM_00499,2026-01-18 18:18:00,10602.74,1
W_00004829,C_00157319,ATM_01267,2026-01-17 20:45:00,11913.25,1
W_00004830,C_00157321,ATM_00143,2026-01-18 09:23:00,21366.77,1
W_00004831,C_00157451,ATM_00904,2026-01-18 08:43:00,67231.69,1
W_00004832,C_00157490,ATM_00566,2026-01-17 03:32:00,3654.61,1
W_00004833,C_00157506,ATM_01059,2026-01-18 09:53:00,14625.71,1
W_00004834,C_00157525,ATM_00937,2026-01-17 10:03:00,3696.76,1
W_00004835,C_00157528,ATM_00578,2026-01-18 04:42:00,7343.91,1
W_00004836,C_00157537,ATM_01166,2026-01-18 13:16:00,17155.3,1
W_00004837,C_00157604,ATM_00758,2026-01-17 22:34:00,37734.22,1
W_00004838,C_00157640,ATM_00352,2026-01-18 01:05:00,6667.79,1
W_00004839,C_00157642,ATM_00711,2026-01-18 04:23:00,3151.25,1
W_00004840,C_00157686,ATM_01396,2026-01-18 03:52:00,38195.94,1
W_00004841,C_00157699,ATM_01263,2026-01-18 11:13:00,76465.67,1
W_00004842,C_00157707,ATM_01483,2026-01-17 11:28:00,2175.14,1
W_00004843,C_00157713,ATM_00687,2026-01-18 11:02:00,14965.01,1
W_00004844,C_00157785,ATM_00005,2026-01-18 09:23:00,4309.87,1
W_00004845,C_00157834,ATM_00083,2026-01-17 18:47:00,3900.96,1
W_00004846,C_00157859,ATM_01413,2026-01-17 16:29:00,3553.56,1
W_00004847,C_00157885,ATM_00041,2026-01-17 16:43:00,7667.89,1
W_00004848,C_00157922,ATM_00238,2026-01-17 17:13:00,21237.68,1
W_00004849,C_00158160,ATM_01096,2026-01-18 04:19:00,5851.38,1
W_00004850,C_00158166,ATM_00181,2026-01-18 04:30:00,86046.73,1
W_00004851,C_00158170,ATM_00877,2026-01-18 07:02:00,2635.99,1
W_00004852,C_00158176,ATM_00582,2026-01-18 12:23:00,4167.3,1
W_00004853,C_00158184,ATM_01217,2026-01-18 10:46:00,11607.98,1
W_00004854,C_00158209,ATM_00664,2026-01-17 20:31:00,1067.75,1
W_00004855,C_00158245,ATM_01205,2026-01-18 15:06:00,6795.17,1
W_00004856,C_00158275,ATM_01028,2026-01-18 05:49:00,12472.59,1
W_00004857,C_00158289,ATM_00397,2026-01-17 16:15:00,33488.42,1
W_00004858,C_00158294,ATM_00848,2026-01-18 01:16:00,1948.15,1
W_00004859,C_00158305,ATM_01377,2026-01-17 17:05:00,6726.13,1
W_00004860,C_00158314,ATM_01458,2026-01-18 08:58:00,17503.19,1
W_00004861,C_00158370,ATM_00453,2026-01-18 09:12:00,20907.24,1
W_00004862,C_00158383,ATM_00212,2026-01-18 15:50:00,18177.1,1
W_00004863,C_00158395,ATM_00957,2026-01-18 05:51:00,9680.11,1
W_00004864,C_00158403,ATM_00451,2026-01-18 03:57:00,8516.25,1
W_00004865,C_00158514,ATM_00270,2026-01-18 07:05:00,9229.1,1
W_00004866,C_00158563,ATM_01264,2026-01-18 15:31:00,37532.08,1
W_00004867,C_00158571,ATM_01397,2026-01-18 07:02:00,22156.19,1
W_00004868,C_00158622,ATM_00484,2026-01-17 12:37:00,5384.7,1
W_00004869,C_00158642,ATM_00249,2026-01-17 12:55:00,14498.8,1
W_00004870,C_00158656,ATM_01325,2026-01-17 12:12:00,4497.38,1
W_00004871,C_00158663,ATM_00828,2026-01-17 15:23:00,6909.37,1
W_00004872,C_00158737,ATM_00299,2026-01-17 22:57:00,75894.08,1
W_00004873,C_00158761,ATM_00382,2026-01-17 23:50:00,9428.43,1
W_00004874,C_00158778,ATM_00247,2026-01-17 21:00:00,7724.75,1
W_00004875,C_00158827,ATM_00514,2026-01-17 22:19:00,33276.81,1
W_00004876,C_00158869,ATM_01320,2026-01-18 03:42:00,4188.01,1
W_00004877,C_00158887,ATM_01481,2026-01-18 01:17:00,37675.09,1
W_00004878,C_00158928,ATM_00889,2026-01-17 14:47:00,7399.36,1
W_00004879,C_00158951,ATM_01450,2026-01-17 20:04:00,4642.13,1
W_00004880,C_00158987,ATM_00157,2026-01-17 20:01:00,75412.0,1
W_00004881,C_00159008,ATM_00198,2026-01-18 01:40:00,7129.42,1
W_00004882,C_00159023,ATM_00131,2026-01-18 13:57:00,14645.28,1
W_00004883,C_00159026,ATM_00146,2026-01-18 10:49:00,9065.87,1
W_00004884,C_00159032,ATM_00645,2026-01-17 18:54:00,4631.91,1
W_00004885,C_00159046,ATM_00799,2026-01-18 14:32:00,10491.69,1
W_00004886,C_00159051,ATM_00274,2026-01-17 20:53:00,13611.37,1
W_00004887,C_00159072,ATM_01066,2026-01-18 04:46:00,500.0,1
W_00004888,C_00159158,ATM_00034,2026-01-18 06:18:00,5462.46,1
W_00004889,C_00159245,ATM_00641,2026-01-18 04:00:00,78589.13,1
W_00004890,C_00159273,ATM_00474,2026-01-17 15:29:00,7935.03,1
W_00004891,C_00159280,ATM_00127,2026-01-17 22:15:00,38836.38,1
W_00004892,C_00159358,ATM_00801,2026-01-18 14:17:00,11038.83,1
W_00004893,C_00159379,ATM_01007,2026-01-17 21:02:00,24541.19,1
W_00004894,C_00159381,ATM_00948,2026-01-17 15:11:00,5945.15,1
W_00004895,C_00159402,ATM_01241,2026-01-18 12:07:00,1728.44,1
W_00004896,C_00159434,ATM_00657,2026-01-17 20:27:00,26215.08,1
W_00004897,C_00159443,ATM_00779,2026-01-17 13:10:00,6427.99,1
W_00004898,C_00159482,ATM_01104,2026-01-17 22:30:00,5062.49,1
W_00004899,C_00159493,ATM_00220,2026-01-18 18:35:00,1966.94,1
W_00004900,C_00159498,ATM_01152,2026-01-17 19:25:00,10678.22,1
W_00004901,C_00159599,ATM_00814,2026-01-18 00:44:00,7845.42,1
W_00004902,C_00159609,ATM_00851,2026-01-18 10:17:00,58126.93,1
W_00004903,C_00159690,ATM_01189,2026-01-17 19:52:00,42985.9,1
W_00004904,C_00159712,ATM_00140,2026-01-18 07:22:00,500.0,1
W_00004905,C_00159722,ATM_00545,2026-01-18 04:06:00,1109.59,1
W_00004906,C_00159771,ATM_01331,2026-01-18 00:55:00,54548.09,1
W_00004907,C_00159796,ATM_00415,2026-01-18 01:04:00,44968.56,1
W_00004908,C_00159809,ATM_00132,2026-01-17 23:04:00,93170.41,1
W_00004909,C_00159915,ATM_00635,2026-01-18 03:27:00,11521.35,1
W_00004910,C_00159935,ATM_01116,2026-01-18 03:27:00,5263.57,1
W_00004911,C_00159961,ATM_01290,2026-01-17 23:30:00,2213.39,1
W_00004912,C_00160006,ATM_00364,2026-01-18 03:33:00,20095.26,1
W_00004913,C_00160160,ATM_00227,2026-01-17 17:13:00,12722.5,1
W_00004914,C_00160194,ATM_00315,2026-01-17 10:21:00,6638.65,1
W_00004915,C_00160226,ATM_01341,2026-01-18 03:48:00,13961.95,1
W_00004916,C_00160252,ATM_00221,2026-01-17 17:00:00,6032.5,1
W_00004917,C_00160320,ATM_00900,2026-01-18 09:56:00,37523.29,1
W_00004918,C_00160332,ATM_00690,2026-01-18 07:55:00,38478.31,1
W_00004919,C_00160351,ATM_01121,2026-01-17 17:57:00,27404.55,1
W_00004920,C_00160357,ATM_00025,2026-01-17 12:14:00,2293.95,1
W_00004921,C_00160376,ATM_00059,2026-01-18 07:34:00,2920.06,1
W_00004922,C_00160378,ATM_00656,2026-01-17 21:13:00,3030.31,1
W_00004923,C_00160414,ATM_00399,2026-01-17 17:48:00,14935.74,1
W_00004924,C_00160436,ATM_01002,2026-01-18 09:58:00,694.69,1
W_00004925,C_00160441,ATM_00829,2026-01-18 09:16:00,7259.49,1
W_00004926,C_00160654,ATM_00232,2026-01-17 13:59:00,19788.77,1
W_00004927,C_00160700,ATM_01379,2026-01-18 02:27:00,17824.46,1
W_00004928,C_00160728,ATM_01108,2026-01-17 22:42:00,5754.7,1
W_00004929,C_00160739,ATM_00841,2026-01-18 07:21:00,34492.68,1
W_00004930,C_00160810,ATM_00335,2026-01-17 23:11:00,18936.02,1
W_00004931,C_00160845,ATM_00868,2026-01-18 17:13:00,8696.95,1
W_00004932,C_00160863,ATM_01014,2026-01-17 16:07:00,3553.45,1
W_00004933,C_00160870,ATM_01075,2026-01-17 12:20:00,9296.35,1
W_00004934,C_00161112,ATM_00755,2026-01-17 09:34:00,2276.55,1
W_00004935,C_00161147,ATM_00698,2026-01-18 14:00:00,26309.23,1
W_00004936,C_00161182,ATM_00525,2026-01-18 01:30:00,133295.23,1
W_00004937,C_00161194,ATM_00246,2026-01-18 18:47:00,61960.57,1
W_00004938,C_00161208,ATM_01424,2026-01-17 15:56:00,8542.88,1
W_00004939,C_00161213,ATM_00631,2026-01-17 21:29:00,1383.36,1
W_00004940,C_00161257,ATM_00014,2026-01-18 16:45:00,2037.02,1
W_00004941,C_00161320,ATM_00309,2026-01-18 12:35:00,8666.82,1
W_00004942,C_00161357,ATM_00581,2026-01-18 06:55:00,17925.34,1
W_00004943,C_00161384,ATM_00416,2026-01-18 05:00:00,146449.41,1
W_00004944,C_00161476,ATM_01115,2026-01-17 12:33:00,2984.53,1
W_00004945,C_00161482,ATM_00560,2026-01-18 04:32:00,15923.73,1
W_00004946,C_00161524,ATM_01313,2026-01-17 14:07:00,9263.84,1
W_00004947,C_00161563,ATM_00300,2026-01-17 20:39:00,3119.61,1
W_00004948,C_00161575,ATM_00105,2026-01-17 14:55:00,4102.4,1
W_00004949,C_00161790,ATM_00322,2026-01-18 03:10:00,6879.52,1
W_00004950,C_00161843,ATM_01028,2026-01-17 21:28:00,2489.8,1
W_00004951,C_00161861,ATM_00798,2026-01-18 08:10:00,6674.2,1
W_00004952,C_00161891,ATM_00018,2026-01-17 20:15:00,20998.57,1
W_00004953,C_00161894,ATM_01315,2026-01-18 14:12:00,21498.09,1
W_00004954,C_00161895,ATM_00665,2026-01-17 22:25:00,5078.11,1
W_00004955,C_00161936,ATM_00571,2026-01-18 13:38:00,3496.86,1
W_00004956,C_00161983,ATM_00273,2026-01-17 19:36:00,7368.39,1
W_00004957,C_00162000,ATM_00200,2026-01-18 03:16:00,18956.88,1
W_00004958,C_00162028,ATM_00859,2026-01-17 21:33:00,10350.55,1
W_00004959,C_00162033,ATM_00253,2026-01-18 07:02:00,2121.85,1
W_00004960,C_00162068,ATM_00876,2026-01-18 08:10:00,2162.03,1
W_00004961,C_00162088,ATM_00353,2026-01-17 17:16:00,524.64,1
W_00004962,C_00162127,ATM_00094,2026-01-18 10:15:00,55210.49,1
W_00004963,C_00162135,ATM_00572,2026-01-17 16:53:00,18377.24,1
W_00004964,C_00162190,ATM_00571,2026-01-17 23:08:00,33751.76,1
W_00004965,C_00162191,ATM_01439,2026-01-17 20:58:00,26685.7,1
W_00004966,C_00162205,ATM_00262,2026-01-18 19:51:00,11081.29,1
W_00004967,C_00162221,ATM_01434,2026-01-17 23:26:00,1672.25,1
W_00004968,C_00162225,ATM_01155,2026-01-18 00:37:00,20326.25,1
W_00004969,C_00162289,ATM_01166,2026-01-18 19:44:00,4587.13,1
W_00004970,C_00162343,ATM_00071,2026-01-17 15:40:00,11197.88,1
W_00004971,C_00162390,ATM_01317,2026-01-17 19:56:00,8227.31,1
W_00004972,C_00162399,ATM_00098,2026-01-18 08:31:00,13331.34,1
W_00004973,C_00162406,ATM_00156,2026-01-17 09:15:00,6954.12,1
W_00004974,C_00162411,ATM_00299,2026-01-17 19:17:00,14495.95,1
W_00004975,C_00162440,ATM_00285,2026-01-18 06:48:00,4444.7,1
W_00004976,C_00162452,ATM_01372,2026-01-18 16:23:00,13226.37,1
W_00004977,C_00162468,ATM_00160,2026-01-18 09:33:00,1360.51,1
W_00004978,C_00162487,ATM_00402,2026-01-18 08:29:00,2445.8,1
W_00004979,C_00162550,ATM_01197,2026-01-18 09:29:00,2469.53,1
W_00004980,C_00162563,ATM_00871,2026-01-18 05:51:00,36257.83,1
W_00004981,C_00162600,ATM_00235,2026-01-17 22:12:00,1324.33,1
W_00004982,C_00162609,ATM_01265,2026-01-18 02:44:00,19701.95,1
W_00004983,C_00162617,ATM_00035,2026-01-18 17:26:00,5821.68,1
W_00004984,C_00162639,ATM_00158,2026-01-17 23:05:00,4238.37,1
W_00004985,C_00162668,ATM_01270,2026-01-18 02:32:00,73242.21,1
W_00004986,C_00162676,ATM_00212,2026-01-17 12:05:00,2600.98,1
W_00004987,C_00162699,ATM_01094,2026-01-18 06:28:00,18812.1,1
W_00004988,C_00162708,ATM_00255,2026-01-18 03:02:00,27244.08,1
W_00004989,C_00162724,ATM_00772,2026-01-18 03:24:00,8293.89,1
W_00004990,C_00162747,ATM_00295,2026-01-18 14:27:00,69082.23,1
W_00004991,C_00162798,ATM_00240,2026-01-17 10:10:00,18896.81,1
W_00004992,C_00162807,ATM_00785,2026-01-17 18:47:00,12812.65,1
W_00004993,C_00162830,ATM_00814,2026-01-17 19:37:00,6919.2,1
W_00004994,C_00162831,ATM_01319,2026-01-18 02:47:00,13841.48,1
W_00004995,C_00162850,ATM_00869,2026-01-18 18:33:00,5044.24,1
W_00004996,C_00162858,ATM_00465,2026-01-18 03:55:00,40232.18,1
W_00004997,C_00162870,ATM_00759,2026-01-17 22:59:00,35178.66,1
W_00004998,C_00162874,ATM_00349,2026-01-18 16:43:00,5287.65,1
W_00004999,C_00162899,ATM_00001,2026-01-17 23:50:00,4978.35,1
W_00005000,C_00162943,ATM_01066,2026-01-18 09:28:00,3858.97,1
W_00005001,C_00162945,ATM_01401,2026-01-18 02:23:00,3332.38,1
W_00005002,C_00162968,ATM_00874,2026-01-18 00:06:00,500.0,1
W_00005003,C_00162969,ATM_00902,2026-01-17 18:31:00,13615.26,1
W_00005004,C_00162989,ATM_00650,2026-01-17 22:49:00,3172.73,1
W_00005005,C_00163000,ATM_00591,2026-01-18 14:23:00,5780.33,1
W_00005006,C_00163080,ATM_01121,2026-01-18 06:56:00,500.0,1
W_00005007,C_00163081,ATM_00482,2026-01-18 12:40:00,1167.8,1
W_00005008,C_00163109,ATM_00833,2026-01-18 02:09:00,27276.7,1
W_00005009,C_00163141,ATM_00247,2026-01-18 00:31:00,7132.88,1
W_00005010,C_00163160,ATM_00070,2026-01-17 20:12:00,5536.31,1
W_00005011,C_00163237,ATM_01358,2026-01-18 12:31:00,9678.85,1
W_00005012,C_00163238,ATM_01005,2026-01-18 04:14:00,7946.16,1
W_00005013,C_00163258,ATM_00657,2026-01-17 10:28:00,5093.96,1
W_00005014,C_00163296,ATM_00643,2026-01-18 12:49:00,3032.78,1
W_00005015,C_00163330,ATM_00299,2026-01-17 19:17:00,9962.06,1
W_00005016,C_00163345,ATM_01225,2026-01-17 20:00:00,2299.13,1
W_00005017,C_00163363,ATM_00378,2026-01-18 03:22:00,10104.82,1
W_00005018,C_00163386,ATM_00387,2026-01-18 14:18:00,2210.42,1
W_00005019,C_00163401,ATM_01229,2026-01-18 05:26:00,56021.83,1
W_00005020,C_00163454,ATM_00785,2026-01-18 06:42:00,28743.31,1
W_00005021,C_00163479,ATM_01335,2026-01-17 19:12:00,5681.47,1
W_00005022,C_00163558,ATM_01001,2026-01-18 15:34:00,8744.24,1
W_00005023,C_00163562,ATM_00301,2026-01-17 18:55:00,10243.14,1
W_00005024,C_00163632,ATM_01258,2026-01-17 09:11:00,9558.62,1
W_00005025,C_00163672,ATM_01433,2026-01-17 15:26:00,11391.99,1
W_00005026,C_00163724,ATM_00539,2026-01-18 09:39:00,49690.82,1
W_00005027,C_00163766,ATM_00804,2026-01-18 00:32:00,23586.95,1
W_00005028,C_00163825,ATM_00464,2026-01-18 02:56:00,6203.6,1
W_00005029,C_00163868,ATM_00209,2026-01-18 05:34:00,3357.96,1
W_00005030,C_00163885,ATM_00131,2026-01-18 01:04:00,8448.34,1
W_00005031,C_00163968,ATM_00305,2026-01-18 01:09:00,4338.53,1
W_00005032,C_00164024,ATM_01407,2026-01-19 06:38:00,2240.46,1
W_00005033,C_00164027,ATM_00720,2026-01-19 10:19:00,7744.01,1
W_00005034,C_00164064,ATM_00380,2026-01-19 04:06:00,9866.04,1
W_00005035,C_00164093,ATM_01217,2026-01-19 01:05:00,5126.01,1
W_00005036,C_00164140,ATM_01496,2026-01-18 19:32:00,22314.1,1
W_00005037,C_00164200,ATM_01350,2026-01-19 06:49:00,22055.21,1
W_00005038,C_00164315,ATM_00967,2026-01-18 22:04:00,15155.65,1
W_00005039,C_00164416,ATM_01135,2026-01-18 13:02:00,26316.32,1
W_00005040,C_00164417,ATM_00474,2026-01-18 11:12:00,17781.58,1
W_00005041,C_00164449,ATM_00086,2026-01-19 11:53:00,9070.39,1
W_00005042,C_00164536,ATM_00934,2026-01-18 18:28:00,9802.84,1
W_00005043,C_00164538,ATM_01296,2026-01-19 13:53:00,9141.81,1
W_00005044,C_00164617,ATM_01120,2026-01-19 08:30:00,2411.05,1
W_00005045,C_00164631,ATM_00860,2026-01-19 09:51:00,12367.26,1
W_00005046,C_00164688,ATM_00969,2026-01-19 13:19:00,20798.58,1
W_00005047,C_00164781,ATM_00520,2026-01-18 11:21:00,3165.25,1
W_00005048,C_00164814,ATM_01089,2026-01-19 10:29:00,22681.57,1
W_00005049,C_00164843,ATM_00772,2026-01-19 01:20:00,5218.96,1
W_00005050,C_00164854,ATM_00676,2026-01-18 11:27:00,30666.68,1
W_00005051,C_00164912,ATM_00678,2026-01-19 10:38:00,4850.57,1
W_00005052,C_00164920,ATM_00381,2026-01-19 05:41:00,17137.9,1
W_00005053,C_00164924,ATM_00615,2026-01-19 02:11:00,13134.46,1
W_00005054,C_00164935,ATM_00840,2026-01-18 20:58:00,15901.74,1
W_00005055,C_00164970,ATM_00956,2026-01-19 02:13:00,17194.34,1
W_00005056,C_00164974,ATM_00095,2026-01-19 14:24:00,16293.39,1
W_00005057,C_00164979,ATM_00465,2026-01-18 20:25:00,4795.94,1
W_00005058,C_00165023,ATM_00402,2026-01-18 19:47:00,36443.77,1
W_00005059,C_00165113,ATM_01419,2026-01-19 04:26:00,5690.72,1
W_00005060,C_00165165,ATM_01436,2026-01-19 14:04:00,22477.62,1
W_00005061,C_00165172,ATM_00018,2026-01-18 19:23:00,6251.57,1
W_00005062,C_00165174,ATM_01315,2026-01-19 04:45:00,3434.92,1
W_00005063,C_00165235,ATM_01048,2026-01-18 08:31:00,1455.38,1
W_00005064,C_00165271,ATM_01198,2026-01-18 22:58:00,33445.92,1
W_00005065,C_00165304,ATM_00309,2026-01-19 08:40:00,7082.57,1
W_00005066,C_00165376,ATM_00458,2026-01-19 03:16:00,500.0,1
W_00005067,C_00165379,ATM_01081,2026-01-19 17:07:00,1792.49,1
W_00005068,C_00165393,ATM_01130,2026-01-19 00:21:00,37158.87,1
W_00005069,C_00165397,ATM_00188,2026-01-18 15:19:00,61624.62,1
W_00005070,C_00165442,ATM_00064,2026-01-18 17:32:00,6057.03,1
W_00005071,C_00165459,ATM_00146,2026-01-18 23:21:00,8266.51,1
W_00005072,C_00165482,ATM_00926,2026-01-19 14:20:00,21876.0,1
W_00005073,C_00165554,ATM_01215,2026-01-19 05:00:00,5849.37,1
W_00005074,C_00165574,ATM_01404,2026-01-19 09:46:00,3043.88,1
W_00005075,C_00165631,ATM_00445,2026-01-19 14:34:00,14570.09,1
W_00005076,C_00165648,ATM_00307,2026-01-19 10:34:00,29839.93,1
W_00005077,C_00165684,ATM_00263,2026-01-18 15:46:00,15219.6,1
W_00005078,C_00165685,ATM_00410,2026-01-18 12:16:00,5901.73,1
W_00005079,C_00165730,ATM_00675,2026-01-18 14:42:00,5172.64,1
W_00005080,C_00165754,ATM_00469,2026-01-18 20:33:00,11444.54,1
W_00005081,C_00165790,ATM_00836,2026-01-18 16:21:00,17527.8,1
W_00005082,C_00165999,ATM_01123,2026-01-18 22:41:00,29857.03,1
W_00005083,C_00166006,ATM_00551,2026-01-18 15:38:00,12890.32,1
W_00005084,C_00166011,ATM_01040,2026-01-19 18:42:00,56637.88,1
W_00005085,C_00166034,ATM_00207,2026-01-19 19:11:00,16104.68,1
W_00005086,C_00166054,ATM_00754,2026-01-19 07:51:00,8080.39,1
W_00005087,C_00166064,ATM_00557,2026-01-19 04:37:00,65567.41,1
W_00005088,C_00166071,ATM_00684,2026-01-19 07:23:00,13911.72,1
W_00005089,C_00166081,ATM_00901,2026-01-18 20:19:00,39065.44,1
W_00005090,C_00166108,ATM_00100,2026-01-18 12:09:00,4144.12,1
W_00005091,C_00166135,ATM_00867,2026-01-19 00:16:00,8222.68,1
W_00005092,C_00166138,ATM_01417,2026-01-18 21:27:00,5207.45,1
W_00005093,C_00166166,ATM_00057,2026-01-18 19:00:00,26267.49,1
W_00005094,C_00166167,ATM_00689,2026-01-19 01:07:00,32125.11,1
W_00005095,C_00166169,ATM_00751,2026-01-18 23:36:00,53867.44,1
W_00005096,C_00166192,ATM_00528,2026-01-19 10:07:00,123194.78,1
W_00005097,C_00166211,ATM_00359,2026-01-18 11:05:00,14845.35,1
W_00005098,C_00166213,ATM_00973,2026-01-18 22:45:00,32562.56,1
W_00005099,C_00166261,ATM_00424,2026-01-18 13:45:00,58793.08,1
W_00005100,C_00166295,ATM_00651,2026-01-18 23:44:00,8635.09,1
W_00005101,C_00166302,ATM_00471,2026-01-18 19:24:00,2938.02,1
W_00005102,C_00166330,ATM_00197,2026-01-18 22:18:00,8700.61,1
W_00005103,C_00166358,ATM_01130,2026-01-19 09:36:00,10174.08,1
W_00005104,C_00166375,ATM_00351,2026-01-18 15:13:00,54345.45,1
W_00005105,C_00166385,ATM_01388,2026-01-18 23:18:00,5285.46,1
W_00005106,C_00166392,ATM_01051,2026-01-19 04:45:00,2087.13,1
W_00005107,C_00166423,ATM_00948,2026-01-19 10:58:00,35072.74,1
W_00005108,C_00166452,ATM_00129,2026-01-18 04:23:00,1700.06,1
W_00005109,C_00166538,ATM_00927,2026-01-18 23:52:00,45157.23,1
W_00005110,C_00166556,ATM_01132,2026-01-18 16:52:00,1401.86,1
W_00005111,C_00166588,ATM_00006,2026-01-19 08:52:00,24899.66,1
W_00005112,C_00166671,ATM_01005,2026-01-19 17:14:00,68643.21,1
W_00005113,C_00166679,ATM_00685,2026-01-18 23:13:00,7248.12,1
W_00005114,C_00166706,ATM_00078,2026-01-19 12:47:00,6788.01,1
W_00005115,C_00166755,ATM_00247,2026-01-19 00:11:00,9607.18,1
W_00005116,C_00166801,ATM_01319,2026-01-19 14:50:00,11128.0,1
W_00005117,C_00166847,ATM_00017,2026-01-19 00:17:00,19104.67,1
W_00005118,C_00166861,ATM_00481,2026-01-18 23:40:00,4180.04,1
W_00005119,C_00166878,ATM_00085,2026-01-19 06:50:00,16273.54,1
W_00005120,C_00166897,ATM_00967,2026-01-19 21:51:00,151817.93,1
W_00005121,C_00166915,ATM_01409,2026-01-18 18:55:00,44076.51,1
W_00005122,C_00166922,ATM_01317,2026-01-19 14:54:00,16301.49,1
W_00005123,C_00166964,ATM_00314,2026-01-19 07:01:00,34082.34,1
W_00005124,C_00166969,ATM_01073,2026-01-18 22:52:00,4422.24,1
W_00005125,C_00166978,ATM_00785,2026-01-19 10:18:00,4070.3,1
W_00005126,C_00167007,ATM_01013,2026-01-19 00:55:00,4403.32,1
W_00005127,C_00167023,ATM_01155,2026-01-18 21:36:00,12055.24,1
W_00005128,C_00167084,ATM_01453,2026-01-18 18:55:00,7128.6,1
W_00005129,C_00167166,ATM_00601,2026-01-18 14:11:00,79554.94,1
W_00005130,C_00167205,ATM_00533,2026-01-19 13:43:00,8697.46,1
W_00005131,C_00167282,ATM_00494,2026-01-19 01:26:00,1318.74,1
W_00005132,C_00167359,ATM_01304,2026-01-19 15:21:00,85201.63,1
W_00005133,C_00167372,ATM_00638,2026-01-18 20:25:00,10422.41,1
W_00005134,C_00167384,ATM_00345,2026-01-18 12:37:00,8382.44,1
W_00005135,C_00167394,ATM_01458,2026-01-19 16:11:00,1478.9,1
W_00005136,C_00167516,ATM_00401,2026-01-18 22:15:00,15182.27,1
W_00005137,C_00167559,ATM_00651,2026-01-19 01:37:00,22983.71,1
W_00005138,C_00167601,ATM_00886,2026-01-19 11:58:00,34146.78,1
W_00005139,C_00167611,ATM_00344,2026-01-19 01:12:00,5092.58,1
W_00005140,C_00167620,ATM_01130,2026-01-18 17:21:00,1750.11,1
W_00005141,C_00167634,ATM_00698,2026-01-19 03:18:00,34013.66,1
W_00005142,C_00167687,ATM_00387,2026-01-19 09:32:00,7053.56,1
W_00005143,C_00167697,ATM_01336,2026-01-18 07:33:00,2030.98,1
W_00005144,C_00167750,ATM_01420,2026-01-19 05:24:00,17577.79,1
W_00005145,C_00167794,ATM_00623,2026-01-18 22:54:00,3654.14,1
W_00005146,C_00167818,ATM_00450,2026-01-18 19:31:00,7156.2,1
W_00005147,C_00167829,ATM_00224,2026-01-19 09:47:00,5516.01,1
W_00005148,C_00167847,ATM_00581,2026-01-18 17:46:00,4427.55,1
W_00005149,C_00168029,ATM_00982,2026-01-18 08:20:00,39171.38,1
W_00005150,C_00168031,ATM_00708,2026-01-18 13:45:00,39917.85,1
W_00005151,C_00168037,ATM_00162,2026-01-19 03:43:00,13989.85,1
W_00005152,C_00168039,ATM_00355,2026-01-18 18:16:00,8221.49,1
W_00005153,C_00168062,ATM_00219,2026-01-19 12:34:00,3534.5,1
W_00005154,C_00168241,ATM_00793,2026-01-19 18:19:00,25701.93,1
W_00005155,C_00168246,ATM_01022,2026-01-19 17:08:00,4402.39,1
W_00005156,C_00168277,ATM_00325,2026-01-18 21:33:00,5087.95,1
W_00005157,C_00168288,ATM_00555,2026-01-19 11:28:00,19233.71,1
W_00005158,C_00168290,ATM_00504,2026-01-19 10:26:00,2481.93,1
W_00005159,C_00168421,ATM_01301,2026-01-19 11:44:00,40784.66,1
W_00005160,C_00168447,ATM_00947,2026-01-18 20:01:00,9906.97,1
W_00005161,C_00168481,ATM_01303,2026-01-18 17:16:00,3179.38,1
W_00005162,C_00168491,ATM_00499,2026-01-19 03:39:00,6141.57,1
W_00005163,C_00168524,ATM_00134,2026-01-19 05:17:00,5968.24,1
W_00005164,C_00168611,ATM_00445,2026-01-18 23:19:00,2431.52,1
W_00005165,C_00168656,ATM_00644,2026-01-18 13:49:00,10567.47,1
W_00005166,C_00168687,ATM_00190,2026-01-19 11:33:00,78180.37,1
W_00005167,C_00168724,ATM_00504,2026-01-18 19:51:00,3720.57,1
W_00005168,C_00168781,ATM_00954,2026-01-19 10:28:00,2149.71,1
W_00005169,C_00168822,ATM_00271,2026-01-19 07:10:00,1601.24,1
W_00005170,C_00168851,ATM_00201,2026-01-18 12:27:00,7429.63,1
W_00005171,C_00168858,ATM_01421,2026-01-18 16:52:00,15101.98,1
W_00005172,C_00168868,ATM_00496,2026-01-18 19:52:00,31273.02,1
W_00005173,C_00168892,ATM_00192,2026-01-19 07:04:00,2477.11,1
W_00005174,C_00168920,ATM_01125,2026-01-18 22:10:00,3886.7,1
W_00005175,C_00168936,ATM_00656,2026-01-18 23:05:00,35667.03,1
W_00005176,C_00169077,ATM_01161,2026-01-19 04:47:00,5280.31,1
W_00005177,C_00169199,ATM_00240,2026-01-18 08:27:00,7679.68,1
W_00005178,C_00169336,ATM_00574,2026-01-19 01:37:00,3023.36,1
W_00005179,C_00169424,ATM_00476,2026-01-19 18:33:00,2519.76,1
W_00005180,C_00169431,ATM_01215,2026-01-19 00:30:00,12967.45,1
W_00005181,C_00169477,ATM_00124,2026-01-19 04:22:00,39079.83,1
W_00005182,C_00169491,ATM_00253,2026-01-19 01:21:00,3540.3,1
W_00005183,C_00169547,ATM_01351,2026-01-19 04:44:00,5282.85,1
W_00005184,C_00169587,ATM_00280,2026-01-19 21:15:00,19700.48,1
W_00005185,C_00169649,ATM_01387,2026-01-19 01:01:00,24833.89,1
W_00005186,C_00169763,ATM_00042,2026-01-19 01:26:00,5429.59,1
W_00005187,C_00169872,ATM_01472,2026-01-18 03:50:00,19477.9,1
W_00005188,C_00169890,ATM_00354,2026-01-19 08:48:00,1838.06,1
W_00005189,C_00169933,ATM_00013,2026-01-18 18:25:00,2254.27,1
W_00005190,C_00170042,ATM_01480,2026-01-19 11:39:00,2988.1,1
W_00005191,C_00170074,ATM_01185,2026-01-19 02:31:00,3381.04,1
W_00005192,C_00170122,ATM_00279,2026-01-18 19:50:00,8813.47,1
W_00005193,C_00170132,ATM_00832,2026-01-18 14:48:00,17861.87,1
W_00005194,C_00170188,ATM_01185,2026-01-18 22:00:00,25572.86,1
W_00005195,C_00170233,ATM_00050,2026-01-19 17:08:00,35316.44,1
W_00005196,C_00170276,ATM_00352,2026-01-18 14:51:00,6312.31,1
W_00005197,C_00170289,ATM_01346,2026-01-18 14:05:00,4083.31,1
W_00005198,C_00170297,ATM_01361,2026-01-18 21:12:00,2902.82,1
W_00005199,C_00170311,ATM_01060,2026-01-19 10:34:00,1050.59,1
W_00005200,C_00170338,ATM_00467,2026-01-19 04:56:00,7645.59,1
W_00005201,C_00170363,ATM_00174,2026-01-18 12:24:00,24591.25,1
W_00005202,C_00170407,ATM_00934,2026-01-19 10:31:00,9540.01,1
W_00005203,C_00170499,ATM_00442,2026-01-18 11:11:00,3424.24,1
W_00005204,C_00170536,ATM_00753,2026-01-18 23:26:00,19868.48,1
W_00005205,C_00170537,ATM_01222,2026-01-19 11:05:00,10995.22,1
W_00005206,C_00170617,ATM_00580,2026-01-19 13:26:00,8821.53,1
W_00005207,C_00170633,ATM_00481,2026-01-19 10:08:00,2006.54,1
W_00005208,C_00170670,ATM_01003,2026-01-19 10:35:00,20169.69,1
W_00005209,C_00170712,ATM_01229,2026-01-18 21:00:00,51293.01,1
W_00005210,C_00170739,ATM_01275,2026-01-19 12:54:00,62481.72,1
W_00005211,C_00170762,ATM_01078,2026-01-18 18:17:00,14590.19,1
W_00005212,C_00170835,ATM_00012,2026-01-19 08:03:00,2851.34,1
W_00005213,C_00170849,ATM_00176,2026-01-19 06:47:00,10788.54,1
W_00005214,C_00170927,ATM_01265,2026-01-19 00:43:00,6610.68,1
W_00005215,C_00170935,ATM_01225,2026-01-19 05:06:00,23384.02,1
W_00005216,C_00171008,ATM_00193,2026-01-19 07:51:00,41802.7,1
W_00005217,C_00171013,ATM_00389,2026-01-18 14:48:00,11885.73,1
W_00005218,C_00171021,ATM_00993,2026-01-18 12:47:00,10786.12,1
W_00005219,C_00171037,ATM_00810,2026-01-18 13:43:00,6767.19,1
W_00005220,C_00171105,ATM_00245,2026-01-18 08:39:00,18161.11,1
W_00005221,C_00171174,ATM_00826,2026-01-19 00:37:00,5864.29,1
W_00005222,C_00171178,ATM_00783,2026-01-19 14:29:00,3758.62,1
W_00005223,C_00171192,ATM_00199,2026-01-19 09:04:00,650.42,1
W_00005224,C_00171211,ATM_00407,2026-01-19 17:57:00,32813.76,1
W_00005225,C_00171275,ATM_01181,2026-01-18 02:17:00,10685.98,1
W_00005226,C_00171276,ATM_00180,2026-01-18 17:30:00,6486.28,1
W_00005227,C_00171305,ATM_00942,2026-01-18 20:02:00,15921.72,1
W_00005228,C_00171315,ATM_00208,2026-01-18 23:36:00,10831.57,1
W_00005229,C_00171320,ATM_00500,2026-01-19 16:08:00,2201.97,1
W_00005230,C_00171330,ATM_00231,2026-01-18 20:38:00,25140.83,1
W_00005231,C_00171383,ATM_00192,2026-01-19 18:31:00,3734.8,1
W_00005232,C_00171431,ATM_01407,2026-01-18 20:22:00,200000.0,1
W_00005233,C_00171467,ATM_00360,2026-01-19 10:57:00,11146.07,1
W_00005234,C_00171579,ATM_00972,2026-01-19 06:39:00,19556.83,1
W_00005235,C_00171580,ATM_01080,2026-01-19 06:41:00,6971.25,1
W_00005236,C_00171613,ATM_00512,2026-01-18 20:22:00,4588.24,1
W_00005237,C_00171748,ATM_01315,2026-01-19 07:49:00,6750.3,1
W_00005238,C_00171776,ATM_01124,2026-01-18 23:49:00,6667.08,1
W_00005239,C_00171778,ATM_01352,2026-01-19 08:16:00,2155.87,1
W_00005240,C_00171810,ATM_00857,2026-01-19 12:38:00,10317.21,1
W_00005241,C_00171814,ATM_00700,2026-01-18 21:31:00,8857.02,1
W_00005242,C_00171818,ATM_01389,2026-01-18 10:09:00,39968.99,1
W_00005243,C_00171843,ATM_00768,2026-01-18 22:26:00,4010.99,1
W_00005244,C_00171845,ATM_01423,2026-01-19 18:14:00,8518.87,1
W_00005245,C_00171849,ATM_00963,2026-01-19 16:16:00,14800.64,1
W_00005246,C_00171901,ATM_00831,2026-01-18 18:43:00,4931.28,1
W_00005247,C_00171911,ATM_00828,2026-01-19 02:24:00,18641.68,1
W_00005248,C_00171938,ATM_00397,2026-01-19 07:53:00,35927.95,1
W_00005249,C_00171948,ATM_00765,2026-01-18 15:40:00,13552.92,1
W_00005250,C_00171971,ATM_01097,2026-01-19 19:38:00,8259.82,1
W_00005251,C_00171994,ATM_00277,2026-01-18 15:47:00,5632.25,1
W_00005252,C_00172000,ATM_00170,2026-01-18 16:37:00,2489.28,1
W_00005253,C_00172034,ATM_01435,2026-01-20 14:03:00,5996.36,1
W_00005254,C_00172076,ATM_00423,2026-01-19 23:42:00,25065.78,1
W_00005255,C_00172101,ATM_00696,2026-01-19 08:07:00,28174.45,1
W_00005256,C_00172103,ATM_00168,2026-01-20 12:39:00,9710.25,1
W_00005257,C_00172198,ATM_01384,2026-01-20 05:36:00,13038.03,1
W_00005258,C_00172223,ATM_01070,2026-01-20 11:22:00,15330.64,1
W_00005259,C_00172239,ATM_00995,2026-01-20 08:11:00,4959.62,1
W_00005260,C_00172295,ATM_00310,2026-01-20 19:33:00,9731.23,1
W_00005261,C_00172309,ATM_00491,2026-01-19 15:42:00,7168.74,1
W_00005262,C_00172340,ATM_00231,2026-01-20 06:22:00,3596.0,1
W_00005263,C_00172420,ATM_00181,2026-01-19 20:41:00,13301.4,1
W_00005264,C_00172445,ATM_01297,2026-01-19 09:43:00,1229.23,1
W_00005265,C_00172482,ATM_00075,2026-01-19 13:14:00,35090.2,1
W_00005266,C_00172527,ATM_00074,2026-01-20 10:17:00,9527.11,1
W_00005267,C_00172600,ATM_00691,2026-01-19 11:50:00,2480.28,1
W_00005268,C_00172629,ATM_00330,2026-01-20 09:41:00,3821.33,1
W_00005269,C_00172663,ATM_00624,2026-01-19 07:23:00,12485.7,1
W_00005270,C_00172686,ATM_00168,2026-01-20 08:23:00,6330.37,1
W_00005271,C_00172702,ATM_01365,2026-01-19 19:47:00,2935.4,1
W_00005272,C_00172716,ATM_00969,2026-01-19 22:47:00,6582.03,1
W_00005273,C_00172721,ATM_00346,2026-01-19 20:00:00,1807.38,1
W_00005274,C_00172743,ATM_01449,2026-01-19 21:11:00,5814.64,1
W_00005275,C_00172823,ATM_00202,2026-01-20 08:37:00,29217.65,1
W_00005276,C_00172826,ATM_00445,2026-01-19 17:23:00,90187.21,1
W_00005277,C_00172860,ATM_00827,2026-01-20 02:17:00,1808.92,1
W_00005278,C_00172886,ATM_00531,2026-01-20 01:17:00,62251.92,1
W_00005279,C_00172948,ATM_00189,2026-01-19 07:46:00,988.28,1
W_00005280,C_00172983,ATM_00463,2026-01-20 03:13:00,1470.38,1
W_00005281,C_00172993,ATM_00415,2026-01-20 04:35:00,6032.63,1
W_00005282,C_00173050,ATM_00810,2026-01-20 03:26:00,3502.9,1
W_00005283,C_00173069,ATM_01316,2026-01-20 11:36:00,4478.94,1
W_00005284,C_00173108,ATM_01138,2026-01-19 21:58:00,1391.12,1
W_00005285,C_00173109,ATM_00112,2026-01-20 10:47:00,18630.93,1
W_00005286,C_00173154,ATM_00333,2026-01-20 10:25:00,138515.06,1
W_00005287,C_00173158,ATM_00183,2026-01-20 02:04:00,14322.59,1
W_00005288,C_00173224,ATM_00152,2026-01-20 08:26:00,875.18,1
W_00005289,C_00173226,ATM_01454,2026-01-20 20:12:00,3996.48,1
W_00005290,C_00173247,ATM_00341,2026-01-20 07:13:00,16231.86,1
W_00005291,C_00173285,ATM_01102,2026-01-20 16:30:00,2771.39,1
W_00005292,C_00173286,ATM_01004,2026-01-20 17:04:00,37427.06,1
W_00005293,C_00173288,ATM_01107,2026-01-19 18:51:00,41210.58,1
W_00005294,C_00173305,ATM_00700,2026-01-20 13:03:00,44244.85,1
W_00005295,C_00173343,ATM_00774,2026-01-20 07:55:00,6734.45,1
W_00005296,C_00173353,ATM_01457,2026-01-19 18:10:00,7709.82,1
W_00005297,C_00173371,ATM_00469,2026-01-20 17:40:00,957.73,1
W_00005298,C_00173373,ATM_00249,2026-01-19 16:45:00,9923.93,1
W_00005299,C_00173380,ATM_00231,2026-01-20 00:04:00,17735.44,1
W_00005300,C_00173413,ATM_00394,2026-01-20 14:34:00,3825.07,1
W_00005301,C_00173428,ATM_00614,2026-01-19 20:12:00,4168.61,1
W_00005302,C_00173478,ATM_01392,2026-01-20 10:20:00,9912.72,1
W_00005303,C_00173510,ATM_01295,2026-01-19 19:19:00,4376.27,1
W_00005304,C_00173526,ATM_00243,2026-01-20 16:24:00,24735.58,1
W_00005305,C_00173545,ATM_00930,2026-01-20 09:16:00,1441.04,1
W_00005306,C_00173628,ATM_00609,2026-01-20 09:13:00,3233.02,1
W_00005307,C_00173632,ATM_01463,2026-01-19 14:56:00,3800.26,1
W_00005308,C_00173643,ATM_00241,2026-01-20 10:03:00,10463.21,1
W_00005309,C_00173657,ATM_00679,2026-01-20 03:05:00,6510.89,1
W_00005310,C_00173708,ATM_00034,2026-01-19 19:24:00,4135.58,1
W_00005311,C_00173831,ATM_00399,2026-01-19 16:23:00,42351.64,1
W_00005312,C_00173853,ATM_00617,2026-01-20 00:45:00,17176.8,1
W_00005313,C_00173940,ATM_01055,2026-01-20 08:33:00,8658.54,1
W_00005314,C_00173942,ATM_00525,2026-01-20 16:14:00,11223.83,1
W_00005315,C_00173943,ATM_01454,2026-01-20 08:18:00,1560.01,1
W_00005316,C_00173966,ATM_00339,2026-01-20 12:32:00,3179.44,1
W_00005317,C_00173986,ATM_00523,2026-01-19 23:05:00,19263.85,1
W_00005318,C_00174017,ATM_01352,2026-01-20 00:39:00,32704.52,1
W_00005319,C_00174057,ATM_00585,2026-01-19 21:36:00,9606.92,1
W_00005320,C_00174125,ATM_00848,2026-01-20 17:26:00,1783.92,1
W_00005321,C_00174129,ATM_01464,2026-01-19 22:55:00,3041.11,1
W_00005322,C_00174172,ATM_01338,2026-01-20 01:55:00,20108.76,1
W_00005323,C_00174410,ATM_00778,2026-01-19 23:33:00,30793.77,1
W_00005324,C_00174475,ATM_00414,2026-01-20 07:51:00,22461.77,1
W_00005325,C_00174502,ATM_00836,2026-01-19 12:30:00,74702.08,1
W_00005326,C_00174520,ATM_01351,2026-01-19 21:19:00,15955.8,1
W_00005327,C_00174590,ATM_01002,2026-01-19 15:53:00,11187.43,1
W_00005328,C_00174602,ATM_00780,2026-01-20 06:27:00,6139.46,1
W_00005329,C_00174604,ATM_01043,2026-01-19 19:29:00,15722.96,1
W_00005330,C_00174606,ATM_00203,2026-01-19 23:21:00,12577.73,1
W_00005331,C_00174621,ATM_01438,2026-01-19 05:46:00,3255.3,1
W_00005332,C_00174623,ATM_00269,2026-01-20 20:23:00,4144.63,1
W_00005333,C_00174624,ATM_00395,2026-01-20 02:02:00,6242.38,1
W_00005334,C_00174746,ATM_00663,2026-01-20 04:09:00,101906.98,1
W_00005335,C_00174827,ATM_01006,2026-01-20 15:53:00,1931.89,1
W_00005336,C_00174834,ATM_01336,2026-01-20 00:43:00,6469.27,1
W_00005337,C_00174857,ATM_00900,2026-01-20 01:56:00,4547.07,1
W_00005338,C_00174859,ATM_01167,2026-01-19 20:41:00,27492.91,1
W_00005339,C_00174874,ATM_00990,2026-01-19 23:10:00,13311.37,1
W_00005340,C_00174934,ATM_01461,2026-01-19 17:43:00,19875.01,1
W_00005341,C_00174942,ATM_00177,2026-01-20 08:30:00,10381.68,1
W_00005342,C_00174959,ATM_01413,2026-01-20 11:15:00,8012.52,1
W_00005343,C_00174968,ATM_00979,2026-01-20 15:07:00,1570.43,1
W_00005344,C_00174972,ATM_00933,2026-01-19 16:49:00,28048.2,1
W_00005345,C_00175071,ATM_00598,2026-01-20 02:33:00,26467.2,1
W_00005346,C_00175189,ATM_00671,2026-01-19 21:26:00,29364.48,1
W_00005347,C_00175200,ATM_00350,2026-01-20 03:59:00,4775.14,1
W_00005348,C_00175217,ATM_01370,2026-01-19 17:18:00,6646.46,1
W_00005349,C_00175250,ATM_00192,2026-01-20 02:31:00,4484.73,1
W_00005350,C_00175318,ATM_01231,2026-01-20 15:22:00,13935.52,1
W_00005351,C_00175361,ATM_01022,2026-01-19 19:02:00,3418.64,1
W_00005352,C_00175366,ATM_01128,2026-01-19 23:15:00,2991.45,1
W_00005353,C_00175375,ATM_00819,2026-01-20 03:39:00,6582.6,1
W_00005354,C_00175408,ATM_00271,2026-01-20 18:34:00,3185.96,1
W_00005355,C_00175509,ATM_01312,2026-01-19 15:49:00,3778.53,1
W_00005356,C_00175516,ATM_00351,2026-01-20 03:31:00,45424.95,1
W_00005357,C_00175548,ATM_01014,2026-01-20 01:00:00,3836.12,1
W_00005358,C_00175558,ATM_01268,2026-01-20 13:33:00,10218.5,1
W_00005359,C_00175566,ATM_00231,2026-01-20 05:45:00,9520.09,1
W_00005360,C_00175578,ATM_01471,2026-01-19 21:02:00,37274.25,1
W_00005361,C_00175601,ATM_00988,2026-01-19 21:15:00,8220.54,1
W_00005362,C_00175641,ATM_00343,2026-01-20 03:36:00,6122.29,1
W_00005363,C_00175656,ATM_00376,2026-01-20 02:21:00,2044.86,1
W_00005364,C_00175734,ATM_00358,2026-01-20 04:02:00,12415.6,1
W_00005365,C_00175755,ATM_00416,2026-01-20 06:49:00,8251.33,1
W_00005366,C_00175775,ATM_00638,2026-01-19 13:31:00,19238.78,1
W_00005367,C_00175779,ATM_00253,2026-01-20 13:47:00,5479.06,1
W_00005368,C_00175805,ATM_00586,2026-01-19 09:02:00,11582.77,1
W_00005369,C_00175827,ATM_01398,2026-01-19 22:43:00,6702.23,1
W_00005370,C_00175848,ATM_01153,2026-01-19 19:11:00,16551.21,1
W_00005371,C_00175870,ATM_01005,2026-01-20 00:37:00,43888.27,1
W_00005372,C_00175966,ATM_00651,2026-01-19 14:30:00,7094.66,1
W_00005373,C_00176033,ATM_01277,2026-01-20 05:20:00,10856.97,1
W_00005374,C_00176081,ATM_00989,2026-01-19 13:57:00,9951.89,1
W_00005375,C_00176103,ATM_00639,2026-01-20 02:15:00,15424.4,1
W_00005376,C_00176106,ATM_00119,2026-01-19 20:51:00,19929.68,1
W_00005377,C_00176147,ATM_01189,2026-01-20 02:31:00,3337.05,1
W_00005378,C_00176188,ATM_00902,2026-01-20 09:50:00,5486.29,1
W_00005379,C_00176208,ATM_01414,2026-01-19 19:06:00,18357.68,1
W_00005380,C_00176237,ATM_00739,2026-01-20 11:11:00,6009.47,1
W_00005381,C_00176249,ATM_00422,2026-01-19 21:44:00,8282.24,1
W_00005382,C_00176319,ATM_00540,2026-01-20 07:47:00,14733.42,1
W_00005383,C_00176326,ATM_00898,2026-01-20 08:41:00,16954.93,1
W_00005384,C_00176344,ATM_00253,2026-01-19 22:46:00,954.09,1
W_00005385,C_00176368,ATM_00742,2026-01-20 13:56:00,4313.61,1
W_00005386,C_00176433,ATM_00365,2026-01-19 20:25:00,5291.21,1
W_00005387,C_00176470,ATM_00935,2026-01-20 05:45:00,5200.44,1
W_00005388,C_00176597,ATM_01364,2026-01-19 19:10:00,52446.88,1
W_00005389,C_00176615,ATM_00617,2026-01-20 04:06:00,5546.78,1
W_00005390,C_00176616,ATM_00971,2026-01-20 01:22:00,7055.94,1
W_00005391,C_00176638,ATM_01351,2026-01-20 04:24:00,3802.0,1
W_00005392,C_00176647,ATM_00077,2026-01-20 08:19:00,4761.55,1
W_00005393,C_00176712,ATM_00202,2026-01-19 08:03:00,13763.81,1
W_00005394,C_00176797,ATM_00117,2026-01-20 00:58:00,4366.34,1
W_00005395,C_00176839,ATM_00205,2026-01-20 08:51:00,2197.91,1
W_00005396,C_00176880,ATM_01474,2026-01-20 08:03:00,9543.23,1
W_00005397,C_00176907,ATM_00793,2026-01-20 05:25:00,66980.84,1
W_00005398,C_00176937,ATM_00722,2026-01-20 00:15:00,3187.66,1
W_00005399,C_00176959,ATM_00836,2026-01-19 14:11:00,11431.01,1
W_00005400,C_00176970,ATM_00113,2026-01-20 19:21:00,23025.89,1
W_00005401,C_00176974,ATM_01016,2026-01-20 06:13:00,12109.75,1
W_00005402,C_00177044,ATM_01326,2026-01-20 03:27:00,40201.34,1
W_00005403,C_00177087,ATM_00137,2026-01-20 06:47:00,29804.18,1
W_00005404,C_00177118,ATM_00797,2026-01-20 18:06:00,4135.6,1
W_00005405,C_00177124,ATM_01115,2026-01-20 11:45:00,10509.69,1
W_00005406,C_00177151,ATM_00165,2026-01-19 17:08:00,1317.49,1
W_00005407,C_00177153,ATM_00841,2026-01-20 06:46:00,4867.55,1
W_00005408,C_00177196,ATM_00201,2026-01-19 21:31:00,46352.95,1
W_00005409,C_00177200,ATM_00451,2026-01-19 13:52:00,14180.66,1
W_00005410,C_00177233,ATM_00001,2026-01-20 11:40:00,7091.88,1
W_00005411,C_00177236,ATM_01392,2026-01-19 15:34:00,2666.6,1
W_00005412,C_00177247,ATM_00734,2026-01-20 10:31:00,12256.85,1
W_00005413,C_00177277,ATM_00261,2026-01-20 08:26:00,26414.94,1
W_00005414,C_00177278,ATM_00243,2026-01-20 00:33:00,19442.05,1
W_00005415,C_00177283,ATM_00941,2026-01-19 14:11:00,9699.48,1
W_00005416,C_00177378,ATM_00805,2026-01-20 05:01:00,118088.9,1
W_00005417,C_00177423,ATM_00410,2026-01-19 20:23:00,2099.5,1
W_00005418,C_00177438,ATM_01319,2026-01-20 06:47:00,7683.65,1
W_00005419,C_00177455,ATM_01493,2026-01-20 16:14:00,5560.2,1
W_00005420,C_00177492,ATM_01345,2026-01-19 22:30:00,6408.72,1
W_00005421,C_00177555,ATM_00907,2026-01-19 17:55:00,33155.93,1
W_00005422,C_00177597,ATM_00396,2026-01-19 15:41:00,82341.95,1
W_00005423,C_00177607,ATM_01404,2026-01-20 00:19:00,1793.06,1
W_00005424,C_00177650,ATM_01406,2026-01-20 02:22:00,19913.46,1
W_00005425,C_00177692,ATM_00788,2026-01-19 10:59:00,8152.51,1
W_00005426,C_00177735,ATM_01375,2026-01-20 00:04:00,45992.1,1
W_00005427,C_00177791,ATM_00770,2026-01-19 23:28:00,21371.62,1
W_00005428,C_00177803,ATM_00451,2026-01-19 08:10:00,1841.95,1
W_00005429,C_00177824,ATM_00491,2026-01-20 04:25:00,5804.99,1
W_00005430,C_00177829,ATM_01326,2026-01-20 12:19:00,2805.8,1
W_00005431,C_00177850,ATM_00994,2026-01-19 18:55:00,8856.9,1
W_00005432,C_00177862,ATM_00908,2026-01-19 17:43:00,7535.38,1
W_00005433,C_00177878,ATM_00817,2026-01-19 12:30:00,6126.18,1
W_00005434,C_00177897,ATM_00990,2026-01-20 16:19:00,5124.28,1
W_00005435,C_00177930,ATM_01044,2026-01-19 17:27:00,32502.81,1
W_00005436,C_00177972,ATM_00487,2026-01-20 08:12:00,3556.53,1
W_00005437,C_00178000,ATM_00359,2026-01-19 19:09:00,9692.37,1
W_00005438,C_00178045,ATM_00717,2026-01-19 10:31:00,37323.38,1
W_00005439,C_00178067,ATM_00177,2026-01-20 16:04:00,27607.18,1
W_00005440,C_00178104,ATM_00404,2026-01-20 10:32:00,31989.0,1
W_00005441,C_00178172,ATM_01310,2026-01-19 22:55:00,17207.0,1
W_00005442,C_00178221,ATM_00445,2026-01-19 21:19:00,9650.9,1
W_00005443,C_00178229,ATM_00356,2026-01-20 07:15:00,1901.06,1
W_00005444,C_00178235,ATM_00382,2026-01-20 06:30:00,1616.77,1
W_00005445,C_00178297,ATM_01149,2026-01-20 06:49:00,20379.01,1
W_00005446,C_00178313,ATM_01207,2026-01-20 02:33:00,1155.39,1
W_00005447,C_00178341,ATM_00398,2026-01-20 02:39:00,5518.48,1
W_00005448,C_00178350,ATM_00600,2026-01-20 00:45:00,6044.45,1
W_00005449,C_00178379,ATM_00205,2026-01-19 23:10:00,3077.22,1
W_00005450,C_00178382,ATM_00103,2026-01-20 14:06:00,200000.0,1
W_00005451,C_00178385,ATM_01494,2026-01-20 01:54:00,12930.89,1
W_00005452,C_00178451,ATM_00911,2026-01-20 14:27:00,6400.66,1
W_00005453,C_00178477,ATM_00694,2026-01-20 12:48:00,6282.33,1
W_00005454,C_00178547,ATM_00995,2026-01-20 02:26:00,21913.2,1
W_00005455,C_00178575,ATM_00726,2026-01-20 08:38:00,5565.73,1
W_00005456,C_00178589,ATM_01258,2026-01-19 20:07:00,2329.19,1
W_00005457,C_00178607,ATM_00917,2026-01-19 20:39:00,101886.76,1
W_00005458,C_00178625,ATM_00345,2026-01-19 23:15:00,5840.14,1
W_00005459,C_00178634,ATM_00074,2026-01-19 11:54:00,3270.3,1
W_00005460,C_00178649,ATM_00546,2026-01-19 13:17:00,5276.1,1
W_00005461,C_00178685,ATM_00687,2026-01-20 05:28:00,64511.75,1
W_00005462,C_00178779,ATM_00223,2026-01-19 12:21:00,50862.74,1
W_00005463,C_00178780,ATM_01469,2026-01-20 06:49:00,6728.4,1
W_00005464,C_00178895,ATM_00394,2026-01-20 01:11:00,2543.36,1
W_00005465,C_00178961,ATM_00040,2026-01-20 16:58:00,3382.1,1
W_00005466,C_00178975,ATM_00655,2026-01-20 05:55:00,7316.97,1
W_00005467,C_00179017,ATM_00700,2026-01-20 02:58:00,4144.01,1
W_00005468,C_00179018,ATM_01034,2026-01-20 05:28:00,2612.26,1
W_00005469,C_00179039,ATM_01390,2026-01-20 03:08:00,8775.68,1
W_00005470,C_00179061,ATM_01365,2026-01-20 00:39:00,898.09,1
W_00005471,C_00179173,ATM_01124,2026-01-20 05:40:00,4700.09,1
W_00005472,C_00179189,ATM_00502,2026-01-19 16:46:00,9045.48,1
W_00005473,C_00179226,ATM_00218,2026-01-20 09:01:00,15551.61,1
W_00005474,C_00179231,ATM_00437,2026-01-19 17:01:00,2541.37,1
W_00005475,C_00179284,ATM_00267,2026-01-19 19:18:00,7884.19,1
W_00005476,C_00179298,ATM_00431,2026-01-19 23:01:00,53468.64,1
W_00005477,C_00179397,ATM_00231,2026-01-20 12:57:00,22109.85,1
W_00005478,C_00179420,ATM_00491,2026-01-20 15:40:00,68427.65,1
W_00005479,C_00179425,ATM_00591,2026-01-20 10:54:00,19122.59,1
W_00005480,C_00179432,ATM_00417,2026-01-20 02:46:00,2994.71,1
W_00005481,C_00179450,ATM_01060,2026-01-19 23:22:00,37047.62,1
W_00005482,C_00179466,ATM_00779,2026-01-20 03:45:00,6811.42,1
W_00005483,C_00179481,ATM_01464,2026-01-19 23:42:00,4579.49,1
W_00005484,C_00179513,ATM_00498,2026-01-20 17:44:00,13891.59,1
W_00005485,C_00179521,ATM_01166,2026-01-19 19:53:00,6422.91,1
W_00005486,C_00179583,ATM_00493,2026-01-20 08:33:00,6154.85,1
W_00005487,C_00179643,ATM_00296,2026-01-19 22:11:00,674.73,1
W_00005488,C_00179697,ATM_00261,2026-01-19 18:59:00,44502.76,1
W_00005489,C_00179737,ATM_00339,2026-01-19 12:03:00,6256.41,1
W_00005490,C_00179849,ATM_00661,2026-01-20 01:17:00,29142.61,1
W_00005491,C_00179856,ATM_01335,2026-01-20 13:10:00,6266.82,1
W_00005492,C_00179880,ATM_00915,2026-01-19 12:55:00,7538.59,1
W_00005493,C_00179885,ATM_00770,2026-01-20 06:00:00,4770.99,1
W_00005494,C_00179943,ATM_00456,2026-01-19 12:33:00,29707.76,1
W_00005495,C_00179962,ATM_01419,2026-01-19 23:17:00,7037.99,1
W_00005496,C_00180000,ATM_01022,2026-01-20 11:53:00,4067.82,1
W_00005497,C_00180036,ATM_00185,2026-01-19 21:44:00,8019.95,1
W_00005498,C_00180042,ATM_01423,2026-01-20 15:13:00,47868.01,1
W_00005499,C_00180045,ATM_01210,2026-01-19 11:05:00,1893.86,1
W_00005500,C_00180071,ATM_01006,2026-01-20 02:36:00,1954.93,1
W_00005501,C_00180086,ATM_01364,2026-01-20 18:37:00,9134.26,1
W_00005502,C_00180239,ATM_01000,2026-01-19 16:26:00,5310.35,1
W_00005503,C_00180264,ATM_00237,2026-01-20 04:22:00,533.87,1
W_00005504,C_00180288,ATM_00222,2026-01-20 11:01:00,16748.85,1
W_00005505,C_00180301,ATM_00308,2026-01-20 14:41:00,30280.46,1
W_00005506,C_00180369,ATM_01130,2026-01-20 09:09:00,8585.05,1
W_00005507,C_00180380,ATM_01283,2026-01-19 14:48:00,19322.99,1
W_00005508,C_00180404,ATM_01049,2026-01-19 14:29:00,1864.86,1
W_00005509,C_00180418,ATM_01290,2026-01-19 16:19:00,35041.56,1
W_00005510,C_00180452,ATM_00144,2026-01-20 07:51:00,15671.56,1
W_00005511,C_00180495,ATM_00867,2026-01-20 19:03:00,15096.41,1
W_00005512,C_00180497,ATM_00641,2026-01-19 19:36:00,10787.31,1
W_00005513,C_00180555,ATM_00263,2026-01-19 21:47:00,8457.0,1
W_00005514,C_00180596,ATM_00198,2026-01-19 20:00:00,23265.03,1
W_00005515,C_00180601,ATM_00972,2026-01-19 23:21:00,21337.94,1
W_00005516,C_00180605,ATM_00756,2026-01-20 08:02:00,28389.85,1
W_00005517,C_00180647,ATM_00926,2026-01-20 14:13:00,42797.03,1
W_00005518,C_00180679,ATM_00374,2026-01-20 02:49:00,24752.25,1
W_00005519,C_00180695,ATM_01457,2026-01-19 17:55:00,30962.77,1
W_00005520,C_00180700,ATM_00361,2026-01-19 15:44:00,3924.44,1
W_00005521,C_00180733,ATM_00412,2026-01-20 16:09:00,21413.93,1
W_00005522,C_00180734,ATM_01135,2026-01-20 06:24:00,161519.38,1
W_00005523,C_00180742,ATM_00688,2026-01-19 20:13:00,1895.24,1
W_00005524,C_00180827,ATM_00973,2026-01-20 02:25:00,39181.07,1
W_00005525,C_00180862,ATM_01251,2026-01-20 07:26:00,77639.52,1
W_00005526,C_00180868,ATM_00567,2026-01-20 15:45:00,14518.78,1
W_00005527,C_00180994,ATM_00035,2026-01-20 07:43:00,9003.58,1
W_00005528,C_00181001,ATM_01114,2026-01-19 18:21:00,7401.7,1
W_00005529,C_00181073,ATM_01469,2026-01-20 06:02:00,9323.59,1
W_00005530,C_00181107,ATM_01189,2026-01-19 10:36:00,1122.27,1
W_00005531,C_00181236,ATM_00299,2026-01-19 16:57:00,3396.06,1
W_00005532,C_00181301,ATM_00544,2026-01-20 03:32:00,12377.72,1
W_00005533,C_00181314,ATM_01164,2026-01-19 22:20:00,1417.19,1
W_00005534,C_00181324,ATM_00148,2026-01-20 01:25:00,5881.97,1
W_00005535,C_00181353,ATM_00278,2026-01-20 00:28:00,16105.88,1
W_00005536,C_00181367,ATM_01060,2026-01-20 12:36:00,1924.3,1
W_00005537,C_00181378,ATM_00943,2026-01-20 15:18:00,2546.33,1
W_00005538,C_00181412,ATM_01094,2026-01-20 03:41:00,3284.77,1
W_00005539,C_00181430,ATM_00465,2026-01-19 12:59:00,38477.83,1
W_00005540,C_00181455,ATM_00050,2026-01-20 13:32:00,5898.33,1
W_00005541,C_00181466,ATM_00974,2026-01-20 15:47:00,1497.3,1
W_00005542,C_00181497,ATM_00337,2026-01-19 11:12:00,9715.48,1
W_00005543,C_00181515,ATM_01373,2026-01-20 15:31:00,12857.51,1
W_00005544,C_00181530,ATM_00179,2026-01-20 08:38:00,4229.19,1
W_00005545,C_00181531,ATM_00477,2026-01-20 14:49:00,5470.51,1
W_00005546,C_00181578,ATM_00198,2026-01-20 06:00:00,20691.05,1
W_00005547,C_00181609,ATM_00126,2026-01-19 20:07:00,6971.36,1
W_00005548,C_00181732,ATM_00566,2026-01-20 19:11:00,7373.05,1
W_00005549,C_00181739,ATM_00734,2026-01-19 17:47:00,44136.15,1
W_00005550,C_00181758,ATM_01106,2026-01-20 08:43:00,90223.01,1
W_00005551,C_00181767,ATM_01016,2026-01-20 02:44:00,26996.07,1
W_00005552,C_00181789,ATM_01228,2026-01-20 07:50:00,75289.59,1
W_00005553,C_00181964,ATM_00888,2026-01-19 17:10:00,27984.04,1
W_00005554,C_00182032,ATM_01178,2026-01-21 10:58:00,1943.52,1
W_00005555,C_00182037,ATM_01093,2026-01-20 15:14:00,10611.42,1
W_00005556,C_00182085,ATM_01417,2026-01-21 17:59:00,41201.29,1
W_00005557,C_00182109,ATM_00766,2026-01-20 23:23:00,9519.87,1
W_00005558,C_00182166,ATM_00410,2026-01-20 14:57:00,68129.75,1
W_00005559,C_00182184,ATM_00405,2026-01-20 11:52:00,2128.43,1
W_00005560,C_00182190,ATM_00331,2026-01-21 00:34:00,17313.67,1
W_00005561,C_00182311,ATM_00466,2026-01-21 16:01:00,19194.69,1
W_00005562,C_00182377,ATM_01212,2026-01-21 04:36:00,5636.83,1
W_00005563,C_00182384,ATM_01431,2026-01-20 10:13:00,24575.9,1
W_00005564,C_00182385,ATM_01272,2026-01-20 21:31:00,4904.04,1
W_00005565,C_00182402,ATM_01168,2026-01-21 01:15:00,6029.96,1
W_00005566,C_00182450,ATM_00654,2026-01-20 17:19:00,5465.66,1
W_00005567,C_00182469,ATM_01173,2026-01-21 16:22:00,6397.86,1
W_00005568,C_00182513,ATM_00087,2026-01-21 10:49:00,9783.58,1
W_00005569,C_00182557,ATM_00910,2026-01-21 19:09:00,80935.5,1
W_00005570,C_00182567,ATM_00287,2026-01-21 05:13:00,44432.28,1
W_00005571,C_00182582,ATM_01162,2026-01-21 20:08:00,6048.41,1
W_00005572,C_00182603,ATM_00155,2026-01-21 12:05:00,5710.9,1
W_00005573,C_00182629,ATM_00578,2026-01-21 03:33:00,2816.94,1
W_00005574,C_00182678,ATM_01116,2026-01-21 14:30:00,14588.27,1
W_00005575,C_00182719,ATM_00924,2026-01-21 14:35:00,10931.07,1
W_00005576,C_00182723,ATM_01373,2026-01-20 14:16:00,4499.33,1
W_00005577,C_00182852,ATM_00659,2026-01-20 15:33:00,5970.62,1
W_00005578,C_00182932,ATM_01246,2026-01-21 13:14:00,5553.15,1
W_00005579,C_00182980,ATM_01124,2026-01-20 17:32:00,8529.72,1
W_00005580,C_00182997,ATM_00321,2026-01-21 09:24:00,4176.18,1
W_00005581,C_00183000,ATM_00615,2026-01-20 11:12:00,10906.05,1
W_00005582,C_00183003,ATM_00025,2026-01-20 17:49:00,10795.42,1
W_00005583,C_00183031,ATM_00755,2026-01-21 03:25:00,8530.84,1
W_00005584,C_00183153,ATM_00809,2026-01-21 00:51:00,40590.14,1
W_00005585,C_00183266,ATM_00595,2026-01-21 13:01:00,797.96,1
W_00005586,C_00183282,ATM_01199,2026-01-20 20:27:00,1434.8,1
W_00005587,C_00183291,ATM_00316,2026-01-21 20:54:00,11155.07,1
W_00005588,C_00183369,ATM_00682,2026-01-21 17:48:00,14722.64,1
W_00005589,C_00183382,ATM_01274,2026-01-20 22:44:00,38082.64,1
W_00005590,C_00183403,ATM_00325,2026-01-20 17:35:00,4275.17,1
W_00005591,C_00183430,ATM_00302,2026-01-21 08:48:00,12583.79,1
W_00005592,C_00183453,ATM_00058,2026-01-21 13:58:00,2049.64,1
W_00005593,C_00183637,ATM_01430,2026-01-20 23:58:00,5436.83,1
W_00005594,C_00183649,ATM_01297,2026-01-21 07:29:00,5409.86,1
W_00005595,C_00183662,ATM_00187,2026-01-20 18:24:00,5659.8,1
W_00005596,C_00183704,ATM_00475,2026-01-21 03:19:00,23628.63,1
W_00005597,C_00183791,ATM_00826,2026-01-20 20:26:00,3461.84,1
W_00005598,C_00183831,ATM_00234,2026-01-20 12:33:00,2805.07,1
W_00005599,C_00183891,ATM_01082,2026-01-20 18:29:00,14285.48,1
W_00005600,C_00183915,ATM_01153,2026-01-21 03:55:00,5569.45,1
W_00005601,C_00183928,ATM_00907,2026-01-21 02:57:00,8654.32,1
W_00005602,C_00184021,ATM_00291,2026-01-21 03:30:00,34717.45,1
W_00005603,C_00184048,ATM_00709,2026-01-21 15:43:00,65787.8,1
W_00005604,C_00184120,ATM_00663,2026-01-21 06:08:00,15031.83,1
W_00005605,C_00184158,ATM_00188,2026-01-20 12:50:00,2832.05,1
W_00005606,C_00184181,ATM_00193,2026-01-21 09:58:00,8410.11,1
W_00005607,C_00184233,ATM_00502,2026-01-20 16:01:00,710.71,1
W_00005608,C_00184242,ATM_00246,2026-01-20 23:57:00,40840.22,1
W_00005609,C_00184267,ATM_01457,2026-01-20 22:23:00,63355.67,1
W_00005610,C_00184412,ATM_00694,2026-01-20 23:13:00,12837.68,1
W_00005611,C_00184414,ATM_00339,2026-01-21 09:35:00,2588.52,1
W_00005612,C_00184446,ATM_00596,2026-01-20 23:51:00,113638.54,1
W_00005613,C_00184477,ATM_00099,2026-01-21 11:07:00,9039.37,1
W_00005614,C_00184526,ATM_01466,2026-01-21 09:04:00,4402.64,1
W_00005615,C_00184619,ATM_00455,2026-01-21 05:32:00,11681.23,1
W_00005616,C_00184670,ATM_01150,2026-01-21 18:55:00,7597.0,1
W_00005617,C_00184674,ATM_00830,2026-01-21 03:23:00,9997.47,1
W_00005618,C_00184679,ATM_01264,2026-01-21 06:47:00,4751.19,1
W_00005619,C_00184681,ATM_00470,2026-01-21 12:38:00,20411.71,1
W_00005620,C_00184687,ATM_00397,2026-01-20 23:24:00,15491.49,1
W_00005621,C_00184692,ATM_00463,2026-01-21 14:21:00,1477.52,1
W_00005622,C_00184699,ATM_00273,2026-01-20 17:09:00,36265.66,1
W_00005623,C_00184730,ATM_01336,2026-01-21 08:54:00,1626.61,1
W_00005624,C_00184739,ATM_00416,2026-01-20 17:12:00,2999.02,1
W_00005625,C_00184751,ATM_01312,2026-01-21 05:29:00,6671.36,1
W_00005626,C_00184794,ATM_01008,2026-01-21 04:50:00,1086.95,1
W_00005627,C_00184800,ATM_00933,2026-01-21 03:22:00,3009.34,1
W_00005628,C_00184835,ATM_00764,2026-01-20 17:55:00,2991.86,1
W_00005629,C_00184840,ATM_00320,2026-01-21 01:37:00,13721.45,1
W_00005630,C_00184857,ATM_00812,2026-01-20 09:43:00,6577.53,1
W_00005631,C_00184939,ATM_01036,2026-01-21 04:15:00,6701.07,1
W_00005632,C_00184985,ATM_00491,2026-01-20 18:49:00,4555.42,1
W_00005633,C_00184989,ATM_00061,2026-01-21 15:22:00,36670.5,1
W_00005634,C_00185010,ATM_00323,2026-01-21 19:17:00,33279.77,1
W_00005635,C_00185019,ATM_01445,2026-01-21 00:47:00,20588.56,1
W_00005636,C_00185047,ATM_00174,2026-01-21 14:32:00,7639.87,1
W_00005637,C_00185054,ATM_00583,2026-01-20 21:17:00,41815.5,1
W_00005638,C_00185069,ATM_00941,2026-01-21 05:29:00,4448.11,1
W_00005639,C_00185087,ATM_00324,2026-01-20 16:37:00,1712.05,1
W_00005640,C_00185263,ATM_00576,2026-01-21 01:56:00,28726.36,1
W_00005641,C_00185318,ATM_00319,2026-01-21 13:09:00,21541.64,1
W_00005642,C_00185319,ATM_01244,2026-01-20 19:30:00,2304.13,1
W_00005643,C_00185445,ATM_00709,2026-01-21 02:22:00,8439.11,1
W_00005644,C_00185446,ATM_00251,2026-01-20 12:40:00,2564.16,1
W_00005645,C_00185483,ATM_00448,2026-01-21 18:59:00,14754.78,1
W_00005646,C_00185532,ATM_00773,2026-01-21 11:16:00,26779.02,1
W_00005647,C_00185551,ATM_01243,2026-01-21 07:29:00,4346.11,1
W_00005648,C_00185589,ATM_00025,2026-01-20 16:34:00,1241.28,1
W_00005649,C_00185599,ATM_01384,2026-01-21 05:43:00,42250.32,1
W_00005650,C_00185649,ATM_01050,2026-01-21 15:53:00,14285.14,1
W_00005651,C_00185655,ATM_00568,2026-01-21 05:53:00,9457.1,1
W_00005652,C_00185667,ATM_01469,2026-01-21 05:56:00,6464.77,1
W_00005653,C_00185678,ATM_01217,2026-01-21 17:45:00,5752.83,1
W_00005654,C_00185684,ATM_00459,2026-01-21 01:12:00,18046.91,1
W_00005655,C_00185689,ATM_00605,2026-01-21 01:29:00,2818.36,1
W_00005656,C_00185714,ATM_00503,2026-01-21 15:13:00,5538.33,1
W_00005657,C_00185715,ATM_01079,2026-01-21 13:05:00,13290.73,1
W_00005658,C_00185781,ATM_00258,2026-01-20 23:32:00,6427.04,1
W_00005659,C_00185872,ATM_00508,2026-01-21 17:45:00,13001.88,1
W_00005660,C_00185873,ATM_00420,2026-01-20 06:56:00,14270.04,1
W_00005661,C_00185907,ATM_01165,2026-01-21 12:59:00,9078.54,1
W_00005662,C_00185916,ATM_01075,2026-01-20 23:50:00,36024.11,1
W_00005663,C_00185918,ATM_01181,2026-01-21 08:20:00,6327.04,1
W_00005664,C_00185988,ATM_00683,2026-01-20 16:46:00,5407.87,1
W_00005665,C_00186020,ATM_00899,2026-01-21 03:00:00,10593.56,1
W_00005666,C_00186025,ATM_00269,2026-01-20 16:00:00,16416.31,1
W_00005667,C_00186033,ATM_00409,2026-01-21 03:04:00,7006.89,1
W_00005668,C_00186051,ATM_00574,2026-01-21 07:22:00,11225.88,1
W_00005669,C_00186063,ATM_01352,2026-01-21 12:03:00,14505.59,1
W_00005670,C_00186078,ATM_01257,2026-01-20 21:59:00,35531.19,1
W_00005671,C_00186127,ATM_01079,2026-01-20 04:01:00,16997.66,1
W_00005672,C_00186140,ATM_01379,2026-01-21 02:42:00,3083.07,1
W_00005673,C_00186154,ATM_00272,2026-01-21 17:33:00,10198.25,1
W_00005674,C_00186213,ATM_00069,2026-01-20 15:56:00,46111.59,1
W_00005675,C_00186224,ATM_00087,2026-01-21 04:52:00,38496.21,1
W_00005676,C_00186226,ATM_00926,2026-01-21 13:36:00,13987.03,1
W_00005677,C_00186243,ATM_01190,2026-01-21 09:24:00,3989.61,1
W_00005678,C_00186262,ATM_00929,2026-01-21 01:45:00,8533.14,1
W_00005679,C_00186291,ATM_00829,2026-01-21 08:21:00,5814.41,1
W_00005680,C_00186358,ATM_00090,2026-01-20 23:11:00,2562.07,1
W_00005681,C_00186449,ATM_00826,2026-01-20 16:20:00,19082.93,1
W_00005682,C_00186457,ATM_00442,2026-01-20 23:20:00,40332.71,1
W_00005683,C_00186558,ATM_00169,2026-01-21 08:52:00,38868.54,1
W_00005684,C_00186608,ATM_01417,2026-01-21 05:45:00,8186.32,1
W_00005685,C_00186638,ATM_01426,2026-01-21 20:18:00,6379.29,1
W_00005686,C_00186639,ATM_00543,2026-01-21 00:33:00,19467.78,1
W_00005687,C_00186643,ATM_00750,2026-01-21 08:38:00,15364.34,1
W_00005688,C_00186665,ATM_01461,2026-01-21 16:30:00,2301.89,1
W_00005689,C_00186684,ATM_00338,2026-01-21 06:39:00,4926.35,1
W_00005690,C_00186686,ATM_01332,2026-01-21 04:53:00,7465.8,1
W_00005691,C_00186693,ATM_01414,2026-01-21 05:50:00,36610.91,1
W_00005692,C_00186697,ATM_00656,2026-01-20 20:56:00,12676.8,1
W_00005693,C_00186813,ATM_01017,2026-01-21 11:28:00,4281.91,1
W_00005694,C_00186844,ATM_01017,2026-01-20 23:56:00,12947.07,1
W_00005695,C_00186848,ATM_00069,2026-01-20 19:11:00,8890.08,1
W_00005696,C_00186852,ATM_00477,2026-01-21 15:25:00,5874.25,1
W_00005697,C_00186888,ATM_00654,2026-01-20 18:32:00,22873.82,1
W_00005698,C_00186957,ATM_01310,2026-01-21 07:13:00,6606.52,1
W_00005699,C_00187022,ATM_00103,2026-01-21 02:21:00,1278.51,1
W_00005700,C_00187053,ATM_00017,2026-01-20 23:28:00,33376.34,1
W_00005701,C_00187054,ATM_01420,2026-01-20 22:32:00,4068.14,1
W_00005702,C_00187069,ATM_00914,2026-01-21 16:52:00,5754.43,1
W_00005703,C_00187074,ATM_00671,2026-01-21 07:05:00,51823.99,1
W_00005704,C_00187076,ATM_00814,2026-01-21 15:13:00,627.2,1
W_00005705,C_00187084,ATM_00251,2026-01-21 05:49:00,63244.89,1
W_00005706,C_00187086,ATM_00517,2026-01-20 21:01:00,1658.72,1
W_00005707,C_00187088,ATM_01121,2026-01-20 18:48:00,9604.56,1
W_00005708,C_00187146,ATM_01081,2026-01-21 11:08:00,18534.36,1
W_00005709,C_00187326,ATM_01117,2026-01-20 23:01:00,1060.42,1
W_00005710,C_00187328,ATM_00477,2026-01-21 05:43:00,1837.41,1
W_00005711,C_00187414,ATM_00069,2026-01-21 04:15:00,8030.2,1
W_00005712,C_00187489,ATM_01342,2026-01-20 19:30:00,774.57,1
W_00005713,C_00187491,ATM_00200,2026-01-20 21:20:00,25072.07,1
W_00005714,C_00187494,ATM_00138,2026-01-21 10:51:00,28024.42,1
W_00005715,C_00187573,ATM_01109,2026-01-21 11:39:00,4125.27,1
W_00005716,C_00187597,ATM_00513,2026-01-21 14:20:00,29767.92,1
W_00005717,C_00187621,ATM_00289,2026-01-20 12:58:00,7991.16,1
W_00005718,C_00187629,ATM_01146,2026-01-20 20:25:00,35634.54,1
W_00005719,C_00187638,ATM_00532,2026-01-21 11:32:00,6413.74,1
W_00005720,C_00187639,ATM_00359,2026-01-20 07:26:00,45283.47,1
W_00005721,C_00187654,ATM_00701,2026-01-21 04:01:00,2253.9,1
W_00005722,C_00187670,ATM_00438,2026-01-20 23:12:00,72258.31,1
W_00005723,C_00187675,ATM_00960,2026-01-21 02:08:00,200000.0,1
W_00005724,C_00187738,ATM_01434,2026-01-21 01:17:00,4068.73,1
W_00005725,C_00187761,ATM_00394,2026-01-21 11:37:00,3437.93,1
W_00005726,C_00187765,ATM_00433,2026-01-21 05:05:00,68863.65,1
W_00005727,C_00187777,ATM_00933,2026-01-20 22:58:00,18513.59,1
W_00005728,C_00187833,ATM_01069,2026-01-21 04:08:00,38658.22,1
W_00005729,C_00187835,ATM_00744,2026-01-20 14:12:00,16902.76,1
W_00005730,C_00187865,ATM_00255,2026-01-20 19:26:00,54443.34,1
W_00005731,C_00187876,ATM_00914,2026-01-20 20:15:00,34317.66,1
W_00005732,C_00187878,ATM_00205,2026-01-21 04:59:00,5241.59,1
W_00005733,C_00187960,ATM_01387,2026-01-21 00:19:00,6719.74,1
W_00005734,C_00187978,ATM_00217,2026-01-21 07:43:00,8892.55,1
W_00005735,C_00188052,ATM_01478,2026-01-20 22:25:00,3799.67,1
W_00005736,C_00188084,ATM_00285,2026-01-20 20:51:00,4103.39,1
W_00005737,C_00188085,ATM_01089,2026-01-21 00:15:00,7792.33,1
W_00005738,C_00188119,ATM_00044,2026-01-21 08:56:00,2174.28,1
W_00005739,C_00188127,ATM_00273,2026-01-21 03:21:00,22756.25,1
W_00005740,C_00188167,ATM_00108,2026-01-21 01:06:00,1112.98,1
W_00005741,C_00188217,ATM_01128,2026-01-21 04:50:00,1871.89,1
W_00005742,C_00188221,ATM_00731,2026-01-20 23:18:00,1376.72,1
W_00005743,C_00188225,ATM_00718,2026-01-20 22:54:00,4805.86,1
W_00005744,C_00188300,ATM_00066,2026-01-21 15:02:00,13980.4,1
W_00005745,C_00188304,ATM_00013,2026-01-21 07:14:00,14662.24,1
W_00005746,C_00188325,ATM_00298,2026-01-21 05:52:00,61637.49,1
W_00005747,C_00188370,ATM_00768,2026-01-20 20:08:00,900.52,1
W_00005748,C_00188390,ATM_01230,2026-01-20 14:56:00,88552.8,1
W_00005749,C_00188396,ATM_00287,2026-01-20 22:21:00,4091.58,1
W_00005750,C_00188441,ATM_00801,2026-01-20 21:35:00,6404.85,1
W_00005751,C_00188469,ATM_01011,2026-01-20 22:30:00,3914.15,1
W_00005752,C_00188500,ATM_00310,2026-01-20 19:32:00,4225.29,1
W_00005753,C_00188583,ATM_01395,2026-01-21 00:57:00,10448.5,1
W_00005754,C_00188611,ATM_01466,2026-01-21 02:38:00,9848.97,1
W_00005755,C_00188621,ATM_00039,2026-01-21 20:42:00,68790.49,1
W_00005756,C_00188674,ATM_00566,2026-01-21 18:08:00,2577.92,1
W_00005757,C_00188740,ATM_00757,2026-01-21 15:44:00,13320.51,1
W_00005758,C_00188745,ATM_00718,2026-01-21 18:43:00,22103.53,1
W_00005759,C_00188854,ATM_00126,2026-01-20 07:37:00,7631.97,1
W_00005760,C_00188884,ATM_00262,2026-01-21 10:42:00,1678.05,1
W_00005761,C_00188901,ATM_01442,2026-01-21 05:50:00,9862.18,1
W_00005762,C_00188911,ATM_00972,2026-01-20 17:12:00,3780.39,1
W_00005763,C_00188922,ATM_00999,2026-01-21 07:47:00,1066.31,1
W_00005764,C_00188965,ATM_00646,2026-01-20 17:10:00,32877.99,1
W_00005765,C_00189024,ATM_01129,2026-01-21 02:31:00,6577.39,1
W_00005766,C_00189028,ATM_00840,2026-01-21 04:34:00,37839.71,1
W_00005767,C_00189040,ATM_00545,2026-01-20 19:34:00,13278.59,1
W_00005768,C_00189080,ATM_00966,2026-01-20 14:20:00,1541.24,1
W_00005769,C_00189122,ATM_00331,2026-01-21 09:51:00,16230.08,1
W_00005770,C_00189128,ATM_00861,2026-01-21 08:46:00,15206.72,1
W_00005771,C_00189239,ATM_01341,2026-01-21 17:27:00,6061.46,1
W_00005772,C_00189256,ATM_00552,2026-01-21 09:37:00,3807.3,1
W_00005773,C_00189260,ATM_00990,2026-01-21 02:37:00,26946.42,1
W_00005774,C_00189277,ATM_00687,2026-01-20 12:34:00,4960.75,1
W_00005775,C_00189314,ATM_01184,2026-01-21 13:42:00,8400.75,1
W_00005776,C_00189351,ATM_00563,2026-01-21 06:21:00,4550.65,1
W_00005777,C_00189372,ATM_00351,2026-01-20 21:05:00,3930.35,1
W_00005778,C_00189378,ATM_00818,2026-01-20 17:59:00,56565.41,1
W_00005779,C_00189406,ATM_00999,2026-01-20 14:00:00,15118.73,1
W_00005780,C_00189502,ATM_00392,2026-01-21 12:54:00,1856.13,1
W_00005781,C_00189519,ATM_01063,2026-01-20 10:45:00,2990.27,1
W_00005782,C_00189550,ATM_01097,2026-01-20 13:13:00,6334.13,1
W_00005783,C_00189567,ATM_00940,2026-01-21 05:38:00,1222.1,1
W_00005784,C_00189574,ATM_00542,2026-01-21 10:32:00,3509.84,1
W_00005785,C_00189594,ATM_01183,2026-01-20 17:31:00,18476.69,1
W_00005786,C_00189623,ATM_01186,2026-01-20 22:08:00,500.0,1
W_00005787,C_00189638,ATM_00863,2026-01-20 09:18:00,2944.59,1
W_00005788,C_00189658,ATM_01430,2026-01-21 13:14:00,4975.13,1
W_00005789,C_00189686,ATM_01427,2026-01-21 01:41:00,6018.67,1
W_00005790,C_00189705,ATM_00404,2026-01-21 09:32:00,14109.68,1
W_00005791,C_00189714,ATM_00607,2026-01-20 06:47:00,11010.85,1
W_00005792,C_00189755,ATM_00949,2026-01-20 14:23:00,6712.13,1
W_00005793,C_00189759,ATM_01035,2026-01-21 19:51:00,23087.93,1
W_00005794,C_00189786,ATM_00717,2026-01-21 20:16:00,8781.83,1
W_00005795,C_00189788,ATM_00815,2026-01-21 10:17:00,45971.17,1
W_00005796,C_00189844,ATM_00914,2026-01-20 20:45:00,16969.72,1
W_00005797,C_00189850,ATM_00909,2026-01-20 20:10:00,1089.53,1
W_00005798,C_00189857,ATM_01188,2026-01-21 02:23:00,3043.78,1
W_00005799,C_00189880,ATM_00540,2026-01-20 15:39:00,7277.6,1
W_00005800,C_00189906,ATM_00150,2026-01-21 08:30:00,5620.55,1
W_00005801,C_00189917,ATM_00918,2026-01-21 16:01:00,9989.27,1
W_00005802,C_00189929,ATM_00391,2026-01-21 04:36:00,7437.12,1
W_00005803,C_00189993,ATM_00741,2026-01-21 12:54:00,41420.38,1
W_00005804,C_00190031,ATM_01379,2026-01-21 17:35:00,13385.41,1
W_00005805,C_00190035,ATM_00688,2026-01-20 04:50:00,3422.58,1
W_00005806,C_00190051,ATM_00923,2026-01-20 23:43:00,12866.2,1
W_00005807,C_00190068,ATM_00243,2026-01-20 19:58:00,34107.8,1
W_00005808,C_00190108,ATM_00997,2026-01-21 10:18:00,3514.8,1
W_00005809,C_00190121,ATM_00449,2026-01-21 16:05:00,34689.18,1
W_00005810,C_00190165,ATM_00565,2026-01-20 23:52:00,52433.86,1
W_00005811,C_00190185,ATM_00262,2026-01-21 03:38:00,7669.71,1
W_00005812,C_00190207,ATM_00304,2026-01-21 12:29:00,23100.05,1
W_00005813,C_00190223,ATM_01184,2026-01-20 17:56:00,8259.88,1
W_00005814,C_00190226,ATM_00193,2026-01-20 20:16:00,5199.85,1
W_00005815,C_00190241,ATM_01270,2026-01-21 08:07:00,23441.4,1
W_00005816,C_00190310,ATM_01239,2026-01-20 19:02:00,28960.11,1
W_00005817,C_00190402,ATM_01372,2026-01-21 07:31:00,999.59,1
W_00005818,C_00190473,ATM_00918,2026-01-21 07:17:00,23293.54,1
W_00005819,C_00190476,ATM_01049,2026-01-21 16:06:00,7557.62,1
W_00005820,C_00190487,ATM_00314,2026-01-21 08:04:00,19699.74,1
W_00005821,C_00190491,ATM_00259,2026-01-20 23:03:00,3358.44,1
W_00005822,C_00190540,ATM_00018,2026-01-20 21:33:00,8839.06,1
W_00005823,C_00190573,ATM_00050,2026-01-21 02:27:00,55984.35,1
W_00005824,C_00190623,ATM_01061,2026-01-21 00:34:00,9490.33,1
W_00005825,C_00190681,ATM_00657,2026-01-20 14:45:00,19420.79,1
W_00005826,C_00190736,ATM_00509,2026-01-21 07:31:00,1802.6,1
W_00005827,C_00190744,ATM_01479,2026-01-20 13:01:00,20714.49,1
W_00005828,C_00190811,ATM_00427,2026-01-20 22:42:00,16795.6,1
W_00005829,C_00190843,ATM_00092,2026-01-20 22:46:00,2430.66,1
W_00005830,C_00190864,ATM_00980,2026-01-21 05:11:00,14748.89,1
W_00005831,C_00190868,ATM_00776,2026-01-21 02:44:00,23529.56,1
W_00005832,C_00190870,ATM_00492,2026-01-21 09:33:00,500.0,1
W_00005833,C_00190887,ATM_00346,2026-01-20 16:47:00,3435.01,1
W_00005834,C_00190894,ATM_01208,2026-01-20 13:59:00,16682.31,1
W_00005835,C_00190937,ATM_00487,2026-01-21 10:55:00,2891.25,1
W_00005836,C_00190941,ATM_01212,2026-01-21 00:09:00,7862.29,1
W_00005837,C_00190944,ATM_00816,2026-01-20 21:42:00,5336.45,1
W_00005838,C_00191003,ATM_00089,2026-01-20 23:41:00,4701.45,1
W_00005839,C_00191005,ATM_00716,2026-01-20 08:43:00,12553.25,1
W_00005840,C_00191047,ATM_00740,2026-01-21 14:11:00,91040.11,1
W_00005841,C_00191057,ATM_00710,2026-01-21 09:33:00,9190.28,1
W_00005842,C_00191069,ATM_01287,2026-01-21 09:24:00,4150.74,1
W_00005843,C_00191128,ATM_00317,2026-01-20 18:29:00,6254.64,1
W_00005844,C_00191138,ATM_00342,2026-01-21 01:49:00,4894.36,1
W_00005845,C_00191142,ATM_00005,2026-01-20 21:49:00,15422.17,1
W_00005846,C_00191143,ATM_01368,2026-01-21 08:36:00,1171.83,1
W_00005847,C_00191163,ATM_00359,2026-01-20 22:05:00,59183.87,1
W_00005848,C_00191174,ATM_01012,2026-01-20 17:06:00,12274.67,1
W_00005849,C_00191209,ATM_00900,2026-01-20 18:34:00,4555.2,1
W_00005850,C_00191214,ATM_01258,2026-01-20 14:51:00,15246.36,1
W_00005851,C_00191256,ATM_01175,2026-01-20 23:46:00,4283.15,1
W_00005852,C_00191265,ATM_00578,2026-01-20 19:10:00,2514.8,1
W_00005853,C_00191270,ATM_00392,2026-01-20 21:16:00,30668.45,1
W_00005854,C_00191301,ATM_01185,2026-01-21 04:15:00,32802.34,1
W_00005855,C_00191346,ATM_00004,2026-01-21 03:06:00,8825.27,1
W_00005856,C_00191382,ATM_01167,2026-01-20 22:01:00,1490.86,1
W_00005857,C_00191386,ATM_01029,2026-01-21 11:59:00,3805.13,1
W_00005858,C_00191440,ATM_00171,2026-01-20 23:06:00,659.16,1
W_00005859,C_00191465,ATM_01004,2026-01-21 05:04:00,2067.84,1
W_00005860,C_00191483,ATM_00658,2026-01-20 21:35:00,37733.46,1
W_00005861,C_00191503,ATM_01436,2026-01-21 04:41:00,3516.6,1
W_00005862,C_00191526,ATM_01139,2026-01-21 01:02:00,16521.31,1
W_00005863,C_00191573,ATM_00379,2026-01-21 00:55:00,14508.68,1
W_00005864,C_00191606,ATM_01049,2026-01-20 23:00:00,3910.4,1
W_00005865,C_00191680,ATM_01448,2026-01-21 01:47:00,4407.5,1
W_00005866,C_00191697,ATM_00491,2026-01-20 18:37:00,42152.87,1
W_00005867,C_00191718,ATM_00414,2026-01-21 08:15:00,4157.08,1
W_00005868,C_00191723,ATM_00043,2026-01-21 10:12:00,4409.13,1
W_00005869,C_00191730,ATM_00565,2026-01-20 01:59:00,9678.51,1
W_00005870,C_00191746,ATM_00486,2026-01-20 22:33:00,6220.88,1
W_00005871,C_00191883,ATM_00934,2026-01-20 10:44:00,4664.22,1
W_00005872,C_00191982,ATM_00484,2026-01-20 19:22:00,5781.49,1
W_00005873,C_00191984,ATM_00340,2026-01-21 06:01:00,1920.86,1
W_00005874,C_00191985,ATM_00120,2026-01-20 21:43:00,6041.52,1
W_00005875,C_00191986,ATM_00325,2026-01-21 06:26:00,3033.51,1
W_00005876,C_00192050,ATM_01158,2026-01-20 14:26:00,808.91,1
W_00005877,C_00192077,ATM_00013,2026-01-21 07:09:00,49765.04,1
W_00005878,C_00192106,ATM_01340,2026-01-20 22:28:00,4669.8,1
W_00005879,C_00192110,ATM_01005,2026-01-20 22:32:00,573.41,1
W_00005880,C_00192130,ATM_01020,2026-01-21 08:59:00,2217.05,1
W_00005881,C_00192146,ATM_01020,2026-01-20 20:29:00,47496.71,1
W_00005882,C_00192152,ATM_00323,2026-01-20 15:37:00,200000.0,1
W_00005883,C_00192160,ATM_01029,2026-01-21 02:14:00,93551.42,1
W_00005884,C_00192232,ATM_01047,2026-01-20 21:26:00,2874.13,1
W_00005885,C_00192246,ATM_01203,2026-01-21 08:20:00,31092.46,1
W_00005886,C_00192250,ATM_01106,2026-01-21 06:44:00,3022.79,1
W_00005887,C_00192274,ATM_01364,2026-01-21 09:08:00,34752.69,1
W_00005888,C_00192307,ATM_00606,2026-01-21 09:37:00,34231.63,1
W_00005889,C_00192331,ATM_00465,2026-01-20 19:46:00,8912.51,1
W_00005890,C_00192350,ATM_01328,2026-01-21 07:19:00,15250.0,1
W_00005891,C_00192363,ATM_00424,2026-01-21 06:12:00,7498.45,1
W_00005892,C_00192381,ATM_01414,2026-01-21 06:40:00,9585.23,1
W_00005893,C_00192403,ATM_00909,2026-01-21 07:49:00,4331.33,1
W_00005894,C_00192415,ATM_00760,2026-01-20 18:58:00,5894.12,1
W_00005895,C_00192422,ATM_00864,2026-01-20 18:51:00,60079.64,1
W_00005896,C_00192434,ATM_00482,2026-01-20 13:08:00,1586.78,1
W_00005897,C_00192449,ATM_00134,2026-01-21 03:51:00,10463.5,1
W_00005898,C_00192545,ATM_00410,2026-01-21 07:16:00,3364.04,1
W_00005899,C_00192572,ATM_01480,2026-01-21 21:01:00,3293.53,1
W_00005900,C_00192581,ATM_00698,2026-01-21 06:16:00,20903.6,1
W_00005901,C_00192695,ATM_00565,2026-01-21 11:27:00,22933.05,1
W_00005902,C_00192728,ATM_01053,2026-01-20 16:59:00,2419.79,1
W_00005903,C_00192775,ATM_00171,2026-01-21 02:57:00,3986.42,1
W_00005904,C_00192785,ATM_00641,2026-01-20 22:27:00,32883.5,1
W_00005905,C_00192823,ATM_01013,2026-01-21 12:54:00,6525.28,1
W_00005906,C_00192870,ATM_01287,2026-01-20 17:49:00,5611.1,1
W_00005907,C_00192882,ATM_00796,2026-01-21 20:22:00,73027.42,1
W_00005908,C_00192891,ATM_00430,2026-01-21 08:09:00,19289.63,1
W_00005909,C_00192977,ATM_00611,2026-01-20 15:01:00,83169.34,1
W_00005910,C_00193013,ATM_00885,2026-01-20 21:02:00,7085.78,1
W_00005911,C_00193017,ATM_01105,2026-01-21 05:22:00,1781.86,1
W_00005912,C_00193031,ATM_01419,2026-01-21 05:16:00,67676.98,1
W_00005913,C_00193032,ATM_00583,2026-01-21 09:19:00,10739.49,1
W_00005914,C_00193042,ATM_01479,2026-01-20 17:56:00,200000.0,1
W_00005915,C_00193070,ATM_00417,2026-01-21 09:55:00,8506.07,1
W_00005916,C_00193138,ATM_00373,2026-01-20 22:02:00,11687.33,1
W_00005917,C_00193269,ATM_01029,2026-01-21 18:50:00,1818.9,1
W_00005918,C_00193270,ATM_01224,2026-01-20 14:09:00,5984.81,1
W_00005919,C_00193272,ATM_00157,2026-01-21 07:35:00,13282.51,1
W_00005920,C_00193354,ATM_00253,2026-01-21 16:46:00,37660.29,1
W_00005921,C_00193388,ATM_00064,2026-01-20 22:27:00,760.43,1
W_00005922,C_00193435,ATM_00085,2026-01-20 18:41:00,8481.92,1
W_00005923,C_00193437,ATM_00088,2026-01-20 22:18:00,2065.31,1
W_00005924,C_00193540,ATM_01360,2026-01-20 15:57:00,18889.54,1
W_00005925,C_00193606,ATM_00968,2026-01-20 23:04:00,17138.93,1
W_00005926,C_00193615,ATM_00606,2026-01-21 08:24:00,5846.55,1
W_00005927,C_00193616,ATM_01177,2026-01-20 21:12:00,31073.99,1
W_00005928,C_00193753,ATM_00332,2026-01-21 11:10:00,26111.62,1
W_00005929,C_00193798,ATM_00834,2026-01-20 21:50:00,2312.13,1
W_00005930,C_00193847,ATM_00408,2026-01-21 16:12:00,8374.64,1
W_00005931,C_00193899,ATM_00897,2026-01-21 13:13:00,11741.09,1
W_00005932,C_00193916,ATM_00098,2026-01-21 15:24:00,46343.83,1
W_00005933,C_00193920,ATM_00455,2026-01-21 20:10:00,6793.3,1
W_00005934,C_00194097,ATM_01389,2026-01-21 02:26:00,4348.56,1
W_00005935,C_00194180,ATM_00812,2026-01-21 00:29:00,18842.56,1
W_00005936,C_00194184,ATM_00998,2026-01-21 01:35:00,27988.99,1
W_00005937,C_00194203,ATM_01449,2026-01-21 03:10:00,15746.11,1
W_00005938,C_00194236,ATM_01489,2026-01-21 04:03:00,6805.02,1
W_00005939,C_00194262,ATM_01125,2026-01-21 05:40:00,2094.38,1
W_00005940,C_00194270,ATM_01485,2026-01-21 02:20:00,7119.09,1
W_00005941,C_00194377,ATM_00871,2026-01-20 22:02:00,5635.42,1
W_00005942,C_00194385,ATM_00240,2026-01-21 13:27:00,13603.71,1
W_00005943,C_00194387,ATM_00605,2026-01-21 06:53:00,39543.41,1
W_00005944,C_00194456,ATM_00055,2026-01-21 06:11:00,10765.77,1
W_00005945,C_00194613,ATM_01271,2026-01-20 19:22:00,11238.52,1
W_00005946,C_00194656,ATM_00407,2026-01-21 00:51:00,4219.74,1
W_00005947,C_00194679,ATM_00749,2026-01-20 06:40:00,11535.36,1
W_00005948,C_00194683,ATM_01046,2026-01-21 22:45:00,37785.05,1
W_00005949,C_00194693,ATM_00708,2026-01-21 21:36:00,8269.64,1
W_00005950,C_00194716,ATM_00998,2026-01-21 08:50:00,15808.59,1
W_00005951,C_00194737,ATM_00985,2026-01-20 06:21:00,5716.57,1
W_00005952,C_00194770,ATM_01290,2026-01-21 13:55:00,3334.23,1
W_00005953,C_00194814,ATM_00243,2026-01-20 19:12:00,9263.45,1
W_00005954,C_00194817,ATM_00684,2026-01-20 22:26:00,3255.23,1
W_00005955,C_00194868,ATM_00652,2026-01-21 03:20:00,23968.93,1
W_00005956,C_00194947,ATM_00145,2026-01-20 14:44:00,5274.64,1
W_00005957,C_00194988,ATM_00785,2026-01-20 23:23:00,7945.24,1
W_00005958,C_00195002,ATM_00256,2026-01-20 22:16:00,7417.0,1
W_00005959,C_00195028,ATM_01423,2026-01-21 05:10:00,14143.22,1
W_00005960,C_00195049,ATM_00158,2026-01-20 17:40:00,24372.99,1
W_00005961,C_00195062,ATM_01352,2026-01-21 10:45:00,5908.46,1
W_00005962,C_00195088,ATM_00218,2026-01-21 04:37:00,11602.75,1
W_00005963,C_00195107,ATM_00548,2026-01-21 06:06:00,4255.25,1
W_00005964,C_00195177,ATM_01169,2026-01-20 16:35:00,28592.21,1
W_00005965,C_00195194,ATM_00206,2026-01-21 01:29:00,6941.53,1
W_00005966,C_00195211,ATM_00317,2026-01-21 14:51:00,16832.39,1
W_00005967,C_00195279,ATM_00453,2026-01-21 06:34:00,27101.3,1
W_00005968,C_00195327,ATM_00145,2026-01-21 06:56:00,1419.46,1
W_00005969,C_00195386,ATM_01119,2026-01-21 07:56:00,3859.43,1
W_00005970,C_00195406,ATM_01143,2026-01-21 08:15:00,4447.68,1
W_00005971,C_00195460,ATM_00726,2026-01-21 06:50:00,3471.9,1
W_00005972,C_00195527,ATM_01054,2026-01-21 01:38:00,22615.24,1
W_00005973,C_00195587,ATM_01343,2026-01-21 07:13:00,11160.8,1
W_00005974,C_00195597,ATM_01311,2026-01-21 09:29:00,5434.83,1
W_00005975,C_00195602,ATM_01038,2026-01-20 16:37:00,877.79,1
W_00005976,C_00195660,ATM_00755,2026-01-21 13:11:00,10769.23,1
W_00005977,C_00195678,ATM_01290,2026-01-21 07:04:00,14279.98,1
W_00005978,C_00195753,ATM_00224,2026-01-21 05:42:00,22512.2,1
W_00005979,C_00195762,ATM_00041,2026-01-21 05:03:00,706.09,1
W_00005980,C_00195771,ATM_00311,2026-01-20 19:37:00,110011.05,1
W_00005981,C_00195838,ATM_00811,2026-01-21 05:32:00,20314.57,1
W_00005982,C_00195843,ATM_00720,2026-01-21 01:10:00,21265.21,1
W_00005983,C_00195848,ATM_00732,2026-01-21 15:48:00,36198.55,1
W_00005984,C_00195874,ATM_01273,2026-01-21 14:19:00,4107.95,1
W_00005985,C_00195902,ATM_00483,2026-01-21 07:02:00,19399.7,1
W_00005986,C_00195911,ATM_00571,2026-01-20 14:12:00,8336.13,1
W_00005987,C_00195929,ATM_01338,2026-01-21 07:39:00,17438.77,1
W_00005988,C_00195949,ATM_00269,2026-01-20 22:26:00,5679.72,1
W_00005989,C_00195975,ATM_00163,2026-01-21 00:14:00,29393.56,1
W_00005990,C_00195992,ATM_00573,2026-01-21 03:26:00,19221.64,1
W_00005991,C_00196051,ATM_00571,2026-01-21 18:17:00,6318.05,1
W_00005992,C_00196066,ATM_01326,2026-01-21 21:21:00,9357.68,1
W_00005993,C_00196087,ATM_00762,2026-01-21 22:24:00,6115.07,1
W_00005994,C_00196121,ATM_00805,2026-01-21 18:11:00,9308.85,1
W_00005995,C_00196150,ATM_00635,2026-01-22 03:29:00,8282.88,1
W_00005996,C_00196167,ATM_00165,2026-01-21 21:24:00,4721.55,1
W_00005997,C_00196183,ATM_01387,2026-01-22 18:13:00,143767.82,1
W_00005998,C_00196212,ATM_00256,2026-01-21 15:39:00,25478.54,1
W_00005999,C_00196295,ATM_01073,2026-01-21 16:27:00,4301.18,1
W_00006000,C_00196303,ATM_01401,2026-01-22 18:26:00,67822.12,1
W_00006001,C_00196305,ATM_00083,2026-01-22 08:09:00,2369.49,1
W_00006002,C_00196319,ATM_00700,2026-01-22 13:43:00,7487.15,1
W_00006003,C_00196331,ATM_00432,2026-01-22 00:05:00,3433.28,1
W_00006004,C_00196343,ATM_01217,2026-01-22 02:53:00,3926.86,1
W_00006005,C_00196356,ATM_00837,2026-01-22 09:55:00,5033.51,1
W_00006006,C_00196378,ATM_00009,2026-01-22 10:16:00,8285.91,1
W_00006007,C_00196462,ATM_01320,2026-01-22 00:34:00,2697.79,1
W_00006008,C_00196495,ATM_01172,2026-01-22 15:52:00,8301.5,1
W_00006009,C_00196510,ATM_00458,2026-01-21 19:04:00,3489.24,1
W_00006010,C_00196527,ATM_00327,2026-01-22 01:16:00,2931.21,1
W_00006011,C_00196538,ATM_00880,2026-01-22 06:39:00,2905.16,1
W_00006012,C_00196551,ATM_00269,2026-01-21 17:36:00,39300.56,1
W_00006013,C_00196557,ATM_00611,2026-01-22 10:40:00,17757.42,1
W_00006014,C_00196571,ATM_00903,2026-01-21 15:31:00,2982.92,1
W_00006015,C_00196598,ATM_00541,2026-01-21 22:25:00,3668.99,1
W_00006016,C_00196680,ATM_01148,2026-01-21 14:29:00,10070.31,1
W_00006017,C_00196717,ATM_00267,2026-01-22 10:20:00,3657.3,1
W_00006018,C_00196738,ATM_00127,2026-01-22 08:48:00,28718.69,1
W_00006019,C_00196752,ATM_00777,2026-01-21 20:42:00,17200.47,1
W_00006020,C_00196833,ATM_00498,2026-01-22 01:53:00,77747.05,1
W_00006021,C_00196877,ATM_00210,2026-01-22 08:55:00,19429.49,1
W_00006022,C_00196878,ATM_00393,2026-01-22 11:12:00,57373.95,1
W_00006023,C_00196900,ATM_01128,2026-01-22 17:21:00,20654.04,1
W_00006024,C_00196919,ATM_00696,2026-01-21 17:44:00,15087.17,1
W_00006025,C_00196928,ATM_01464,2026-01-21 13:27:00,2551.02,1
W_00006026,C_00196986,ATM_00813,2026-01-22 09:11:00,9734.85,1
W_00006027,C_00197042,ATM_00187,2026-01-22 02:56:00,32333.02,1
W_00006028,C_00197060,ATM_00174,2026-01-21 18:31:00,5355.03,1
W_00006029,C_00197108,ATM_00453,2026-01-22 00:44:00,40657.87,1
W_00006030,C_00197157,ATM_01048,2026-01-22 03:57:00,39477.44,1
W_00006031,C_00197194,ATM_01083,2026-01-21 23:58:00,4902.7,1
W_00006032,C_00197244,ATM_00465,2026-01-22 01:08:00,5149.72,1
W_00006033,C_00197250,ATM_01327,2026-01-22 04:48:00,1224.61,1
W_00006034,C_00197289,ATM_01388,2026-01-22 01:25:00,14306.85,1
W_00006035,C_00197312,ATM_00645,2026-01-21 23:53:00,75065.26,1
W_00006036,C_00197317,ATM_00216,2026-01-22 14:56:00,10909.99,1
W_00006037,C_00197328,ATM_00036,2026-01-22 07:26:00,15623.04,1
W_00006038,C_00197361,ATM_00123,2026-01-21 16:57:00,26200.28,1
W_00006039,C_00197364,ATM_01126,2026-01-21 13:16:00,17753.21,1
W_00006040,C_00197368,ATM_00168,2026-01-22 15:46:00,2665.15,1
W_00006041,C_00197379,ATM_01322,2026-01-22 07:46:00,65501.44,1
W_00006042,C_00197451,ATM_01251,2026-01-21 17:12:00,16156.78,1
W_00006043,C_00197458,ATM_00139,2026-01-21 22:50:00,695.45,1
W_00006044,C_00197474,ATM_00857,2026-01-21 08:38:00,7071.3,1
W_00006045,C_00197574,ATM_00795,2026-01-21 16:38:00,10964.6,1
W_00006046,C_00197606,ATM_01264,2026-01-22 08:48:00,1546.53,1
W_00006047,C_00197644,ATM_00462,2026-01-21 23:37:00,20478.62,1
W_00006048,C_00197661,ATM_00739,2026-01-22 13:30:00,16163.31,1
W_00006049,C_00197725,ATM_01036,2026-01-21 13:08:00,14030.84,1
W_00006050,C_00197764,ATM_01373,2026-01-21 23:25:00,4175.81,1
W_00006051,C_00197800,ATM_00317,2026-01-21 23:54:00,45085.63,1
W_00006052,C_00197864,ATM_00934,2026-01-22 07:45:00,11384.78,1
W_00006053,C_00197873,ATM_01061,2026-01-21 15:28:00,6578.41,1
W_00006054,C_00197879,ATM_00084,2026-01-21 22:21:00,727.36,1
W_00006055,C_00197899,ATM_00046,2026-01-21 22:43:00,8234.32,1
W_00006056,C_00197934,ATM_00738,2026-01-22 04:23:00,17374.28,1
W_00006057,C_00197991,ATM_00146,2026-01-22 08:04:00,36691.39,1
W_00006058,C_00198029,ATM_00456,2026-01-22 03:17:00,5837.01,1
W_00006059,C_00198048,ATM_00052,2026-01-22 09:55:00,5642.23,1
W_00006060,C_00198112,ATM_00992,2026-01-21 19:40:00,500.0,1
W_00006061,C_00198136,ATM_00684,2026-01-22 00:52:00,30738.35,1
W_00006062,C_00198224,ATM_00253,2026-01-22 10:44:00,7941.03,1
W_00006063,C_00198281,ATM_01127,2026-01-21 13:13:00,2185.96,1
W_00006064,C_00198282,ATM_00572,2026-01-22 07:24:00,7861.93,1
W_00006065,C_00198289,ATM_01268,2026-01-21 19:09:00,2425.56,1
W_00006066,C_00198297,ATM_01116,2026-01-22 12:31:00,11218.41,1
W_00006067,C_00198302,ATM_00775,2026-01-22 21:48:00,36025.4,1
W_00006068,C_00198304,ATM_00048,2026-01-22 07:52:00,11487.82,1
W_00006069,C_00198314,ATM_00484,2026-01-21 18:46:00,10221.66,1
W_00006070,C_00198530,ATM_00732,2026-01-22 08:00:00,42516.68,1
W_00006071,C_00198540,ATM_00226,2026-01-21 12:48:00,27837.89,1
W_00006072,C_00198553,ATM_00580,2026-01-22 14:30:00,22193.18,1
W_00006073,C_00198565,ATM_00892,2026-01-21 22:44:00,23264.12,1
W_00006074,C_00198572,ATM_01091,2026-01-22 14:44:00,4111.92,1
W_00006075,C_00198606,ATM_01152,2026-01-22 01:10:00,16114.03,1
W_00006076,C_00198651,ATM_00275,2026-01-21 21:20:00,10226.27,1
W_00006077,C_00198656,ATM_01052,2026-01-21 20:52:00,10306.03,1
W_00006078,C_00198710,ATM_00320,2026-01-22 02:47:00,16499.21,1
W_00006079,C_00198742,ATM_01365,2026-01-21 23:55:00,5353.11,1
W_00006080,C_00198809,ATM_00058,2026-01-21 18:48:00,2663.44,1
W_00006081,C_00198833,ATM_00276,2026-01-21 12:03:00,51763.91,1
W_00006082,C_00198872,ATM_00414,2026-01-21 21:34:00,11876.47,1
W_00006083,C_00198881,ATM_01354,2026-01-22 15:31:00,26622.05,1
W_00006084,C_00198920,ATM_00706,2026-01-21 20:26:00,40909.59,1
W_00006085,C_00198953,ATM_01346,2026-01-21 13:24:00,17639.88,1
W_00006086,C_00198972,ATM_00318,2026-01-22 00:05:00,3465.56,1
W_00006087,C_00198981,ATM_00423,2026-01-22 06:32:00,200000.0,1
W_00006088,C_00198983,ATM_01465,2026-01-21 15:02:00,5593.37,1
W_00006089,C_00199005,ATM_00884,2026-01-22 12:24:00,43262.13,1
W_00006090,C_00199047,ATM_00314,2026-01-22 06:49:00,9992.48,1
W_00006091,C_00199112,ATM_01269,2026-01-22 05:30:00,25661.69,1
W_00006092,C_00199129,ATM_00445,2026-01-22 07:19:00,26247.92,1
W_00006093,C_00199135,ATM_01251,2026-01-22 07:37:00,3480.54,1
W_00006094,C_00199164,ATM_01262,2026-01-22 20:29:00,20385.74,1
W_00006095,C_00199170,ATM_01354,2026-01-21 18:35:00,11952.81,1
W_00006096,C_00199236,ATM_00474,2026-01-22 19:40:00,16136.87,1
W_00006097,C_00199281,ATM_00683,2026-01-22 05:33:00,5857.04,1
W_00006098,C_00199306,ATM_00675,2026-01-22 05:14:00,50196.96,1
W_00006099,C_00199346,ATM_01023,2026-01-21 16:53:00,20457.61,1
W_00006100,C_00199410,ATM_01372,2026-01-22 09:28:00,4125.14,1
W_00006101,C_00199414,ATM_00705,2026-01-21 06:07:00,3154.93,1
W_00006102,C_00199424,ATM_01361,2026-01-22 01:33:00,3887.8,1
W_00006103,C_00199425,ATM_00386,2026-01-22 12:33:00,11263.72,1
W_00006104,C_00199512,ATM_00232,2026-01-22 04:47:00,16086.7,1
W_00006105,C_00199549,ATM_00524,2026-01-22 09:21:00,7535.22,1
W_00006106,C_00199605,ATM_00596,2026-01-21 22:36:00,7552.32,1
W_00006107,C_00199610,ATM_00177,2026-01-21 10:56:00,6037.68,1
W_00006108,C_00199612,ATM_00174,2026-01-22 02:36:00,24556.14,1
W_00006109,C_00199627,ATM_00511,2026-01-21 21:16:00,7584.14,1
W_00006110,C_00199645,ATM_00020,2026-01-22 00:56:00,1235.18,1
W_00006111,C_00199647,ATM_01094,2026-01-22 07:33:00,45433.18,1
W_00006112,C_00199661,ATM_00664,2026-01-22 00:29:00,3827.92,1
W_00006113,C_00199680,ATM_00272,2026-01-21 21:56:00,2684.55,1
W_00006114,C_00199709,ATM_00521,2026-01-21 23:21:00,7740.58,1
W_00006115,C_00199713,ATM_00211,2026-01-22 06:57:00,35802.88,1
W_00006116,C_00199745,ATM_00628,2026-01-22 17:41:00,9646.15,1
W_00006117,C_00199783,ATM_01270,2026-01-21 20:55:00,844.4,1
W_00006118,C_00199807,ATM_01074,2026-01-21 15:47:00,11799.15,1
W_00006119,C_00199813,ATM_01043,2026-01-22 07:43:00,7344.96,1
W_00006120,C_00199853,ATM_00692,2026-01-21 09:09:00,45839.62,1
W_00006121,C_00199861,ATM_00087,2026-01-21 11:23:00,5422.81,1
W_00006122,C_00199882,ATM_00265,2026-01-22 12:28:00,6733.08,1
W_00006123,C_00199905,ATM_00375,2026-01-22 03:48:00,6092.71,1
W_00006124,C_00199929,ATM_00344,2026-01-22 12:12:00,3596.09,1
W_00006125,C_00199956,ATM_00329,2026-01-22 18:24:00,17816.24,1
W_00006126,C_00199969,ATM_00160,2026-01-21 20:16:00,1499.26,1
W_00006127,C_00200034,ATM_00139,2026-01-22 02:26:00,4097.07,1
W_00006128,C_00200065,ATM_00906,2026-01-22 19:56:00,7759.64,1
W_00006129,C_00200099,ATM_00879,2026-01-22 15:42:00,2456.55,1
W_00006130,C_00200103,ATM_01284,2026-01-22 08:20:00,12319.53,1
W_00006131,C_00200110,ATM_01372,2026-01-21 22:42:00,15136.74,1
W_00006132,C_00200118,ATM_00055,2026-01-22 03:40:00,27471.0,1
W_00006133,C_00200179,ATM_00825,2026-01-22 16:03:00,3111.07,1
W_00006134,C_00200218,ATM_00368,2026-01-22 00:12:00,2383.82,1
W_00006135,C_00200243,ATM_01187,2026-01-21 19:00:00,17362.04,1
W_00006136,C_00200247,ATM_00720,2026-01-22 07:44:00,18330.88,1
W_00006137,C_00200270,ATM_00912,2026-01-21 19:11:00,2128.88,1
W_00006138,C_00200280,ATM_00346,2026-01-22 06:44:00,44482.43,1
W_00006139,C_00200307,ATM_01469,2026-01-22 04:24:00,20587.07,1
W_00006140,C_00200324,ATM_00387,2026-01-21 15:37:00,1190.24,1
W_00006141,C_00200333,ATM_00590,2026-01-22 05:40:00,71512.78,1
W_00006142,C_00200336,ATM_01228,2026-01-21 12:05:00,2424.2,1
W_00006143,C_00200371,ATM_01231,2026-01-21 18:12:00,7736.74,1
W_00006144,C_00200406,ATM_00421,2026-01-21 22:20:00,2805.8,1
W_00006145,C_00200489,ATM_00833,2026-01-22 15:31:00,3086.5,1
W_00006146,C_00200512,ATM_01039,2026-01-22 16:57:00,8431.33,1
W_00006147,C_00200520,ATM_00740,2026-01-22 05:48:00,18497.93,1
W_00006148,C_00200522,ATM_00608,2026-01-21 04:29:00,4396.22,1
W_00006149,C_00200541,ATM_01411,2026-01-21 23:06:00,10861.11,1
W_00006150,C_00200568,ATM_01124,2026-01-21 23:22:00,22306.95,1
W_00006151,C_00200635,ATM_01499,2026-01-21 12:14:00,42711.62,1
W_00006152,C_00200641,ATM_00357,2026-01-22 14:38:00,2498.16,1
W_00006153,C_00200644,ATM_01450,2026-01-21 19:13:00,23963.14,1
W_00006154,C_00200650,ATM_00221,2026-01-22 11:48:00,13959.17,1
W_00006155,C_00200664,ATM_00600,2026-01-22 05:47:00,5934.62,1
W_00006156,C_00200707,ATM_00427,2026-01-22 04:01:00,9834.93,1
W_00006157,C_00200725,ATM_00752,2026-01-21 23:01:00,13789.35,1
W_00006158,C_00200737,ATM_00688,2026-01-22 06:32:00,5570.13,1
W_00006159,C_00200748,ATM_00989,2026-01-21 21:17:00,52207.38,1
W_00006160,C_00200752,ATM_00783,2026-01-21 18:46:00,6134.81,1
W_00006161,C_00200820,ATM_00511,2026-01-22 07:28:00,9293.9,1
W_00006162,C_00200869,ATM_01439,2026-01-21 19:15:00,6597.36,1
W_00006163,C_00200900,ATM_00753,2026-01-22 12:16:00,39078.85,1
W_00006164,C_00200912,ATM_01375,2026-01-21 18:42:00,36617.88,1
W_00006165,C_00200917,ATM_01362,2026-01-21 18:29:00,25805.19,1
W_00006166,C_00200989,ATM_01034,2026-01-21 23:43:00,10992.51,1
W_00006167,C_00201006,ATM_00198,2026-01-22 02:05:00,3038.21,1
W_00006168,C_00201028,ATM_00288,2026-01-22 15:02:00,7642.79,1
W_00006169,C_00201063,ATM_00711,2026-01-22 02:47:00,66119.77,1
W_00006170,C_00201071,ATM_01483,2026-01-21 22:25:00,41479.77,1
W_00006171,C_00201090,ATM_00096,2026-01-22 00:43:00,13827.11,1
W_00006172,C_00201171,ATM_01216,2026-01-22 09:29:00,12031.58,1
W_00006173,C_00201205,ATM_01034,2026-01-22 12:22:00,10681.67,1
W_00006174,C_00201306,ATM_01326,2026-01-22 05:12:00,6308.65,1
W_00006175,C_00201311,ATM_01435,2026-01-21 19:17:00,3139.46,1
W_00006176,C_00201373,ATM_01390,2026-01-22 09:48:00,9577.23,1
W_00006177,C_00201380,ATM_00388,2026-01-22 05:53:00,2396.77,1
W_00006178,C_00201381,ATM_00499,2026-01-22 13:03:00,3195.47,1
W_00006179,C_00201397,ATM_01006,2026-01-22 08:32:00,10469.16,1
W_00006180,C_00201410,ATM_01317,2026-01-22 08:43:00,2955.56,1
W_00006181,C_00201478,ATM_00586,2026-01-22 03:44:00,21820.69,1
W_00006182,C_00201481,ATM_00977,2026-01-21 21:40:00,20953.54,1
W_00006183,C_00201503,ATM_00966,2026-01-22 00:53:00,2161.44,1
W_00006184,C_00201505,ATM_00013,2026-01-21 21:13:00,25892.29,1
W_00006185,C_00201509,ATM_00257,2026-01-21 11:25:00,9403.35,1
W_00006186,C_00201513,ATM_00529,2026-01-22 00:27:00,42843.6,1
W_00006187,C_00201530,ATM_00787,2026-01-21 18:59:00,6167.74,1
W_00006188,C_00201552,ATM_00803,2026-01-22 11:59:00,6679.84,1
W_00006189,C_00201572,ATM_00757,2026-01-22 15:30:00,14131.93,1
W_00006190,C_00201602,ATM_01080,2026-01-22 03:18:00,2068.6,1
W_00006191,C_00201624,ATM_01279,2026-01-21 12:46:00,34734.27,1
W_00006192,C_00201640,ATM_00258,2026-01-22 12:49:00,4292.31,1
W_00006193,C_00201744,ATM_00700,2026-01-22 09:05:00,33258.67,1
W_00006194,C_00201785,ATM_01310,2026-01-22 02:53:00,18848.31,1
W_00006195,C_00201839,ATM_00599,2026-01-22 08:35:00,65097.66,1
W_00006196,C_00201847,ATM_01466,2026-01-22 12:06:00,21524.24,1
W_00006197,C_00201867,ATM_01182,2026-01-22 09:25:00,1708.97,1
W_00006198,C_00201905,ATM_00242,2026-01-21 15:37:00,5564.86,1
W_00006199,C_00201928,ATM_00567,2026-01-22 01:43:00,14947.64,1
W_00006200,C_00202024,ATM_00199,2026-01-22 13:19:00,25028.47,1
W_00006201,C_00202073,ATM_00645,2026-01-21 02:56:00,15731.17,1
W_00006202,C_00202084,ATM_00928,2026-01-21 22:20:00,9047.19,1
W_00006203,C_00202106,ATM_00289,2026-01-21 22:47:00,15234.78,1
W_00006204,C_00202133,ATM_00186,2026-01-22 08:07:00,629.86,1
W_00006205,C_00202153,ATM_01489,2026-01-22 08:50:00,1707.46,1
W_00006206,C_00202172,ATM_00505,2026-01-22 10:31:00,44963.22,1
W_00006207,C_00202247,ATM_01418,2026-01-21 14:42:00,4255.02,1
W_00006208,C_00202283,ATM_00404,2026-01-22 14:54:00,5585.1,1
W_00006209,C_00202337,ATM_01385,2026-01-21 21:14:00,18045.82,1
W_00006210,C_00202355,ATM_00627,2026-01-22 12:08:00,17129.21,1
W_00006211,C_00202363,ATM_00539,2026-01-21 18:30:00,13128.11,1
W_00006212,C_00202365,ATM_01353,2026-01-22 00:07:00,33236.42,1
W_00006213,C_00202402,ATM_00936,2026-01-22 09:50:00,3960.46,1
W_00006214,C_00202404,ATM_00737,2026-01-22 06:24:00,2566.34,1
W_00006215,C_00202422,ATM_01382,2026-01-21 20:34:00,11843.35,1
W_00006216,C_00202457,ATM_00229,2026-01-22 00:06:00,15736.5,1
W_00006217,C_00202458,ATM_01017,2026-01-21 21:05:00,63305.88,1
W_00006218,C_00202534,ATM_00002,2026-01-22 03:50:00,32776.79,1
W_00006219,C_00202646,ATM_01355,2026-01-22 01:55:00,47463.01,1
W_00006220,C_00202647,ATM_00029,2026-01-21 09:37:00,2005.32,1
W_00006221,C_00202676,ATM_00547,2026-01-22 09:29:00,5776.6,1
W_00006222,C_00202677,ATM_01012,2026-01-21 13:12:00,2743.66,1
W_00006223,C_00202761,ATM_00486,2026-01-22 10:44:00,10430.23,1
W_00006224,C_00202862,ATM_00136,2026-01-22 16:53:00,3992.62,1
W_00006225,C_00202873,ATM_00323,2026-01-22 11:52:00,2631.62,1
W_00006226,C_00202942,ATM_01473,2026-01-21 17:09:00,3639.77,1
W_00006227,C_00202966,ATM_00527,2026-01-22 10:00:00,31480.98,1
W_00006228,C_00203004,ATM_01220,2026-01-21 08:38:00,7496.2,1
W_00006229,C_00203015,ATM_01443,2026-01-22 11:47:00,3984.72,1
W_00006230,C_00203032,ATM_00410,2026-01-22 04:02:00,9425.14,1
W_00006231,C_00203124,ATM_01411,2026-01-22 10:25:00,44407.94,1
W_00006232,C_00203179,ATM_01220,2026-01-21 09:12:00,6994.32,1
W_00006233,C_00203301,ATM_01423,2026-01-22 02:30:00,10047.27,1
W_00006234,C_00203308,ATM_00808,2026-01-22 09:39:00,4927.76,1
W_00006235,C_00203309,ATM_01088,2026-01-22 16:34:00,30658.64,1
W_00006236,C_00203371,ATM_01446,2026-01-22 09:20:00,4646.46,1
W_00006237,C_00203390,ATM_01148,2026-01-21 20:16:00,1282.57,1
W_00006238,C_00203397,ATM_01256,2026-01-22 13:14:00,2681.04,1
W_00006239,C_00203477,ATM_01417,2026-01-22 07:38:00,3622.69,1
W_00006240,C_00203494,ATM_01398,2026-01-22 08:22:00,13063.76,1
W_00006241,C_00203496,ATM_00383,2026-01-21 14:36:00,36724.93,1
W_00006242,C_00203522,ATM_00067,2026-01-22 00:09:00,31705.22,1
W_00006243,C_00203621,ATM_01305,2026-01-22 14:53:00,11802.51,1
W_00006244,C_00203661,ATM_00269,2026-01-21 22:38:00,78874.52,1
W_00006245,C_00203678,ATM_00474,2026-01-22 04:19:00,14268.78,1
W_00006246,C_00203696,ATM_01271,2026-01-22 14:07:00,17665.67,1
W_00006247,C_00203710,ATM_01489,2026-01-22 07:34:00,6318.87,1
W_00006248,C_00203733,ATM_00800,2026-01-21 04:38:00,3390.31,1
W_00006249,C_00203745,ATM_00872,2026-01-21 21:44:00,89937.47,1
W_00006250,C_00203769,ATM_01118,2026-01-21 20:40:00,25086.03,1
W_00006251,C_00203773,ATM_01327,2026-01-21 18:07:00,15272.47,1
W_00006252,C_00203836,ATM_00403,2026-01-22 04:40:00,27055.52,1
W_00006253,C_00203847,ATM_01313,2026-01-22 17:30:00,5341.32,1
W_00006254,C_00203849,ATM_01131,2026-01-22 02:22:00,7124.01,1
W_00006255,C_00203919,ATM_00507,2026-01-21 15:57:00,4453.51,1
W_00006256,C_00203971,ATM_00645,2026-01-22 11:48:00,11419.21,1
W_00006257,C_00204077,ATM_00145,2026-01-22 19:50:00,10637.26,1
W_00006258,C_00204198,ATM_01295,2026-01-22 07:34:00,11138.67,1
W_00006259,C_00204288,ATM_00301,2026-01-22 02:04:00,6524.01,1
W_00006260,C_00204292,ATM_01120,2026-01-21 18:50:00,9490.72,1
W_00006261,C_00204295,ATM_01202,2026-01-22 03:25:00,21519.84,1
W_00006262,C_00204374,ATM_00834,2026-01-21 17:36:00,1040.19,1
W_00006263,C_00204375,ATM_01448,2026-01-21 18:18:00,2436.18,1
W_00006264,C_00204477,ATM_00790,2026-01-22 03:01:00,21977.81,1
W_00006265,C_00204500,ATM_00726,2026-01-22 04:35:00,35772.91,1
W_00006266,C_00204531,ATM_00161,2026-01-22 13:19:00,63433.78,1
W_00006267,C_00204596,ATM_01273,2026-01-22 07:01:00,8944.88,1
W_00006268,C_00204600,ATM_00282,2026-01-22 14:26:00,10838.06,1
W_00006269,C_00204603,ATM_00803,2026-01-22 02:40:00,14404.85,1
W_00006270,C_00204632,ATM_00186,2026-01-22 19:54:00,3500.14,1
W_00006271,C_00204640,ATM_01080,2026-01-22 07:41:00,5627.1,1
W_00006272,C_00204710,ATM_00707,2026-01-22 09:27:00,1458.4,1
W_00006273,C_00204735,ATM_00259,2026-01-22 13:48:00,6036.88,1
W_00006274,C_00204775,ATM_00092,2026-01-21 16:12:00,3756.48,1
W_00006275,C_00204804,ATM_00562,2026-01-21 10:53:00,58214.1,1
W_00006276,C_00204819,ATM_01040,2026-01-22 00:35:00,5004.96,1
W_00006277,C_00204829,ATM_00404,2026-01-22 04:11:00,4390.23,1
W_00006278,C_00204840,ATM_00470,2026-01-22 01:27:00,2990.33,1
W_00006279,C_00204842,ATM_00439,2026-01-21 12:10:00,5240.85,1
W_00006280,C_00204894,ATM_01265,2026-01-22 10:38:00,3880.72,1
W_00006281,C_00204983,ATM_00388,2026-01-22 15:21:00,23294.33,1
W_00006282,C_00205005,ATM_00724,2026-01-22 12:41:00,47601.44,1
W_00006283,C_00205035,ATM_00263,2026-01-22 12:09:00,79526.29,1
W_00006284,C_00205048,ATM_00910,2026-01-22 12:09:00,1560.96,1
W_00006285,C_00205071,ATM_00164,2026-01-21 18:10:00,5986.42,1
W_00006286,C_00205088,ATM_00291,2026-01-22 19:13:00,3585.18,1
W_00006287,C_00205107,ATM_00502,2026-01-21 19:04:00,2799.57,1
W_00006288,C_00205122,ATM_01124,2026-01-22 02:29:00,2541.7,1
W_00006289,C_00205149,ATM_00647,2026-01-21 18:07:00,54509.12,1
W_00006290,C_00205167,ATM_00910,2026-01-21 21:37:00,18018.33,1
W_00006291,C_00205254,ATM_01187,2026-01-22 07:39:00,68402.59,1
W_00006292,C_00205264,ATM_00774,2026-01-22 06:17:00,2319.88,1
W_00006293,C_00205392,ATM_01007,2026-01-22 05:26:00,11041.08,1
W_00006294,C_00205395,ATM_00260,2026-01-21 15:40:00,12487.78,1
W_00006295,C_00205408,ATM_00718,2026-01-21 20:51:00,25316.21,1
W_00006296,C_00205459,ATM_01320,2026-01-22 17:59:00,11769.05,1
W_00006297,C_00205470,ATM_00212,2026-01-22 07:18:00,1652.2,1
W_00006298,C_00205472,ATM_01238,2026-01-21 20:04:00,7524.53,1
W_00006299,C_00205476,ATM_00161,2026-01-22 09:30:00,52412.6,1
W_00006300,C_00205490,ATM_00733,2026-01-21 19:04:00,4475.94,1
W_00006301,C_00205499,ATM_00894,2026-01-21 21:38:00,10631.2,1
W_00006302,C_00205553,ATM_00865,2026-01-22 03:41:00,4765.31,1
W_00006303,C_00205647,ATM_01313,2026-01-22 04:31:00,3423.15,1
W_00006304,C_00205722,ATM_01455,2026-01-21 12:55:00,3804.6,1
W_00006305,C_00205743,ATM_00201,2026-01-22 11:31:00,9246.02,1
W_00006306,C_00205752,ATM_01305,2026-01-22 12:27:00,897.94,1
W_00006307,C_00205788,ATM_00216,2026-01-22 00:50:00,1564.16,1
W_00006308,C_00205837,ATM_01323,2026-01-21 18:08:00,1472.98,1
W_00006309,C_00205949,ATM_01327,2026-01-21 18:45:00,7968.48,1
W_00006310,C_00206011,ATM_00697,2026-01-22 12:23:00,27915.15,1
W_00006311,C_00206034,ATM_00598,2026-01-22 23:46:00,20186.43,1
W_00006312,C_00206128,ATM_01312,2026-01-22 21:09:00,2730.38,1
W_00006313,C_00206139,ATM_00117,2026-01-23 02:56:00,50461.55,1
W_00006314,C_00206143,ATM_00127,2026-01-23 05:33:00,500.0,1
W_00006315,C_00206177,ATM_00864,2026-01-22 03:13:00,14066.33,1
W_00006316,C_00206188,ATM_00617,2026-01-22 19:04:00,7500.95,1
W_00006317,C_00206272,ATM_00894,2026-01-23 02:04:00,4644.31,1
W_00006318,C_00206279,ATM_00842,2026-01-23 17:50:00,29355.62,1
W_00006319,C_00206287,ATM_01182,2026-01-23 09:42:00,4196.79,1
W_00006320,C_00206306,ATM_01268,2026-01-23 04:07:00,17201.75,1
W_00006321,C_00206334,ATM_00214,2026-01-23 11:41:00,4402.9,1
W_00006322,C_00206348,ATM_00589,2026-01-23 02:33:00,5905.36,1
W_00006323,C_00206401,ATM_01127,2026-01-23 04:10:00,3434.0,1
W_00006324,C_00206426,ATM_00720,2026-01-23 19:55:00,21214.1,1
W_00006325,C_00206430,ATM_01051,2026-01-23 07:07:00,20353.89,1
W_00006326,C_00206441,ATM_01014,2026-01-22 20:56:00,4274.25,1
W_00006327,C_00206442,ATM_00722,2026-01-23 14:02:00,12162.54,1
W_00006328,C_00206443,ATM_01034,2026-01-22 17:57:00,7140.11,1
W_00006329,C_00206484,ATM_00427,2026-01-23 00:35:00,12643.11,1
W_00006330,C_00206498,ATM_00909,2026-01-23 06:31:00,22045.24,1
W_00006331,C_00206536,ATM_01037,2026-01-23 04:31:00,16080.87,1
W_00006332,C_00206543,ATM_00323,2026-01-22 11:39:00,1748.57,1
W_00006333,C_00206587,ATM_00927,2026-01-23 11:55:00,1700.72,1
W_00006334,C_00206608,ATM_01044,2026-01-22 20:12:00,37523.34,1
W_00006335,C_00206715,ATM_00473,2026-01-23 01:03:00,2391.4,1
W_00006336,C_00206727,ATM_00237,2026-01-23 05:15:00,4225.17,1
W_00006337,C_00206765,ATM_00348,2026-01-23 01:21:00,2005.14,1
W_00006338,C_00206783,ATM_01218,2026-01-22 21:56:00,2493.04,1
W_00006339,C_00206811,ATM_01279,2026-01-23 09:39:00,11256.66,1
W_00006340,C_00206964,ATM_01035,2026-01-22 20:58:00,26498.09,1
W_00006341,C_00206973,ATM_00670,2026-01-23 05:33:00,4017.82,1
W_00006342,C_00206978,ATM_00492,2026-01-23 05:57:00,12744.36,1
W_00006343,C_00207053,ATM_00386,2026-01-23 06:46:00,4359.76,1
W_00006344,C_00207096,ATM_00312,2026-01-23 19:03:00,12728.46,1
W_00006345,C_00207126,ATM_01434,2026-01-23 00:41:00,6619.83,1
W_00006346,C_00207140,ATM_00259,2026-01-23 20:58:00,1609.3,1
W_00006347,C_00207169,ATM_00976,2026-01-23 04:09:00,6235.04,1
W_00006348,C_00207249,ATM_00678,2026-01-23 10:51:00,2776.4,1
W_00006349,C_00207250,ATM_00146,2026-01-23 08:08:00,13010.77,1
W_00006350,C_00207254,ATM_00056,2026-01-23 02:40:00,5739.72,1
W_00006351,C_00207285,ATM_00311,2026-01-22 11:15:00,7445.06,1
W_00006352,C_00207297,ATM_00709,2026-01-22 22:32:00,81974.49,1
W_00006353,C_00207308,ATM_00699,2026-01-23 09:33:00,27997.25,1
W_00006354,C_00207325,ATM_01424,2026-01-23 04:32:00,1132.59,1
W_00006355,C_00207349,ATM_00367,2026-01-23 15:02:00,4222.4,1
W_00006356,C_00207377,ATM_00193,2026-01-22 15:31:00,44443.81,1
W_00006357,C_00207392,ATM_01017,2026-01-22 20:51:00,8029.22,1
W_00006358,C_00207400,ATM_01208,2026-01-22 22:44:00,8953.23,1
W_00006359,C_00207431,ATM_00043,2026-01-23 01:36:00,3409.37,1
W_00006360,C_00207446,ATM_00295,2026-01-23 15:04:00,112260.81,1
W_00006361,C_00207478,ATM_00299,2026-01-23 03:30:00,60050.26,1
W_00006362,C_00207520,ATM_00435,2026-01-23 02:52:00,3595.04,1
W_00006363,C_00207533,ATM_01375,2026-01-23 19:34:00,8724.27,1
W_00006364,C_00207598,ATM_00082,2026-01-22 13:12:00,5340.19,1
W_00006365,C_00207599,ATM_01209,2026-01-22 23:50:00,8929.36,1
W_00006366,C_00207616,ATM_01464,2026-01-23 07:36:00,1468.44,1
W_00006367,C_00207625,ATM_00220,2026-01-22 21:15:00,9222.13,1
W_00006368,C_00207663,ATM_00867,2026-01-23 12:44:00,4724.23,1
W_00006369,C_00207666,ATM_00889,2026-01-22 10:26:00,36904.65,1
W_00006370,C_00207676,ATM_00912,2026-01-23 07:36:00,12729.4,1
W_00006371,C_00207746,ATM_00286,2026-01-23 06:08:00,13693.66,1
W_00006372,C_00207747,ATM_00409,2026-01-23 19:16:00,27574.18,1
W_00006373,C_00207855,ATM_01091,2026-01-22 21:08:00,11027.8,1
W_00006374,C_00207937,ATM_00531,2026-01-23 02:27:00,7964.04,1
W_00006375,C_00207976,ATM_00094,2026-01-23 09:17:00,5831.32,1
W_00006376,C_00207982,ATM_01189,2026-01-22 17:20:00,6534.51,1
W_00006377,C_00208000,ATM_00073,2026-01-23 08:08:00,2334.59,1
W_00006378,C_00208097,ATM_00324,2026-01-22 18:16:00,9090.32,1
W_00006379,C_00208133,ATM_01342,2026-01-23 05:50:00,15887.56,1
W_00006380,C_00208156,ATM_00441,2026-01-23 05:58:00,10838.15,1
W_00006381,C_00208208,ATM_00731,2026-01-23 12:25:00,43228.26,1
W_00006382,C_00208258,ATM_00908,2026-01-22 23:46:00,58258.0,1
W_00006383,C_00208267,ATM_00289,2026-01-23 03:09:00,18305.95,1
W_00006384,C_00208356,ATM_01411,2026-01-23 11:44:00,7517.43,1
W_00006385,C_00208463,ATM_01069,2026-01-23 13:39:00,1432.23,1
W_00006386,C_00208476,ATM_00029,2026-01-22 10:40:00,20117.94,1
W_00006387,C_00208492,ATM_00450,2026-01-23 04:02:00,3873.31,1
W_00006388,C_00208496,ATM_01407,2026-01-22 13:01:00,18550.27,1
W_00006389,C_00208503,ATM_00319,2026-01-23 10:08:00,12428.08,1
W_00006390,C_00208536,ATM_00071,2026-01-22 23:19:00,3859.77,1
W_00006391,C_00208684,ATM_00216,2026-01-22 18:49:00,7153.14,1
W_00006392,C_00208707,ATM_00609,2026-01-22 16:11:00,3442.97,1
W_00006393,C_00208716,ATM_01391,2026-01-23 11:28:00,13689.69,1
W_00006394,C_00208720,ATM_01129,2026-01-23 06:34:00,27905.15,1
W_00006395,C_00208777,ATM_00105,2026-01-23 19:01:00,2184.37,1
W_00006396,C_00208794,ATM_01084,2026-01-23 03:08:00,6933.55,1
W_00006397,C_00208800,ATM_00230,2026-01-22 16:47:00,26997.08,1
W_00006398,C_00208847,ATM_01172,2026-01-22 18:31:00,5989.06,1
W_00006399,C_00208885,ATM_01436,2026-01-23 09:32:00,2993.85,1
W_00006400,C_00208892,ATM_01115,2026-01-23 00:24:00,7219.07,1
W_00006401,C_00208936,ATM_00412,2026-01-22 12:39:00,3913.95,1
W_00006402,C_00208941,ATM_00237,2026-01-23 18:13:00,31663.54,1
W_00006403,C_00208975,ATM_00428,2026-01-23 02:29:00,2729.95,1
W_00006404,C_00209078,ATM_01039,2026-01-22 20:07:00,13169.59,1
W_00006405,C_00209093,ATM_00029,2026-01-23 16:33:00,5819.33,1
W_00006406,C_00209121,ATM_00735,2026-01-22 20:20:00,9539.41,1
W_00006407,C_00209123,ATM_00807,2026-01-22 10:27:00,4311.65,1
W_00006408,C_00209433,ATM_00095,2026-01-23 02:33:00,7454.93,1
W_00006409,C_00209442,ATM_00256,2026-01-23 07:34:00,59483.07,1
W_00006410,C_00209520,ATM_00101,2026-01-22 22:38:00,2761.62,1
W_00006411,C_00209537,ATM_01375,2026-01-23 05:24:00,1538.4,1
W_00006412,C_00209545,ATM_00998,2026-01-23 00:33:00,6063.31,1
W_00006413,C_00209616,ATM_00418,2026-01-23 10:06:00,7174.67,1
W_00006414,C_00209618,ATM_01326,2026-01-23 04:00:00,13672.56,1
W_00006415,C_00209667,ATM_00777,2026-01-23 10:03:00,63937.1,1
W_00006416,C_00209676,ATM_01147,2026-01-23 15:48:00,4778.01,1
W_00006417,C_00209779,ATM_01110,2026-01-22 20:30:00,760.98,1
W_00006418,C_00209790,ATM_01219,2026-01-22 22:51:00,5438.23,1
W_00006419,C_00209828,ATM_01204,2026-01-22 23:13:00,39737.84,1
W_00006420,C_00209831,ATM_00375,2026-01-23 05:45:00,35302.67,1
W_00006421,C_00209911,ATM_00419,2026-01-23 14:55:00,1293.73,1
W_00006422,C_00209946,ATM_00229,2026-01-23 05:51:00,3719.13,1
W_00006423,C_00209979,ATM_00262,2026-01-23 14:34:00,6960.86,1
W_00006424,C_00210028,ATM_00969,2026-01-22 13:42:00,32272.9,1
W_00006425,C_00210126,ATM_00282,2026-01-23 02:06:00,9385.34,1
W_00006426,C_00210134,ATM_01292,2026-01-22 21:34:00,12545.23,1
W_00006427,C_00210147,ATM_00558,2026-01-23 10:55:00,14538.41,1
W_00006428,C_00210201,ATM_00631,2026-01-22 12:55:00,8422.06,1
W_00006429,C_00210214,ATM_00256,2026-01-22 17:51:00,49130.21,1
W_00006430,C_00210227,ATM_01300,2026-01-23 15:31:00,1701.92,1
W_00006431,C_00210231,ATM_01293,2026-01-23 16:28:00,28999.45,1
W_00006432,C_00210262,ATM_00157,2026-01-22 02:45:00,5344.0,1
W_00006433,C_00210299,ATM_01021,2026-01-23 00:39:00,12265.3,1
W_00006434,C_00210316,ATM_00285,2026-01-22 21:18:00,19156.54,1
W_00006435,C_00210330,ATM_01370,2026-01-22 15:38:00,11109.97,1
W_00006436,C_00210355,ATM_00809,2026-01-23 08:18:00,25299.13,1
W_00006437,C_00210360,ATM_01015,2026-01-22 12:22:00,9704.44,1
W_00006438,C_00210384,ATM_00552,2026-01-23 14:34:00,7161.94,1
W_00006439,C_00210388,ATM_00160,2026-01-22 19:41:00,14798.28,1
W_00006440,C_00210426,ATM_00026,2026-01-22 17:54:00,5607.86,1
W_00006441,C_00210456,ATM_01382,2026-01-22 23:30:00,3315.03,1
W_00006442,C_00210491,ATM_01235,2026-01-23 12:00:00,41244.85,1
W_00006443,C_00210520,ATM_00566,2026-01-23 07:40:00,3703.56,1
W_00006444,C_00210555,ATM_00687,2026-01-22 15:39:00,30499.96,1
W_00006445,C_00210568,ATM_00697,2026-01-23 08:55:00,26102.56,1
W_00006446,C_00210617,ATM_00525,2026-01-22 22:32:00,1065.52,1
W_00006447,C_00210702,ATM_01295,2026-01-23 21:45:00,7164.18,1
W_00006448,C_00210757,ATM_00323,2026-01-23 02:36:00,1598.98,1
W_00006449,C_00210777,ATM_00207,2026-01-22 21:52:00,61573.99,1
W_00006450,C_00210810,ATM_01476,2026-01-22 13:25:00,11810.14,1
W_00006451,C_00210819,ATM_00840,2026-01-23 00:20:00,2446.11,1
W_00006452,C_00210835,ATM_00702,2026-01-23 01:13:00,33781.55,1
W_00006453,C_00210861,ATM_01098,2026-01-23 05:32:00,8534.35,1
W_00006454,C_00210887,ATM_00258,2026-01-22 21:38:00,8930.19,1
W_00006455,C_00210914,ATM_00863,2026-01-22 22:04:00,4148.15,1
W_00006456,C_00210927,ATM_00948,2026-01-23 04:17:00,34694.71,1
W_00006457,C_00210941,ATM_00786,2026-01-23 21:29:00,3547.53,1
W_00006458,C_00210969,ATM_00294,2026-01-22 21:59:00,10066.88,1
W_00006459,C_00211039,ATM_00653,2026-01-23 11:31:00,5650.76,1
W_00006460,C_00211067,ATM_00578,2026-01-22 21:29:00,23753.76,1
W_00006461,C_00211086,ATM_00627,2026-01-23 01:43:00,2097.0,1
W_00006462,C_00211135,ATM_00437,2026-01-23 00:13:00,3217.29,1
W_00006463,C_00211141,ATM_00672,2026-01-23 08:55:00,13590.36,1
W_00006464,C_00211165,ATM_00829,2026-01-23 00:15:00,22010.87,1
W_00006465,C_00211186,ATM_01351,2026-01-23 10:17:00,3172.14,1
W_00006466,C_00211220,ATM_00632,2026-01-23 12:58:00,37546.22,1
W_00006467,C_00211223,ATM_00549,2026-01-23 05:31:00,1924.32,1
W_00006468,C_00211277,ATM_00702,2026-01-23 03:24:00,14409.34,1
W_00006469,C_00211283,ATM_01116,2026-01-23 04:32:00,3777.55,1
W_00006470,C_00211368,ATM_00086,2026-01-23 04:02:00,52861.0,1
W_00006471,C_00211399,ATM_00949,2026-01-23 13:47:00,12810.48,1
W_00006472,C_00211432,ATM_00749,2026-01-22 21:59:00,16087.6,1
W_00006473,C_00211485,ATM_01369,2026-01-23 06:56:00,58193.0,1
W_00006474,C_00211529,ATM_00153,2026-01-22 22:29:00,2631.91,1
W_00006475,C_00211573,ATM_00663,2026-01-22 21:41:00,6384.18,1
W_00006476,C_00211615,ATM_01347,2026-01-23 11:45:00,7975.74,1
W_00006477,C_00211628,ATM_01213,2026-01-23 02:45:00,6550.1,1
W_00006478,C_00211632,ATM_00097,2026-01-23 05:41:00,5891.87,1
W_00006479,C_00211665,ATM_00474,2026-01-23 05:06:00,7676.63,1
W_00006480,C_00211737,ATM_00163,2026-01-23 04:03:00,78042.89,1
W_00006481,C_00211752,ATM_00905,2026-01-23 13:07:00,10598.05,1
W_00006482,C_00211802,ATM_00263,2026-01-23 01:30:00,60757.37,1
W_00006483,C_00211872,ATM_00324,2026-01-22 15:36:00,1754.5,1
W_00006484,C_00211926,ATM_00274,2026-01-22 22:00:00,5285.14,1
W_00006485,C_00211932,ATM_00405,2026-01-23 07:06:00,17595.13,1
W_00006486,C_00211953,ATM_00190,2026-01-23 08:17:00,50635.03,1
W_00006487,C_00211992,ATM_00296,2026-01-23 01:12:00,7679.96,1
W_00006488,C_00212026,ATM_00076,2026-01-22 22:34:00,2665.39,1
W_00006489,C_00212061,ATM_00191,2026-01-23 03:30:00,13110.79,1
W_00006490,C_00212130,ATM_00398,2026-01-23 11:57:00,12533.08,1
W_00006491,C_00212135,ATM_00521,2026-01-23 14:45:00,5173.16,1
W_00006492,C_00212141,ATM_01484,2026-01-22 21:37:00,6060.57,1
W_00006493,C_00212142,ATM_00787,2026-01-22 19:34:00,528.55,1
W_00006494,C_00212150,ATM_01150,2026-01-22 23:02:00,34292.92,1
W_00006495,C_00212153,ATM_00614,2026-01-22 11:42:00,6077.2,1
W_00006496,C_00212166,ATM_01313,2026-01-23 07:11:00,27626.92,1
W_00006497,C_00212292,ATM_01406,2026-01-22 19:07:00,47376.02,1
W_00006498,C_00212328,ATM_01361,2026-01-22 20:22:00,19442.96,1
W_00006499,C_00212329,ATM_00904,2026-01-22 17:34:00,4580.77,1
W_00006500,C_00212332,ATM_00944,2026-01-23 03:24:00,14386.41,1
W_00006501,C_00212350,ATM_01319,2026-01-23 03:47:00,12448.87,1
W_00006502,C_00212384,ATM_00402,2026-01-23 04:42:00,23264.46,1
W_00006503,C_00212390,ATM_00163,2026-01-23 16:14:00,2053.07,1
W_00006504,C_00212394,ATM_00002,2026-01-22 23:04:00,2953.54,1
W_00006505,C_00212434,ATM_00239,2026-01-23 01:04:00,3105.6,1
W_00006506,C_00212435,ATM_00725,2026-01-23 01:25:00,3997.42,1
W_00006507,C_00212448,ATM_00726,2026-01-23 07:17:00,6869.03,1
W_00006508,C_00212463,ATM_00978,2026-01-23 12:14:00,3680.26,1
W_00006509,C_00212479,ATM_00916,2026-01-22 22:05:00,6128.0,1
W_00006510,C_00212481,ATM_00487,2026-01-23 01:22:00,2159.59,1
W_00006511,C_00212490,ATM_00819,2026-01-23 01:16:00,28195.06,1
W_00006512,C_00212520,ATM_00102,2026-01-23 05:19:00,6704.43,1
W_00006513,C_00212528,ATM_00957,2026-01-22 18:32:00,8711.95,1
W_00006514,C_00212615,ATM_00312,2026-01-23 04:34:00,17633.76,1
W_00006515,C_00212626,ATM_00686,2026-01-23 01:20:00,6331.99,1
W_00006516,C_00212686,ATM_01220,2026-01-22 23:49:00,8041.37,1
W_00006517,C_00212693,ATM_00911,2026-01-23 03:27:00,30214.8,1
W_00006518,C_00212719,ATM_00888,2026-01-23 06:56:00,62125.51,1
W_00006519,C_00212722,ATM_01466,2026-01-23 17:52:00,10278.51,1
W_00006520,C_00212761,ATM_01156,2026-01-23 17:19:00,20908.81,1
W_00006521,C_00212789,ATM_00590,2026-01-22 17:49:00,8618.12,1
W_00006522,C_00212793,ATM_00923,2026-01-23 12:17:00,12462.14,1
W_00006523,C_00212843,ATM_00652,2026-01-23 01:49:00,15352.81,1
W_00006524,C_00212848,ATM_00477,2026-01-22 09:46:00,1444.77,1
W_00006525,C_00212868,ATM_01454,2026-01-23 16:41:00,7538.52,1
W_00006526,C_00212888,ATM_01197,2026-01-23 01:38:00,3811.57,1
W_00006527,C_00212918,ATM_00193,2026-01-22 15:26:00,12127.5,1
W_00006528,C_00212954,ATM_01103,2026-01-23 03:51:00,43667.64,1
W_00006529,C_00212958,ATM_01365,2026-01-23 12:59:00,8192.03,1
W_00006530,C_00212967,ATM_01208,2026-01-22 23:37:00,2984.6,1
W_00006531,C_00212968,ATM_00880,2026-01-22 23:26:00,3684.17,1
W_00006532,C_00212976,ATM_00336,2026-01-22 18:38:00,4950.79,1
W_00006533,C_00212982,ATM_00069,2026-01-23 11:52:00,7034.95,1
W_00006534,C_00212985,ATM_00210,2026-01-22 22:54:00,157710.58,1
W_00006535,C_00212993,ATM_00737,2026-01-23 10:23:00,1763.94,1
W_00006536,C_00212997,ATM_00040,2026-01-23 11:19:00,13377.9,1
W_00006537,C_00213052,ATM_00767,2026-01-23 17:10:00,2759.48,1
W_00006538,C_00213067,ATM_00356,2026-01-22 23:02:00,24631.29,1
W_00006539,C_00213092,ATM_00432,2026-01-23 04:35:00,2363.18,1
W_00006540,C_00213101,ATM_01270,2026-01-23 00:45:00,1888.53,1
W_00006541,C_00213106,ATM_00581,2026-01-23 06:29:00,10618.38,1
W_00006542,C_00213147,ATM_00859,2026-01-23 02:32:00,1919.32,1
W_00006543,C_00213150,ATM_00277,2026-01-22 23:53:00,59757.33,1
W_00006544,C_00213152,ATM_00541,2026-01-22 16:36:00,7958.67,1
W_00006545,C_00213211,ATM_01467,2026-01-22 21:17:00,3100.26,1
W_00006546,C_00213263,ATM_01106,2026-01-22 16:28:00,2563.64,1
W_00006547,C_00213266,ATM_00112,2026-01-22 15:31:00,4068.45,1
W_00006548,C_00213389,ATM_00916,2026-01-22 21:34:00,39198.48,1
W_00006549,C_00213397,ATM_01478,2026-01-22 09:48:00,2141.91,1
W_00006550,C_00213416,ATM_00397,2026-01-23 00:32:00,40707.8,1
W_00006551,C_00213428,ATM_01307,2026-01-23 06:44:00,103273.32,1
W_00006552,C_00213430,ATM_00126,2026-01-23 02:53:00,63418.06,1
W_00006553,C_00213471,ATM_01473,2026-01-22 18:27:00,3583.94,1
W_00006554,C_00213472,ATM_00763,2026-01-23 20:53:00,4322.54,1
W_00006555,C_00213493,ATM_00948,2026-01-22 20:12:00,32870.47,1
W_00006556,C_00213494,ATM_01173,2026-01-22 12:51:00,2341.83,1
W_00006557,C_00213530,ATM_01354,2026-01-23 04:18:00,11550.69,1
W_00006558,C_00213563,ATM_00100,2026-01-23 09:18:00,23649.1,1
W_00006559,C_00213602,ATM_00746,2026-01-22 17:32:00,12352.25,1
W_00006560,C_00213633,ATM_00401,2026-01-23 03:47:00,15097.18,1
W_00006561,C_00213642,ATM_01214,2026-01-23 10:49:00,968.16,1
W_00006562,C_00213679,ATM_00329,2026-01-23 16:44:00,52722.17,1
W_00006563,C_00213715,ATM_01441,2026-01-23 08:33:00,3600.39,1
W_00006564,C_00213716,ATM_01468,2026-01-23 05:53:00,30144.7,1
W_00006565,C_00213756,ATM_00465,2026-01-23 15:11:00,6346.23,1
W_00006566,C_00213769,ATM_01123,2026-01-23 06:13:00,61859.96,1
W_00006567,C_00213867,ATM_01419,2026-01-23 04:55:00,11255.04,1
W_00006568,C_00213893,ATM_00030,2026-01-22 18:25:00,1123.52,1
W_00006569,C_00213903,ATM_01051,2026-01-23 00:58:00,3256.22,1
W_00006570,C_00213911,ATM_00108,2026-01-23 01:47:00,17771.66,1
W_00006571,C_00213927,ATM_00932,2026-01-23 01:58:00,18041.07,1
W_00006572,C_00213986,ATM_00855,2026-01-22 20:55:00,1304.38,1
W_00006573,C_00213992,ATM_01069,2026-01-23 05:10:00,17427.91,1
W_00006574,C_00214002,ATM_00508,2026-01-22 21:17:00,30594.15,1
W_00006575,C_00214004,ATM_00012,2026-01-23 15:26:00,6162.69,1
W_00006576,C_00214039,ATM_00983,2026-01-22 22:43:00,25016.34,1
W_00006577,C_00214050,ATM_01141,2026-01-22 21:37:00,2244.95,1
W_00006578,C_00214143,ATM_01310,2026-01-22 20:52:00,1434.61,1
W_00006579,C_00214145,ATM_01168,2026-01-23 03:28:00,10656.03,1
W_00006580,C_00214172,ATM_01396,2026-01-22 04:22:00,11343.11,1
W_00006581,C_00214232,ATM_00778,2026-01-22 14:28:00,12667.59,1
W_00006582,C_00214271,ATM_00841,2026-01-22 21:55:00,3814.38,1
W_00006583,C_00214301,ATM_00414,2026-01-23 15:20:00,4748.56,1
W_00006584,C_00214368,ATM_00199,2026-01-23 00:25:00,2981.08,1
W_00006585,C_00214483,ATM_00174,2026-01-23 00:46:00,5130.52,1
W_00006586,C_00214518,ATM_00393,2026-01-23 07:21:00,6366.56,1
W_00006587,C_00214530,ATM_01119,2026-01-23 01:05:00,2506.94,1
W_00006588,C_00214531,ATM_01338,2026-01-22 22:22:00,29299.62,1
W_00006589,C_00214536,ATM_00114,2026-01-23 07:51:00,25842.19,1
W_00006590,C_00214542,ATM_01081,2026-01-22 20:02:00,20204.05,1
W_00006591,C_00214545,ATM_00175,2026-01-22 22:12:00,9838.19,1
W_00006592,C_00214561,ATM_00963,2026-01-23 01:07:00,13906.99,1
W_00006593,C_00214597,ATM_00713,2026-01-22 09:14:00,3001.31,1
W_00006594,C_00214633,ATM_01378,2026-01-23 18:59:00,3032.96,1
W_00006595,C_00214706,ATM_00061,2026-01-23 02:24:00,500.0,1
W_00006596,C_00214747,ATM_01165,2026-01-23 04:56:00,2433.46,1
W_00006597,C_00214774,ATM_00811,2026-01-22 16:50:00,10478.96,1
W_00006598,C_00214816,ATM_00194,2026-01-23 04:15:00,10799.27,1
W_00006599,C_00214864,ATM_01483,2026-01-22 13:44:00,14547.26,1
W_00006600,C_00214898,ATM_00990,2026-01-23 17:49:00,5731.84,1
W_00006601,C_00214899,ATM_00895,2026-01-22 17:31:00,64024.3,1
W_00006602,C_00214920,ATM_00862,2026-01-23 05:43:00,7852.1,1
W_00006603,C_00214922,ATM_00757,2026-01-23 03:00:00,11317.55,1
W_00006604,C_00214985,ATM_00402,2026-01-22 22:10:00,66032.62,1
W_00006605,C_00214991,ATM_01223,2026-01-23 00:08:00,9067.76,1
W_00006606,C_00215011,ATM_01006,2026-01-23 18:07:00,24171.33,1
W_00006607,C_00215017,ATM_00752,2026-01-23 06:40:00,11795.06,1
W_00006608,C_00215055,ATM_01423,2026-01-22 18:52:00,31900.17,1
W_00006609,C_00215062,ATM_01157,2026-01-22 21:50:00,61586.03,1
W_00006610,C_00215065,ATM_01394,2026-01-23 00:18:00,17552.49,1
W_00006611,C_00215135,ATM_01182,2026-01-22 21:15:00,1130.47,1
W_00006612,C_00215156,ATM_01393,2026-01-23 02:13:00,4697.77,1
W_00006613,C_00215175,ATM_00330,2026-01-22 20:11:00,5779.22,1
W_00006614,C_00215179,ATM_00565,2026-01-23 04:44:00,4776.76,1
W_00006615,C_00215209,ATM_01243,2026-01-22 18:08:00,7410.29,1
W_00006616,C_00215243,ATM_00945,2026-01-22 18:46:00,8376.63,1
W_00006617,C_00215290,ATM_00427,2026-01-23 12:34:00,11801.66,1
W_00006618,C_00215291,ATM_00844,2026-01-23 11:44:00,6028.6,1
W_00006619,C_00215292,ATM_00690,2026-01-22 15:07:00,10790.17,1
W_00006620,C_00215305,ATM_00625,2026-01-22 22:15:00,7127.57,1
W_00006621,C_00215319,ATM_00477,2026-01-22 14:14:00,7387.14,1
W_00006622,C_00215371,ATM_01000,2026-01-23 06:37:00,1823.13,1
W_00006623,C_00215391,ATM_00010,2026-01-22 17:57:00,7112.76,1
W_00006624,C_00215452,ATM_01409,2026-01-23 13:16:00,14196.95,1
W_00006625,C_00215576,ATM_00290,2026-01-23 03:19:00,39883.41,1
W_00006626,C_00215578,ATM_00975,2026-01-23 12:22:00,8658.89,1
W_00006627,C_00215601,ATM_00780,2026-01-22 15:57:00,7907.44,1
W_00006628,C_00215648,ATM_00996,2026-01-23 07:32:00,22955.88,1
W_00006629,C_00215680,ATM_01161,2026-01-23 07:15:00,8537.69,1
W_00006630,C_00215721,ATM_01450,2026-01-22 09:03:00,10898.98,1
W_00006631,C_00215726,ATM_01428,2026-01-22 17:23:00,3162.83,1
W_00006632,C_00215766,ATM_00153,2026-01-22 09:10:00,3326.33,1
W_00006633,C_00215789,ATM_01391,2026-01-23 11:50:00,1328.25,1
W_00006634,C_00215885,ATM_00904,2026-01-23 11:40:00,1632.79,1
W_00006635,C_00215897,ATM_00213,2026-01-23 04:02:00,5047.66,1
W_00006636,C_00215913,ATM_01070,2026-01-23 14:00:00,29412.1,1
W_00006637,C_00215930,ATM_00457,2026-01-23 15:08:00,6177.95,1
W_00006638,C_00215948,ATM_00134,2026-01-23 06:01:00,8706.01,1
W_00006639,C_00215997,ATM_00035,2026-01-23 04:53:00,10876.97,1
W_00006640,C_00216011,ATM_01224,2026-01-24 04:10:00,14463.11,1
W_00006641,C_00216021,ATM_01263,2026-01-23 23:55:00,31909.74,1
W_00006642,C_00216022,ATM_01130,2026-01-24 00:22:00,1540.17,1
W_00006643,C_00216034,ATM_00590,2026-01-23 22:13:00,5278.71,1
W_00006644,C_00216069,ATM_00792,2026-01-23 17:39:00,12089.27,1
W_00006645,C_00216077,ATM_01046,2026-01-23 22:59:00,58040.44,1
W_00006646,C_00216119,ATM_01357,2026-01-24 10:09:00,26075.14,1
W_00006647,C_00216164,ATM_01088,2026-01-23 15:01:00,2492.21,1
W_00006648,C_00216168,ATM_00193,2026-01-24 12:01:00,5096.05,1
W_00006649,C_00216272,ATM_00753,2026-01-24 06:43:00,9899.0,1
W_00006650,C_00216301,ATM_00934,2026-01-23 13:55:00,7957.84,1
W_00006651,C_00216397,ATM_00683,2026-01-24 11:57:00,13177.98,1
W_00006652,C_00216461,ATM_01229,2026-01-24 03:18:00,955.21,1
W_00006653,C_00216475,ATM_01495,2026-01-24 17:07:00,45643.59,1
W_00006654,C_00216483,ATM_00558,2026-01-24 01:09:00,30392.15,1
W_00006655,C_00216492,ATM_00399,2026-01-23 13:18:00,34530.56,1
W_00006656,C_00216590,ATM_00636,2026-01-24 00:04:00,34906.39,1
W_00006657,C_00216605,ATM_00865,2026-01-24 01:29:00,4159.55,1
W_00006658,C_00216617,ATM_01208,2026-01-24 04:57:00,63288.63,1
W_00006659,C_00216689,ATM_01146,2026-01-24 17:38:00,5401.87,1
W_00006660,C_00216770,ATM_00271,2026-01-23 13:42:00,6159.27,1
W_00006661,C_00216779,ATM_00444,2026-01-24 12:44:00,894.05,1
W_00006662,C_00216781,ATM_00988,2026-01-23 21:44:00,3025.22,1
W_00006663,C_00216784,ATM_00792,2026-01-24 09:43:00,2298.78,1
W_00006664,C_00216792,ATM_00986,2026-01-24 11:58:00,29549.29,1
W_00006665,C_00216794,ATM_00343,2026-01-24 09:31:00,5232.73,1
W_00006666,C_00216797,ATM_00214,2026-01-23 23:30:00,44946.07,1
W_00006667,C_00216845,ATM_00845,2026-01-24 05:48:00,8057.94,1
W_00006668,C_00216861,ATM_00847,2026-01-24 03:36:00,4500.43,1
W_00006669,C_00216873,ATM_01053,2026-01-24 18:53:00,3962.08,1
W_00006670,C_00216886,ATM_00263,2026-01-24 00:11:00,2451.55,1
W_00006671,C_00216946,ATM_00574,2026-01-24 17:36:00,3604.06,1
W_00006672,C_00216949,ATM_00529,2026-01-24 17:57:00,4076.92,1
W_00006673,C_00217015,ATM_00610,2026-01-24 06:01:00,20909.15,1
W_00006674,C_00217016,ATM_01237,2026-01-23 18:45:00,28000.01,1
W_00006675,C_00217018,ATM_01391,2026-01-24 16:49:00,11987.71,1
W_00006676,C_00217028,ATM_01070,2026-01-24 10:14:00,31177.61,1
W_00006677,C_00217043,ATM_00386,2026-01-24 16:46:00,3670.13,1
W_00006678,C_00217079,ATM_00653,2026-01-24 08:50:00,1201.05,1
W_00006679,C_00217161,ATM_00821,2026-01-23 20:23:00,4388.44,1
W_00006680,C_00217180,ATM_01348,2026-01-23 11:28:00,5023.11,1
W_00006681,C_00217194,ATM_00165,2026-01-24 01:45:00,41881.6,1
W_00006682,C_00217235,ATM_00040,2026-01-24 07:14:00,22698.45,1
W_00006683,C_00217283,ATM_01096,2026-01-24 07:19:00,10392.26,1
W_00006684,C_00217291,ATM_00972,2026-01-23 20:20:00,2915.82,1
W_00006685,C_00217344,ATM_00460,2026-01-23 23:02:00,5618.46,1
W_00006686,C_00217348,ATM_01130,2026-01-23 16:54:00,24668.44,1
W_00006687,C_00217380,ATM_01158,2026-01-23 20:23:00,8697.43,1
W_00006688,C_00217445,ATM_00705,2026-01-24 13:53:00,6049.38,1
W_00006689,C_00217460,ATM_01320,2026-01-23 17:45:00,19757.38,1
W_00006690,C_00217508,ATM_00999,2026-01-23 23:34:00,1902.96,1
W_00006691,C_00217529,ATM_00255,2026-01-24 00:04:00,13333.24,1
W_00006692,C_00217556,ATM_00296,2026-01-24 09:30:00,2411.56,1
W_00006693,C_00217579,ATM_00357,2026-01-24 07:13:00,1672.71,1
W_00006694,C_00217598,ATM_00828,2026-01-23 23:43:00,3713.14,1
W_00006695,C_00217606,ATM_01194,2026-01-24 02:19:00,21950.67,1
W_00006696,C_00217610,ATM_00668,2026-01-24 05:34:00,47575.06,1
W_00006697,C_00217637,ATM_01354,2026-01-23 23:23:00,3111.17,1
W_00006698,C_00217641,ATM_00426,2026-01-23 13:28:00,34764.79,1
W_00006699,C_00217704,ATM_01331,2026-01-23 20:34:00,9956.42,1
W_00006700,C_00217707,ATM_00763,2026-01-24 04:45:00,2134.45,1
W_00006701,C_00217711,ATM_01265,2026-01-24 11:16:00,22865.61,1
W_00006702,C_00217764,ATM_00430,2026-01-23 14:11:00,88928.36,1
W_00006703,C_00217777,ATM_01202,2026-01-24 04:32:00,16306.99,1
W_00006704,C_00217822,ATM_00309,2026-01-24 07:10:00,45794.33,1
W_00006705,C_00217831,ATM_00122,2026-01-24 06:25:00,21634.81,1
W_00006706,C_00217897,ATM_00170,2026-01-23 12:44:00,10041.68,1
W_00006707,C_00217906,ATM_00043,2026-01-24 09:09:00,5443.37,1
W_00006708,C_00217907,ATM_00579,2026-01-23 15:54:00,6148.35,1
W_00006709,C_00217958,ATM_00272,2026-01-23 14:08:00,12791.74,1
W_00006710,C_00217971,ATM_00004,2026-01-23 13:24:00,4485.77,1
W_00006711,C_00217988,ATM_01475,2026-01-23 21:06:00,17321.26,1
W_00006712,C_00218011,ATM_01352,2026-01-24 02:56:00,26103.4,1
W_00006713,C_00218016,ATM_00213,2026-01-24 09:33:00,6932.46,1
W_00006714,C_00218039,ATM_00953,2026-01-24 07:55:00,2493.02,1
W_00006715,C_00218082,ATM_01163,2026-01-24 09:21:00,11555.77,1
W_00006716,C_00218095,ATM_01382,2026-01-23 19:46:00,38645.55,1
W_00006717,C_00218147,ATM_01011,2026-01-24 06:13:00,8641.62,1
W_00006718,C_00218217,ATM_00632,2026-01-24 04:28:00,30605.62,1
W_00006719,C_00218234,ATM_00746,2026-01-23 17:54:00,693.88,1
W_00006720,C_00218286,ATM_01341,2026-01-24 05:19:00,7261.19,1
W_00006721,C_00218296,ATM_01379,2026-01-23 22:18:00,3503.89,1
W_00006722,C_00218313,ATM_00632,2026-01-23 18:20:00,1075.3,1
W_00006723,C_00218319,ATM_00454,2026-01-24 03:27:00,7209.49,1
W_00006724,C_00218320,ATM_00298,2026-01-24 08:33:00,3340.51,1
W_00006725,C_00218383,ATM_01163,2026-01-24 07:13:00,29247.21,1
W_00006726,C_00218399,ATM_00605,2026-01-23 19:07:00,19753.21,1
W_00006727,C_00218422,ATM_00013,2026-01-23 17:15:00,19729.02,1
W_00006728,C_00218469,ATM_01268,2026-01-24 15:28:00,2685.33,1
W_00006729,C_00218497,ATM_00950,2026-01-23 20:09:00,7068.73,1
W_00006730,C_00218500,ATM_01011,2026-01-23 08:42:00,16972.67,1
W_00006731,C_00218517,ATM_01243,2026-01-24 06:48:00,17594.73,1
W_00006732,C_00218582,ATM_01090,2026-01-23 19:22:00,8995.23,1
W_00006733,C_00218642,ATM_00651,2026-01-23 15:06:00,20932.73,1
W_00006734,C_00218669,ATM_00983,2026-01-24 11:28:00,4246.78,1
W_00006735,C_00218676,ATM_00960,2026-01-23 16:20:00,35041.18,1
W_00006736,C_00218716,ATM_00837,2026-01-24 09:43:00,69450.76,1
W_00006737,C_00218729,ATM_00232,2026-01-24 11:25:00,80500.13,1
W_00006738,C_00218769,ATM_00713,2026-01-23 15:39:00,4678.41,1
W_00006739,C_00218794,ATM_00955,2026-01-23 23:37:00,7030.69,1
W_00006740,C_00218810,ATM_01056,2026-01-24 09:39:00,4811.51,1
W_00006741,C_00218820,ATM_00507,2026-01-24 09:48:00,12386.15,1
W_00006742,C_00218837,ATM_01062,2026-01-24 07:02:00,5095.96,1
W_00006743,C_00218858,ATM_01461,2026-01-24 13:23:00,6696.98,1
W_00006744,C_00218881,ATM_00036,2026-01-23 20:20:00,14445.08,1
W_00006745,C_00218906,ATM_01434,2026-01-24 16:06:00,7082.54,1
W_00006746,C_00219030,ATM_01439,2026-01-23 14:31:00,2119.09,1
W_00006747,C_00219042,ATM_01429,2026-01-24 10:55:00,12801.86,1
W_00006748,C_00219071,ATM_00448,2026-01-24 16:16:00,8335.26,1
W_00006749,C_00219148,ATM_01062,2026-01-23 13:21:00,5094.8,1
W_00006750,C_00219197,ATM_01311,2026-01-23 23:19:00,12280.87,1
W_00006751,C_00219229,ATM_00265,2026-01-23 21:36:00,1209.66,1
W_00006752,C_00219326,ATM_00362,2026-01-24 06:19:00,3681.98,1
W_00006753,C_00219434,ATM_00461,2026-01-24 09:12:00,18005.21,1
W_00006754,C_00219491,ATM_00954,2026-01-24 08:06:00,4687.98,1
W_00006755,C_00219528,ATM_00330,2026-01-24 11:20:00,3028.36,1
W_00006756,C_00219551,ATM_01372,2026-01-24 04:47:00,13627.95,1
W_00006757,C_00219589,ATM_01354,2026-01-23 18:49:00,13875.1,1
W_00006758,C_00219609,ATM_00703,2026-01-23 19:25:00,31612.84,1
W_00006759,C_00219615,ATM_00646,2026-01-24 14:19:00,6184.72,1
W_00006760,C_00219663,ATM_00427,2026-01-24 07:52:00,29052.4,1
W_00006761,C_00219698,ATM_00431,2026-01-24 11:39:00,34567.66,1
W_00006762,C_00219703,ATM_00610,2026-01-24 01:40:00,45217.52,1
W_00006763,C_00219712,ATM_01367,2026-01-23 17:05:00,6342.26,1
W_00006764,C_00219729,ATM_00396,2026-01-24 04:22:00,1086.64,1
W_00006765,C_00219756,ATM_01499,2026-01-24 08:13:00,1584.61,1
W_00006766,C_00219764,ATM_00499,2026-01-24 10:01:00,6419.82,1
W_00006767,C_00219824,ATM_00332,2026-01-24 14:00:00,12959.9,1
W_00006768,C_00219907,ATM_01029,2026-01-24 10:49:00,38738.4,1
W_00006769,C_00219912,ATM_00880,2026-01-24 09:01:00,6332.93,1
W_00006770,C_00219923,ATM_00660,2026-01-24 09:34:00,27219.95,1
W_00006771,C_00219934,ATM_00919,2026-01-24 16:55:00,5075.68,1
W_00006772,C_00219963,ATM_01458,2026-01-24 05:32:00,23366.71,1
W_00006773,C_00219982,ATM_00439,2026-01-24 01:40:00,4244.63,1
W_00006774,C_00219990,ATM_00938,2026-01-23 14:05:00,14974.11,1
W_00006775,C_00220027,ATM_01341,2026-01-24 06:49:00,4388.32,1
W_00006776,C_00220031,ATM_00575,2026-01-24 09:44:00,14013.02,1
W_00006777,C_00220036,ATM_01478,2026-01-24 07:07:00,12150.11,1
W_00006778,C_00220085,ATM_00050,2026-01-24 05:50:00,36935.23,1
W_00006779,C_00220162,ATM_00133,2026-01-24 07:55:00,3388.15,1
W_00006780,C_00220163,ATM_01257,2026-01-23 05:54:00,21019.4,1
W_00006781,C_00220200,ATM_00269,2026-01-23 17:43:00,24926.35,1
W_00006782,C_00220272,ATM_01182,2026-01-24 06:11:00,2496.22,1
W_00006783,C_00220303,ATM_00253,2026-01-23 19:21:00,71692.87,1
W_00006784,C_00220304,ATM_00237,2026-01-24 13:30:00,103731.26,1
W_00006785,C_00220331,ATM_01440,2026-01-24 10:23:00,3671.61,1
W_00006786,C_00220416,ATM_00723,2026-01-24 10:36:00,35515.57,1
W_00006787,C_00220422,ATM_00164,2026-01-24 06:00:00,1933.18,1
W_00006788,C_00220428,ATM_00702,2026-01-23 11:05:00,37422.94,1
W_00006789,C_00220442,ATM_01046,2026-01-23 19:17:00,5145.55,1
W_00006790,C_00220447,ATM_00414,2026-01-24 05:10:00,35494.45,1
W_00006791,C_00220458,ATM_00170,2026-01-24 04:42:00,29635.99,1
W_00006792,C_00220574,ATM_00592,2026-01-24 07:45:00,5701.83,1
W_00006793,C_00220575,ATM_01125,2026-01-24 01:20:00,30262.92,1
W_00006794,C_00220580,ATM_00948,2026-01-24 07:25:00,4014.29,1
W_00006795,C_00220769,ATM_00034,2026-01-23 20:11:00,51980.5,1
W_00006796,C_00220818,ATM_00226,2026-01-23 13:09:00,7703.98,1
W_00006797,C_00220852,ATM_00511,2026-01-23 22:28:00,13895.48,1
W_00006798,C_00220862,ATM_00912,2026-01-23 23:56:00,11114.89,1
W_00006799,C_00220880,ATM_00502,2026-01-24 12:09:00,7863.66,1
W_00006800,C_00220903,ATM_00953,2026-01-23 16:55:00,1889.08,1
W_00006801,C_00220909,ATM_00768,2026-01-23 15:06:00,30662.0,1
W_00006802,C_00220928,ATM_01189,2026-01-23 20:40:00,23746.19,1
W_00006803,C_00220943,ATM_01471,2026-01-23 11:16:00,12925.95,1
W_00006804,C_00220951,ATM_00067,2026-01-24 14:56:00,4425.37,1
W_00006805,C_00221022,ATM_00886,2026-01-24 08:14:00,12215.94,1
W_00006806,C_00221029,ATM_00443,2026-01-24 15:04:00,5431.02,1
W_00006807,C_00221035,ATM_00819,2026-01-24 04:40:00,9019.78,1
W_00006808,C_00221070,ATM_01243,2026-01-23 14:22:00,17175.88,1
W_00006809,C_00221221,ATM_00283,2026-01-24 07:04:00,10824.86,1
W_00006810,C_00221270,ATM_00436,2026-01-23 22:00:00,1586.2,1
W_00006811,C_00221302,ATM_00589,2026-01-23 10:41:00,18357.84,1
W_00006812,C_00221357,ATM_00467,2026-01-24 05:23:00,6198.13,1
W_00006813,C_00221394,ATM_00030,2026-01-24 11:38:00,14505.65,1
W_00006814,C_00221412,ATM_00992,2026-01-24 14:22:00,2855.62,1
W_00006815,C_00221414,ATM_00538,2026-01-24 12:24:00,2202.16,1
W_00006816,C_00221430,ATM_00634,2026-01-23 12:27:00,28645.17,1
W_00006817,C_00221450,ATM_01336,2026-01-24 01:15:00,31360.92,1
W_00006818,C_00221466,ATM_00070,2026-01-24 06:21:00,60407.9,1
W_00006819,C_00221534,ATM_00664,2026-01-24 05:41:00,2747.24,1
W_00006820,C_00221568,ATM_00448,2026-01-24 11:53:00,1891.59,1
W_00006821,C_00221655,ATM_00677,2026-01-23 17:21:00,2264.43,1
W_00006822,C_00221720,ATM_00863,2026-01-24 00:57:00,3655.25,1
W_00006823,C_00221738,ATM_00571,2026-01-24 04:54:00,3057.18,1
W_00006824,C_00221756,ATM_00491,2026-01-24 10:17:00,8820.36,1
W_00006825,C_00221820,ATM_00024,2026-01-24 08:28:00,10005.0,1
W_00006826,C_00221825,ATM_01439,2026-01-24 21:18:00,2201.12,1
W_00006827,C_00221846,ATM_00429,2026-01-24 15:14:00,32806.76,1
W_00006828,C_00221881,ATM_01448,2026-01-24 10:07:00,4924.5,1
W_00006829,C_00221889,ATM_00741,2026-01-24 00:38:00,10136.37,1
W_00006830,C_00221966,ATM_01156,2026-01-24 08:03:00,17221.55,1
W_00006831,C_00222030,ATM_01087,2026-01-23 22:56:00,36681.98,1
W_00006832,C_00222046,ATM_01423,2026-01-23 16:25:00,11929.52,1
W_00006833,C_00222055,ATM_00442,2026-01-23 22:46:00,11651.92,1
W_00006834,C_00222066,ATM_01454,2026-01-23 16:50:00,11234.29,1
W_00006835,C_00222076,ATM_00995,2026-01-23 15:16:00,1116.89,1
W_00006836,C_00222101,ATM_01458,2026-01-24 06:52:00,3316.69,1
W_00006837,C_00222102,ATM_00575,2026-01-24 08:31:00,5006.38,1
W_00006838,C_00222106,ATM_01328,2026-01-24 04:42:00,13261.37,1
W_00006839,C_00222152,ATM_00302,2026-01-23 23:31:00,8494.87,1
W_00006840,C_00222172,ATM_00827,2026-01-24 16:48:00,13645.37,1
W_00006841,C_00222227,ATM_00002,2026-01-24 09:48:00,12093.42,1
W_00006842,C_00222234,ATM_00596,2026-01-24 04:44:00,12681.3,1
W_00006843,C_00222303,ATM_01483,2026-01-23 18:00:00,11498.76,1
W_00006844,C_00222307,ATM_00803,2026-01-23 20:52:00,7258.39,1
W_00006845,C_00222326,ATM_00037,2026-01-24 02:39:00,1656.39,1
W_00006846,C_00222338,ATM_00522,2026-01-24 00:33:00,21491.46,1
W_00006847,C_00222375,ATM_00643,2026-01-24 01:53:00,6365.28,1
W_00006848,C_00222471,ATM_00564,2026-01-23 21:17:00,11353.61,1
W_00006849,C_00222480,ATM_00015,2026-01-23 20:53:00,4775.47,1
W_00006850,C_00222503,ATM_01341,2026-01-23 17:01:00,20897.77,1
W_00006851,C_00222570,ATM_01154,2026-01-23 19:02:00,5690.05,1
W_00006852,C_00222594,ATM_00431,2026-01-24 09:17:00,57751.45,1
W_00006853,C_00222644,ATM_01217,2026-01-23 16:28:00,3437.93,1
W_00006854,C_00222728,ATM_00471,2026-01-24 02:52:00,4922.97,1
W_00006855,C_00222751,ATM_00363,2026-01-24 10:28:00,1094.94,1
W_00006856,C_00222765,ATM_00964,2026-01-24 01:40:00,1857.31,1
W_00006857,C_00222803,ATM_00882,2026-01-24 10:48:00,1759.68,1
W_00006858,C_00222855,ATM_00534,2026-01-23 21:16:00,2005.06,1
W_00006859,C_00222858,ATM_01016,2026-01-24 09:34:00,69363.59,1
W_00006860,C_00222895,ATM_00667,2026-01-24 11:54:00,929.03,1
W_00006861,C_00222978,ATM_00310,2026-01-24 03:39:00,10688.94,1
W_00006862,C_00222996,ATM_00554,2026-01-23 17:34:00,5020.87,1
W_00006863,C_00223056,ATM_01200,2026-01-23 19:20:00,1680.27,1
W_00006864,C_00223080,ATM_01314,2026-01-23 15:07:00,14194.88,1
W_00006865,C_00223127,ATM_00781,2026-01-24 14:37:00,7616.0,1
W_00006866,C_00223143,ATM_01344,2026-01-24 16:40:00,9670.99,1
W_00006867,C_00223145,ATM_01103,2026-01-24 10:51:00,902.48,1
W_00006868,C_00223153,ATM_01105,2026-01-24 01:54:00,3946.8,1
W_00006869,C_00223174,ATM_00470,2026-01-24 08:49:00,8924.39,1
W_00006870,C_00223241,ATM_00028,2026-01-23 23:23:00,8456.77,1
W_00006871,C_00223259,ATM_00847,2026-01-23 20:20:00,14742.96,1
W_00006872,C_00223260,ATM_01081,2026-01-24 08:26:00,62182.16,1
W_00006873,C_00223264,ATM_00018,2026-01-23 18:33:00,3107.18,1
W_00006874,C_00223281,ATM_00111,2026-01-23 18:27:00,2910.4,1
W_00006875,C_00223291,ATM_00392,2026-01-23 09:48:00,10092.0,1
W_00006876,C_00223299,ATM_00232,2026-01-23 08:40:00,90995.56,1
W_00006877,C_00223347,ATM_00417,2026-01-24 14:46:00,26294.13,1
W_00006878,C_00223353,ATM_00999,2026-01-23 18:07:00,5068.94,1
W_00006879,C_00223380,ATM_01233,2026-01-23 21:33:00,111126.47,1
W_00006880,C_00223443,ATM_00015,2026-01-23 14:10:00,9852.73,1
W_00006881,C_00223460,ATM_01398,2026-01-23 20:14:00,4466.53,1
W_00006882,C_00223484,ATM_00785,2026-01-23 20:50:00,25209.78,1
W_00006883,C_00223526,ATM_00356,2026-01-23 16:02:00,35800.36,1
W_00006884,C_00223531,ATM_00580,2026-01-23 15:14:00,16487.4,1
W_00006885,C_00223535,ATM_00566,2026-01-24 16:05:00,5491.49,1
W_00006886,C_00223579,ATM_01365,2026-01-24 05:11:00,3056.71,1
W_00006887,C_00223592,ATM_00934,2026-01-24 11:38:00,13787.17,1
W_00006888,C_00223618,ATM_01100,2026-01-24 15:06:00,5868.81,1
W_00006889,C_00223620,ATM_00637,2026-01-24 00:13:00,5237.1,1
W_00006890,C_00223625,ATM_00319,2026-01-23 21:58:00,28230.09,1
W_00006891,C_00223637,ATM_01408,2026-01-23 22:17:00,12205.77,1
W_00006892,C_00223640,ATM_01016,2026-01-24 08:55:00,29400.18,1
W_00006893,C_00223658,ATM_00129,2026-01-24 00:26:00,12752.45,1
W_00006894,C_00223667,ATM_00209,2026-01-23 17:44:00,7912.14,1
W_00006895,C_00223674,ATM_01320,2026-01-23 20:05:00,35869.36,1
W_00006896,C_00223715,ATM_00057,2026-01-23 21:49:00,20063.11,1
W_00006897,C_00223717,ATM_00280,2026-01-23 09:59:00,9720.07,1
W_00006898,C_00223730,ATM_01118,2026-01-23 22:56:00,95422.67,1
W_00006899,C_00223806,ATM_00446,2026-01-24 22:22:00,21440.51,1
W_00006900,C_00223853,ATM_00100,2026-01-23 20:29:00,21979.8,1
W_00006901,C_00223860,ATM_01190,2026-01-23 18:53:00,8791.29,1
W_00006902,C_00223870,ATM_00054,2026-01-23 21:51:00,200000.0,1
W_00006903,C_00223886,ATM_00200,2026-01-23 16:51:00,40822.48,1
W_00006904,C_00223933,ATM_00170,2026-01-24 14:29:00,4988.86,1
W_00006905,C_00223987,ATM_00067,2026-01-24 03:16:00,10169.22,1
W_00006906,C_00224010,ATM_00594,2026-01-23 19:51:00,26439.9,1
W_00006907,C_00224011,ATM_00520,2026-01-24 08:04:00,2967.32,1
W_00006908,C_00224032,ATM_00577,2026-01-24 08:49:00,3888.47,1
W_00006909,C_00224040,ATM_01120,2026-01-24 08:33:00,57830.3,1
W_00006910,C_00224050,ATM_00043,2026-01-24 03:11:00,3973.05,1
W_00006911,C_00224066,ATM_00882,2026-01-23 19:07:00,12285.65,1
W_00006912,C_00224071,ATM_01403,2026-01-24 02:37:00,2279.69,1
W_00006913,C_00224083,ATM_00851,2026-01-23 15:30:00,4241.33,1
W_00006914,C_00224092,ATM_01048,2026-01-23 23:09:00,32145.31,1
W_00006915,C_00224106,ATM_00667,2026-01-23 21:06:00,24687.71,1
W_00006916,C_00224152,ATM_01453,2026-01-24 13:04:00,12274.61,1
W_00006917,C_00224211,ATM_01131,2026-01-24 03:27:00,8806.17,1
W_00006918,C_00224247,ATM_00406,2026-01-24 12:17:00,9898.43,1
W_00006919,C_00224278,ATM_00556,2026-01-24 01:35:00,16000.16,1
W_00006920,C_00224308,ATM_00248,2026-01-24 08:28:00,57318.23,1
W_00006921,C_00224380,ATM_01267,2026-01-24 05:37:00,9456.88,1
W_00006922,C_00224404,ATM_01386,2026-01-23 09:12:00,5106.23,1
W_00006923,C_00224412,ATM_01425,2026-01-23 23:28:00,8184.5,1
W_00006924,C_00224449,ATM_01075,2026-01-23 17:05:00,14596.63,1
W_00006925,C_00224460,ATM_00082,2026-01-24 05:48:00,83293.91,1
W_00006926,C_00224717,ATM_01241,2026-01-23 10:12:00,12759.4,1
W_00006927,C_00224753,ATM_00078,2026-01-24 00:38:00,29984.72,1
W_00006928,C_00224781,ATM_00030,2026-01-24 01:11:00,21788.72,1
W_00006929,C_00224793,ATM_00185,2026-01-24 06:03:00,6382.52,1
W_00006930,C_00224796,ATM_00236,2026-01-23 19:06:00,28652.55,1
W_00006931,C_00224806,ATM_01324,2026-01-24 02:38:00,8948.87,1
W_00006932,C_00224812,ATM_01208,2026-01-24 05:59:00,18362.43,1
W_00006933,C_00224881,ATM_00113,2026-01-24 08:02:00,47787.36,1
W_00006934,C_00224894,ATM_00446,2026-01-23 23:25:00,4562.22,1
W_00006935,C_00224918,ATM_00231,2026-01-24 03:14:00,2891.25,1
W_00006936,C_00224942,ATM_00683,2026-01-23 18:41:00,5214.22,1
W_00006937,C_00224968,ATM_00172,2026-01-24 00:51:00,3392.69,1
W_00006938,C_00225006,ATM_00743,2026-01-23 16:20:00,95382.95,1
W_00006939,C_00225025,ATM_01400,2026-01-24 11:54:00,15079.26,1
W_00006940,C_00225028,ATM_00704,2026-01-24 04:48:00,12409.13,1
W_00006941,C_00225039,ATM_00123,2026-01-24 16:21:00,20508.16,1
W_00006942,C_00225087,ATM_00973,2026-01-24 04:17:00,7526.55,1
W_00006943,C_00225117,ATM_00186,2026-01-23 22:59:00,7395.86,1
W_00006944,C_00225142,ATM_01264,2026-01-24 02:46:00,25367.94,1
W_00006945,C_00225152,ATM_00327,2026-01-24 01:43:00,4929.11,1
W_00006946,C_00225179,ATM_00105,2026-01-24 15:05:00,36638.69,1
W_00006947,C_00225205,ATM_01124,2026-01-24 12:56:00,3337.67,1
W_00006948,C_00225206,ATM_00674,2026-01-23 16:26:00,12153.69,1
W_00006949,C_00225317,ATM_00545,2026-01-24 05:12:00,5907.22,1
W_00006950,C_00225323,ATM_01004,2026-01-24 05:00:00,3092.15,1
W_00006951,C_00225327,ATM_00173,2026-01-23 20:33:00,33716.91,1
W_00006952,C_00225337,ATM_00136,2026-01-23 08:54:00,7812.2,1
W_00006953,C_00225383,ATM_00112,2026-01-23 18:10:00,4354.22,1
W_00006954,C_00225407,ATM_00543,2026-01-24 05:30:00,11016.92,1
W_00006955,C_00225447,ATM_00637,2026-01-23 18:12:00,696.45,1
W_00006956,C_00225449,ATM_00819,2026-01-23 15:47:00,6516.62,1
W_00006957,C_00225479,ATM_01070,2026-01-24 06:45:00,20887.79,1
W_00006958,C_00225485,ATM_01301,2026-01-24 06:05:00,19196.69,1
W_00006959,C_00225488,ATM_00515,2026-01-23 18:35:00,34793.85,1
W_00006960,C_00225495,ATM_00429,2026-01-24 05:59:00,12182.07,1
W_00006961,C_00225518,ATM_01130,2026-01-23 14:35:00,23980.32,1
W_00006962,C_00225550,ATM_00910,2026-01-23 17:01:00,45115.31,1
W_00006963,C_00225563,ATM_01338,2026-01-24 06:30:00,7361.14,1
W_00006964,C_00225572,ATM_00030,2026-01-23 16:34:00,8459.73,1
W_00006965,C_00225593,ATM_01230,2026-01-24 21:37:00,8173.9,1
W_00006966,C_00225609,ATM_00877,2026-01-23 13:02:00,43092.42,1
W_00006967,C_00225610,ATM_00609,2026-01-24 02:17:00,29970.83,1
W_00006968,C_00225691,ATM_00056,2026-01-23 17:00:00,11052.23,1
W_00006969,C_00225710,ATM_00252,2026-01-24 11:23:00,6638.83,1
W_00006970,C_00225732,ATM_00854,2026-01-23 18:53:00,2071.28,1
W_00006971,C_00225741,ATM_00811,2026-01-24 12:52:00,1473.19,1
W_00006972,C_00225752,ATM_00643,2026-01-24 03:37:00,1677.51,1
W_00006973,C_00225769,ATM_00673,2026-01-24 18:07:00,38313.65,1
W_00006974,C_00225821,ATM_00836,2026-01-24 05:04:00,9054.41,1
W_00006975,C_00225911,ATM_00811,2026-01-23 15:42:00,7743.0,1
W_00006976,C_00225916,ATM_00538,2026-01-24 18:48:00,15810.21,1
W_00006977,C_00225923,ATM_00611,2026-01-23 11:19:00,4718.66,1
W_00006978,C_00225925,ATM_01475,2026-01-24 03:02:00,20276.52,1
W_00006979,C_00225950,ATM_00318,2026-01-24 05:17:00,5581.33,1
W_00006980,C_00225980,ATM_00450,2026-01-24 03:46:00,17847.67,1
W_00006981,C_00225981,ATM_01231,2026-01-24 08:01:00,1794.63,1
W_00006982,C_00225987,ATM_00040,2026-01-24 06:36:00,3998.42,1
W_00006983,C_00225988,ATM_01214,2026-01-23 15:19:00,38232.73,1
W_00006984,C_00226010,ATM_01325,2026-01-25 06:14:00,200000.0,1
W_00006985,C_00226071,ATM_00299,2026-01-24 17:47:00,12208.46,1
W_00006986,C_00226107,ATM_01490,2026-01-24 13:39:00,5664.45,1
W_00006987,C_00226132,ATM_01006,2026-01-25 06:57:00,500.0,1
W_00006988,C_00226151,ATM_00097,2026-01-25 03:09:00,43368.64,1
W_00006989,C_00226155,ATM_00318,2026-01-24 19:06:00,31669.41,1
W_00006990,C_00226220,ATM_00483,2026-01-25 12:05:00,67399.15,1
W_00006991,C_00226226,ATM_00013,2026-01-25 08:24:00,8362.63,1
W_00006992,C_00226279,ATM_00035,2026-01-25 04:46:00,1351.49,1
W_00006993,C_00226298,ATM_00703,2026-01-25 05:56:00,8056.73,1
W_00006994,C_00226374,ATM_00939,2026-01-25 21:34:00,10898.2,1
W_00006995,C_00226376,ATM_01492,2026-01-24 16:08:00,1822.32,1
W_00006996,C_00226468,ATM_00724,2026-01-24 21:07:00,11944.12,1
W_00006997,C_00226584,ATM_00217,2026-01-25 04:11:00,25653.89,1
W_00006998,C_00226605,ATM_01045,2026-01-24 18:00:00,6211.12,1
W_00006999,C_00226606,ATM_00962,2026-01-25 12:38:00,61283.05,1
W_00007000,C_00226610,ATM_00988,2026-01-24 20:34:00,13120.7,1
W_00007001,C_00226627,ATM_00134,2026-01-24 02:57:00,4254.03,1
W_00007002,C_00226642,ATM_01250,2026-01-25 07:25:00,2913.91,1
W_00007003,C_00226669,ATM_00349,2026-01-24 23:51:00,14216.58,1
W_00007004,C_00226770,ATM_01280,2026-01-24 11:50:00,5616.29,1
W_00007005,C_00226838,ATM_01451,2026-01-24 18:37:00,43168.49,1
W_00007006,C_00226841,ATM_01478,2026-01-25 11:24:00,37979.02,1
W_00007007,C_00226872,ATM_00843,2026-01-25 11:10:00,7156.02,1
W_00007008,C_00226922,ATM_00771,2026-01-25 19:26:00,5697.76,1
W_00007009,C_00226930,ATM_00447,2026-01-25 11:30:00,2132.68,1
W_00007010,C_00226991,ATM_00441,2026-01-25 08:43:00,22473.32,1
W_00007011,C_00226998,ATM_01406,2026-01-24 07:59:00,11115.3,1
W_00007012,C_00227010,ATM_00126,2026-01-25 05:25:00,14472.62,1
W_00007013,C_00227026,ATM_01278,2026-01-25 00:10:00,17256.92,1
W_00007014,C_00227037,ATM_01099,2026-01-24 10:08:00,17753.46,1
W_00007015,C_00227057,ATM_00150,2026-01-24 18:51:00,42252.91,1
W_00007016,C_00227070,ATM_00696,2026-01-24 18:08:00,13000.91,1
W_00007017,C_00227102,ATM_00719,2026-01-25 02:56:00,2525.13,1
W_00007018,C_00227118,ATM_00043,2026-01-24 19:37:00,36161.87,1
W_00007019,C_00227146,ATM_01354,2026-01-24 16:34:00,18364.4,1
W_00007020,C_00227169,ATM_00228,2026-01-25 01:39:00,40129.82,1
W_00007021,C_00227202,ATM_00648,2026-01-25 11:16:00,38659.8,1
W_00007022,C_00227270,ATM_00363,2026-01-25 07:56:00,11255.86,1
W_00007023,C_00227274,ATM_00550,2026-01-24 21:20:00,6860.45,1
W_00007024,C_00227297,ATM_00611,2026-01-25 01:58:00,5337.05,1
W_00007025,C_00227321,ATM_00103,2026-01-24 12:24:00,48501.06,1
W_00007026,C_00227382,ATM_00551,2026-01-24 10:43:00,33885.55,1
W_00007027,C_00227401,ATM_00771,2026-01-24 23:37:00,38833.32,1
W_00007028,C_00227482,ATM_00374,2026-01-25 03:14:00,2332.03,1
W_00007029,C_00227498,ATM_00873,2026-01-24 23:17:00,7188.83,1
W_00007030,C_00227565,ATM_01107,2026-01-24 21:59:00,1375.63,1
W_00007031,C_00227579,ATM_01019,2026-01-25 07:38:00,4508.19,1
W_00007032,C_00227595,ATM_01317,2026-01-25 10:01:00,3871.51,1
W_00007033,C_00227621,ATM_00825,2026-01-24 20:23:00,14993.16,1
W_00007034,C_00227703,ATM_00791,2026-01-24 16:52:00,500.0,1
W_00007035,C_00227746,ATM_00465,2026-01-24 13:40:00,4263.59,1
W_00007036,C_00227783,ATM_00069,2026-01-25 13:17:00,5497.5,1
W_00007037,C_00227785,ATM_00568,2026-01-24 16:57:00,110145.3,1
W_00007038,C_00227804,ATM_00442,2026-01-25 01:29:00,3229.85,1
W_00007039,C_00227845,ATM_01199,2026-01-24 19:28:00,2899.58,1
W_00007040,C_00227879,ATM_00954,2026-01-24 10:20:00,18587.93,1
W_00007041,C_00227889,ATM_00939,2026-01-25 18:04:00,15283.75,1
W_00007042,C_00227893,ATM_01222,2026-01-25 09:12:00,23509.26,1
W_00007043,C_00227900,ATM_00968,2026-01-24 12:37:00,26993.43,1
W_00007044,C_00228029,ATM_00046,2026-01-24 20:11:00,3636.18,1
W_00007045,C_00228041,ATM_00470,2026-01-24 19:42:00,3125.84,1
W_00007046,C_00228044,ATM_01338,2026-01-25 18:55:00,6116.62,1
W_00007047,C_00228094,ATM_00673,2026-01-25 03:35:00,5200.49,1
W_00007048,C_00228115,ATM_00684,2026-01-25 00:28:00,13199.57,1
W_00007049,C_00228199,ATM_00185,2026-01-25 07:25:00,2858.28,1
W_00007050,C_00228204,ATM_00321,2026-01-24 20:59:00,76269.66,1
W_00007051,C_00228265,ATM_01218,2026-01-25 03:36:00,6778.94,1
W_00007052,C_00228273,ATM_01012,2026-01-24 13:16:00,16802.48,1
W_00007053,C_00228318,ATM_01349,2026-01-25 17:07:00,5987.06,1
W_00007054,C_00228323,ATM_00351,2026-01-25 05:17:00,3892.59,1
W_00007055,C_00228338,ATM_01429,2026-01-25 06:32:00,5318.05,1
W_00007056,C_00228347,ATM_01295,2026-01-25 03:24:00,24707.5,1
W_00007057,C_00228360,ATM_00111,2026-01-25 17:26:00,11986.96,1
W_00007058,C_00228399,ATM_00749,2026-01-24 19:28:00,8029.81,1
W_00007059,C_00228469,ATM_01497,2026-01-25 06:55:00,19059.82,1
W_00007060,C_00228471,ATM_01436,2026-01-24 17:21:00,20726.05,1
W_00007061,C_00228492,ATM_00301,2026-01-25 17:17:00,6053.47,1
W_00007062,C_00228541,ATM_00173,2026-01-25 18:18:00,9047.06,1
W_00007063,C_00228578,ATM_00369,2026-01-24 08:04:00,4315.9,1
W_00007064,C_00228594,ATM_01098,2026-01-24 13:16:00,17513.82,1
W_00007065,C_00228597,ATM_00674,2026-01-25 00:05:00,40167.22,1
W_00007066,C_00228607,ATM_00469,2026-01-24 11:42:00,30812.52,1
W_00007067,C_00228688,ATM_00557,2026-01-25 07:22:00,29421.8,1
W_00007068,C_00228693,ATM_00866,2026-01-25 05:00:00,13202.92,1
W_00007069,C_00228734,ATM_00339,2026-01-25 16:04:00,15220.16,1
W_00007070,C_00228805,ATM_01446,2026-01-25 07:58:00,22117.79,1
W_00007071,C_00228810,ATM_00346,2026-01-25 03:58:00,847.27,1
W_00007072,C_00228849,ATM_00635,2026-01-24 17:35:00,6037.53,1
W_00007073,C_00228928,ATM_00186,2026-01-25 10:33:00,4482.42,1
W_00007074,C_00228942,ATM_00107,2026-01-24 21:51:00,4056.2,1
W_00007075,C_00229017,ATM_01480,2026-01-25 14:38:00,2615.26,1
W_00007076,C_00229025,ATM_01145,2026-01-24 13:10:00,2972.14,1
W_00007077,C_00229069,ATM_01454,2026-01-24 15:43:00,4978.53,1
W_00007078,C_00229085,ATM_01140,2026-01-24 20:29:00,7947.52,1
W_00007079,C_00229156,ATM_00480,2026-01-24 18:23:00,5244.25,1
W_00007080,C_00229229,ATM_00208,2026-01-25 14:22:00,3106.86,1
W_00007081,C_00229257,ATM_00390,2026-01-24 08:50:00,7843.2,1
W_00007082,C_00229294,ATM_00943,2026-01-24 07:07:00,12762.58,1
W_00007083,C_00229342,ATM_00758,2026-01-24 12:44:00,1708.41,1
W_00007084,C_00229371,ATM_00752,2026-01-25 00:44:00,13455.76,1
W_00007085,C_00229432,ATM_01091,2026-01-25 18:55:00,15946.79,1
W_00007086,C_00229456,ATM_01083,2026-01-24 15:12:00,14008.54,1
W_00007087,C_00229488,ATM_00030,2026-01-24 13:43:00,3268.27,1
W_00007088,C_00229499,ATM_01429,2026-01-25 16:42:00,3447.11,1
W_00007089,C_00229506,ATM_00776,2026-01-24 09:09:00,8716.47,1
W_00007090,C_00229570,ATM_00984,2026-01-25 00:14:00,8509.46,1
W_00007091,C_00229653,ATM_01410,2026-01-24 20:09:00,8195.89,1
W_00007092,C_00229656,ATM_01488,2026-01-24 11:08:00,6509.94,1
W_00007093,C_00229741,ATM_00213,2026-01-25 02:48:00,6943.54,1
W_00007094,C_00229761,ATM_00844,2026-01-25 05:19:00,4523.55,1
W_00007095,C_00229767,ATM_00293,2026-01-25 11:51:00,1888.91,1
W_00007096,C_00229791,ATM_00871,2026-01-24 17:51:00,43664.77,1
W_00007097,C_00229817,ATM_01078,2026-01-24 21:48:00,7166.07,1
W_00007098,C_00229846,ATM_00232,2026-01-25 11:14:00,12853.78,1
W_00007099,C_00229863,ATM_00102,2026-01-25 23:58:00,3807.22,1
W_00007100,C_00229866,ATM_01270,2026-01-25 01:01:00,4166.69,1
W_00007101,C_00229884,ATM_00905,2026-01-24 14:49:00,10120.69,1
W_00007102,C_00229924,ATM_00747,2026-01-25 02:33:00,41055.64,1
W_00007103,C_00229935,ATM_01346,2026-01-24 11:23:00,2481.46,1
W_00007104,C_00229962,ATM_01146,2026-01-24 21:47:00,20926.5,1
W_00007105,C_00229964,ATM_01059,2026-01-25 03:49:00,13429.26,1
W_00007106,C_00229995,ATM_00314,2026-01-25 03:07:00,22773.44,1
W_00007107,C_00230005,ATM_00337,2026-01-25 15:19:00,56640.17,1
W_00007108,C_00230102,ATM_01144,2026-01-25 02:06:00,8463.41,1
W_00007109,C_00230175,ATM_00912,2026-01-25 18:51:00,17638.89,1
W_00007110,C_00230228,ATM_01044,2026-01-25 09:11:00,5794.58,1
W_00007111,C_00230243,ATM_00685,2026-01-25 05:23:00,86984.94,1
W_00007112,C_00230249,ATM_00243,2026-01-24 20:24:00,13273.25,1
W_00007113,C_00230254,ATM_01322,2026-01-24 15:10:00,1930.02,1
W_00007114,C_00230279,ATM_00471,2026-01-24 16:39:00,13001.6,1
W_00007115,C_00230375,ATM_01228,2026-01-25 15:43:00,13773.18,1
W_00007116,C_00230419,ATM_00587,2026-01-24 12:14:00,11907.46,1
W_00007117,C_00230432,ATM_00811,2026-01-24 11:00:00,18923.73,1
W_00007118,C_00230482,ATM_00071,2026-01-25 02:35:00,11510.87,1
W_00007119,C_00230486,ATM_01225,2026-01-25 21:54:00,106283.47,1
W_00007120,C_00230501,ATM_00621,2026-01-24 17:02:00,52154.89,1
W_00007121,C_00230513,ATM_00558,2026-01-25 00:16:00,3701.78,1
W_00007122,C_00230604,ATM_00502,2026-01-25 13:13:00,6509.68,1
W_00007123,C_00230610,ATM_00446,2026-01-25 18:10:00,13773.17,1
W_00007124,C_00230621,ATM_00261,2026-01-24 15:29:00,54682.98,1
W_00007125,C_00230622,ATM_00698,2026-01-24 11:55:00,42411.31,1
W_00007126,C_00230682,ATM_00050,2026-01-25 06:45:00,9805.23,1
W_00007127,C_00230745,ATM_00200,2026-01-24 19:25:00,37888.51,1
W_00007128,C_00230784,ATM_00097,2026-01-25 09:54:00,18278.5,1
W_00007129,C_00230794,ATM_01061,2026-01-25 02:40:00,7786.44,1
W_00007130,C_00230911,ATM_00159,2026-01-25 09:43:00,3564.86,1
W_00007131,C_00230950,ATM_00162,2026-01-24 23:41:00,11111.36,1
W_00007132,C_00230985,ATM_00387,2026-01-24 18:07:00,4505.81,1
W_00007133,C_00230990,ATM_01383,2026-01-25 09:53:00,5321.02,1
W_00007134,C_00231025,ATM_01439,2026-01-24 13:38:00,16619.28,1
W_00007135,C_00231035,ATM_01089,2026-01-25 08:58:00,20762.29,1
W_00007136,C_00231113,ATM_01064,2026-01-25 08:10:00,10499.36,1
W_00007137,C_00231143,ATM_00884,2026-01-25 04:28:00,14910.95,1
W_00007138,C_00231147,ATM_01345,2026-01-25 09:17:00,5356.1,1
W_00007139,C_00231186,ATM_00434,2026-01-25 12:54:00,22033.9,1
W_00007140,C_00231206,ATM_00572,2026-01-24 19:53:00,73557.18,1
W_00007141,C_00231216,ATM_01349,2026-01-24 23:12:00,11571.87,1
W_00007142,C_00231271,ATM_01227,2026-01-25 00:42:00,38663.18,1
W_00007143,C_00231287,ATM_01294,2026-01-24 14:17:00,3449.72,1
W_00007144,C_00231292,ATM_01173,2026-01-25 19:59:00,14185.99,1
W_00007145,C_00231298,ATM_00603,2026-01-25 10:04:00,29800.65,1
W_00007146,C_00231366,ATM_01019,2026-01-25 18:05:00,2474.67,1
W_00007147,C_00231372,ATM_00126,2026-01-25 06:48:00,2025.77,1
W_00007148,C_00231385,ATM_01150,2026-01-24 12:00:00,21846.43,1
W_00007149,C_00231404,ATM_00938,2026-01-25 13:18:00,7739.94,1
W_00007150,C_00231514,ATM_00218,2026-01-25 11:36:00,5826.98,1
W_00007151,C_00231520,ATM_00923,2026-01-25 04:05:00,10058.42,1
W_00007152,C_00231555,ATM_01094,2026-01-24 14:31:00,15396.81,1
W_00007153,C_00231564,ATM_00211,2026-01-25 01:15:00,87498.65,1
W_00007154,C_00231627,ATM_00906,2026-01-25 07:36:00,17229.04,1
W_00007155,C_00231641,ATM_01313,2026-01-24 10:49:00,7066.57,1
W_00007156,C_00231679,ATM_01204,2026-01-25 07:39:00,4259.98,1
W_00007157,C_00231680,ATM_00512,2026-01-25 09:54:00,6175.28,1
W_00007158,C_00231684,ATM_01383,2026-01-25 03:50:00,8955.97,1
W_00007159,C_00231686,ATM_00349,2026-01-24 10:53:00,2444.82,1
W_00007160,C_00231719,ATM_00007,2026-01-25 00:15:00,3570.9,1
W_00007161,C_00231760,ATM_01323,2026-01-25 08:30:00,5978.75,1
W_00007162,C_00231777,ATM_00776,2026-01-25 02:16:00,2345.06,1
W_00007163,C_00231817,ATM_01140,2026-01-25 17:17:00,83902.82,1
W_00007164,C_00231828,ATM_00492,2026-01-25 06:46:00,3682.36,1
W_00007165,C_00231932,ATM_01376,2026-01-25 09:03:00,2262.22,1
W_00007166,C_00231963,ATM_00782,2026-01-25 11:29:00,4842.66,1
W_00007167,C_00231993,ATM_00916,2026-01-24 08:25:00,13427.94,1
W_00007168,C_00232025,ATM_00185,2026-01-25 04:01:00,757.5,1
W_00007169,C_00232046,ATM_00705,2026-01-25 14:04:00,2939.29,1
W_00007170,C_00232139,ATM_01489,2026-01-25 17:30:00,11970.99,1
W_00007171,C_00232176,ATM_01112,2026-01-25 08:09:00,43275.02,1
W_00007172,C_00232265,ATM_00422,2026-01-25 06:45:00,13210.56,1
W_00007173,C_00232297,ATM_01197,2026-01-24 12:49:00,25125.88,1
W_00007174,C_00232348,ATM_00157,2026-01-25 02:24:00,6442.13,1
W_00007175,C_00232384,ATM_01259,2026-01-25 11:07:00,19419.57,1
W_00007176,C_00232410,ATM_00839,2026-01-25 16:42:00,9403.0,1
W_00007177,C_00232425,ATM_00963,2026-01-25 12:21:00,61539.6,1
W_00007178,C_00232426,ATM_00375,2026-01-25 04:05:00,85133.55,1
W_00007179,C_00232431,ATM_00405,2026-01-25 10:36:00,2452.72,1
W_00007180,C_00232501,ATM_00887,2026-01-25 06:47:00,4225.84,1
W_00007181,C_00232532,ATM_01463,2026-01-24 18:48:00,26270.95,1
W_00007182,C_00232535,ATM_01232,2026-01-25 18:59:00,13457.66,1
W_00007183,C_00232568,ATM_01330,2026-01-25 08:29:00,5646.25,1
W_00007184,C_00232575,ATM_00870,2026-01-24 17:34:00,32928.58,1
W_00007185,C_00232585,ATM_00088,2026-01-25 10:27:00,1927.69,1
W_00007186,C_00232602,ATM_00652,2026-01-24 23:29:00,6144.31,1
W_00007187,C_00232606,ATM_01128,2026-01-24 18:10:00,42992.09,1
W_00007188,C_00232614,ATM_00444,2026-01-25 11:08:00,6743.0,1
W_00007189,C_00232697,ATM_01491,2026-01-25 03:23:00,33121.2,1
W_00007190,C_00232712,ATM_00796,2026-01-24 12:29:00,1648.29,1
W_00007191,C_00232741,ATM_00582,2026-01-25 00:35:00,4872.57,1
W_00007192,C_00232743,ATM_01339,2026-01-24 15:37:00,4125.21,1
W_00007193,C_00232824,ATM_01380,2026-01-25 08:01:00,2651.38,1
W_00007194,C_00232826,ATM_00608,2026-01-25 03:57:00,27270.61,1
W_00007195,C_00232837,ATM_00258,2026-01-25 15:06:00,52569.79,1
W_00007196,C_00232851,ATM_01254,2026-01-24 13:13:00,4385.68,1
W_00007197,C_00232853,ATM_01129,2026-01-24 18:24:00,706.95,1
W_00007198,C_00232877,ATM_01354,2026-01-24 20:48:00,28926.48,1
W_00007199,C_00232909,ATM_00063,2026-01-25 03:20:00,5861.8,1
W_00007200,C_00232948,ATM_00460,2026-01-25 14:21:00,5260.61,1
W_00007201,C_00233004,ATM_00003,2026-01-25 03:19:00,1222.03,1
W_00007202,C_00233020,ATM_00587,2026-01-25 02:14:00,10696.19,1
W_00007203,C_00233070,ATM_00127,2026-01-25 01:08:00,7187.21,1
W_00007204,C_00233123,ATM_00121,2026-01-25 07:59:00,45654.64,1
W_00007205,C_00233141,ATM_01439,2026-01-24 23:32:00,14023.93,1
W_00007206,C_00233156,ATM_00302,2026-01-25 13:09:00,72488.08,1
W_00007207,C_00233171,ATM_01015,2026-01-25 05:36:00,44638.12,1
W_00007208,C_00233200,ATM_00593,2026-01-24 21:02:00,1968.89,1
W_00007209,C_00233213,ATM_00406,2026-01-24 16:31:00,11424.11,1
W_00007210,C_00233246,ATM_00733,2026-01-24 22:56:00,6381.63,1
W_00007211,C_00233285,ATM_00160,2026-01-24 23:21:00,4158.38,1
W_00007212,C_00233288,ATM_00732,2026-01-25 00:28:00,80647.35,1
W_00007213,C_00233401,ATM_01084,2026-01-25 03:36:00,5430.8,1
W_00007214,C_00233432,ATM_00883,2026-01-25 11:06:00,24210.57,1
W_00007215,C_00233435,ATM_00230,2026-01-24 09:29:00,9622.69,1
W_00007216,C_00233437,ATM_00635,2026-01-25 00:58:00,105705.82,1
W_00007217,C_00233474,ATM_00135,2026-01-25 12:27:00,4630.35,1
W_00007218,C_00233479,ATM_01264,2026-01-25 08:18:00,4972.4,1
W_00007219,C_00233567,ATM_00828,2026-01-24 14:43:00,12151.16,1
W_00007220,C_00233572,ATM_01067,2026-01-24 09:27:00,3533.12,1
W_00007221,C_00233647,ATM_01328,2026-01-24 19:47:00,20603.49,1
W_00007222,C_00233659,ATM_00926,2026-01-25 21:32:00,12137.91,1
W_00007223,C_00233689,ATM_01464,2026-01-25 21:27:00,25032.72,1
W_00007224,C_00233693,ATM_00202,2026-01-25 11:20:00,29769.68,1
W_00007225,C_00233719,ATM_01499,2026-01-24 19:46:00,43751.62,1
W_00007226,C_00233862,ATM_00742,2026-01-24 10:57:00,6026.47,1
W_00007227,C_00233864,ATM_00951,2026-01-24 23:02:00,2324.38,1
W_00007228,C_00233908,ATM_00088,2026-01-25 04:43:00,3207.49,1
W_00007229,C_00234029,ATM_00224,2026-01-26 07:18:00,4041.99,1
W_00007230,C_00234072,ATM_01283,2026-01-26 19:32:00,11516.77,1
W_00007231,C_00234154,ATM_00497,2026-01-25 17:36:00,853.55,1
W_00007232,C_00234172,ATM_00920,2026-01-26 15:09:00,7254.88,1
W_00007233,C_00234190,ATM_01373,2026-01-25 20:24:00,2412.63,1
W_00007234,C_00234241,ATM_00599,2026-01-26 13:52:00,41824.74,1
W_00007235,C_00234275,ATM_00648,2026-01-25 17:34:00,5116.72,1
W_00007236,C_00234359,ATM_00077,2026-01-25 09:58:00,12687.6,1
W_00007237,C_00234385,ATM_01490,2026-01-25 20:57:00,42938.74,1
W_00007238,C_00234444,ATM_00803,2026-01-26 06:08:00,2648.39,1
W_00007239,C_00234445,ATM_01137,2026-01-26 02:22:00,34375.44,1
W_00007240,C_00234517,ATM_00715,2026-01-26 02:01:00,45409.71,1
W_00007241,C_00234524,ATM_00829,2026-01-25 13:11:00,55365.57,1
W_00007242,C_00234605,ATM_00239,2026-01-26 02:58:00,13315.43,1
W_00007243,C_00234609,ATM_01165,2026-01-26 02:40:00,25032.03,1
W_00007244,C_00234626,ATM_00407,2026-01-25 14:30:00,31722.54,1
W_00007245,C_00234657,ATM_01113,2026-01-26 10:50:00,4082.27,1
W_00007246,C_00234676,ATM_00387,2026-01-26 12:55:00,4185.36,1
W_00007247,C_00234684,ATM_00216,2026-01-26 02:44:00,146513.47,1
W_00007248,C_00234686,ATM_01149,2026-01-25 22:10:00,9936.43,1
W_00007249,C_00234689,ATM_00151,2026-01-25 22:42:00,7823.69,1
W_00007250,C_00234700,ATM_01241,2026-01-26 07:09:00,17434.23,1
W_00007251,C_00234721,ATM_00279,2026-01-25 07:05:00,22366.7,1
W_00007252,C_00234737,ATM_00504,2026-01-26 04:14:00,7943.34,1
W_00007253,C_00234788,ATM_00902,2026-01-25 20:05:00,5979.85,1
W_00007254,C_00234789,ATM_00689,2026-01-26 16:21:00,31980.47,1
W_00007255,C_00234805,ATM_00720,2026-01-26 18:06:00,6093.64,1
W_00007256,C_00234858,ATM_01074,2026-01-26 15:15:00,14253.58,1
W_00007257,C_00234877,ATM_00243,2026-01-25 21:38:00,26314.99,1
W_00007258,C_00234898,ATM_00950,2026-01-25 23:39:00,28277.33,1
W_00007259,C_00234917,ATM_00253,2026-01-26 11:21:00,78906.79,1
W_00007260,C_00234937,ATM_00188,2026-01-25 18:13:00,5627.63,1
W_00007261,C_00234970,ATM_01205,2026-01-25 12:42:00,43267.08,1
W_00007262,C_00234979,ATM_00316,2026-01-26 16:03:00,8761.94,1
W_00007263,C_00234983,ATM_00779,2026-01-25 09:36:00,26467.01,1
W_00007264,C_00234987,ATM_01370,2026-01-25 15:34:00,26910.38,1
W_00007265,C_00234999,ATM_00049,2026-01-26 15:40:00,5687.13,1
W_00007266,C_00235002,ATM_00167,2026-01-25 21:23:00,65739.3,1
W_00007267,C_00235020,ATM_01229,2026-01-26 06:05:00,9903.34,1
W_00007268,C_00235038,ATM_01089,2026-01-25 19:17:00,37108.66,1
W_00007269,C_00235119,ATM_01396,2026-01-26 07:04:00,3510.05,1
W_00007270,C_00235175,ATM_01201,2026-01-26 04:52:00,81690.14,1
W_00007271,C_00235203,ATM_01017,2026-01-26 07:26:00,132418.99,1
W_00007272,C_00235210,ATM_00789,2026-01-26 21:09:00,15039.01,1
W_00007273,C_00235249,ATM_00487,2026-01-26 18:18:00,7684.61,1
W_00007274,C_00235293,ATM_00357,2026-01-26 10:42:00,8641.99,1
W_00007275,C_00235316,ATM_00135,2026-01-26 01:03:00,10677.92,1
W_00007276,C_00235372,ATM_00056,2026-01-26 04:05:00,17880.21,1
W_00007277,C_00235373,ATM_00505,2026-01-25 21:28:00,1135.25,1
W_00007278,C_00235480,ATM_00847,2026-01-26 13:23:00,692.16,1
W_00007279,C_00235530,ATM_00143,2026-01-26 06:25:00,10447.22,1
W_00007280,C_00235605,ATM_00610,2026-01-26 17:36:00,8369.59,1
W_00007281,C_00235695,ATM_00465,2026-01-26 01:34:00,14749.47,1
W_00007282,C_00235709,ATM_00360,2026-01-26 18:00:00,39439.09,1
W_00007283,C_00235720,ATM_01235,2026-01-26 10:00:00,12554.85,1
W_00007284,C_00235734,ATM_00147,2026-01-26 10:35:00,101072.02,1
W_00007285,C_00235745,ATM_00794,2026-01-26 19:08:00,10758.75,1
W_00007286,C_00235787,ATM_00617,2026-01-25 11:56:00,33964.99,1
W_00007287,C_00235792,ATM_00496,2026-01-25 19:48:00,13783.28,1
W_00007288,C_00235803,ATM_00355,2026-01-26 05:31:00,4871.19,1
W_00007289,C_00235855,ATM_00880,2026-01-26 12:08:00,18878.4,1
W_00007290,C_00235869,ATM_01003,2026-01-26 16:27:00,59496.94,1
W_00007291,C_00235883,ATM_00626,2026-01-25 17:46:00,1822.22,1
W_00007292,C_00235902,ATM_00486,2026-01-25 19:48:00,60961.49,1
W_00007293,C_00235974,ATM_00235,2026-01-25 14:54:00,758.15,1
W_00007294,C_00235990,ATM_01377,2026-01-26 07:06:00,88010.11,1
W_00007295,C_00235992,ATM_00636,2026-01-26 14:20:00,3269.67,1
W_00007296,C_00236021,ATM_00337,2026-01-25 13:07:00,2300.98,1
W_00007297,C_00236036,ATM_00492,2026-01-26 02:59:00,6568.85,1
W_00007298,C_00236039,ATM_01461,2026-01-26 04:26:00,7027.97,1
W_00007299,C_00236044,ATM_01129,2026-01-26 15:57:00,15308.64,1
W_00007300,C_00236053,ATM_00896,2026-01-26 14:45:00,1567.92,1
W_00007301,C_00236094,ATM_01462,2026-01-26 00:38:00,36651.42,1
W_00007302,C_00236117,ATM_01359,2026-01-26 15:47:00,13133.77,1
W_00007303,C_00236146,ATM_00534,2026-01-25 20:25:00,15571.01,1
W_00007304,C_00236158,ATM_00917,2026-01-25 08:03:00,8753.53,1
W_00007305,C_00236234,ATM_00901,2026-01-26 09:42:00,24436.84,1
W_00007306,C_00236279,ATM_01389,2026-01-26 15:25:00,23058.97,1
W_00007307,C_00236292,ATM_00212,2026-01-26 02:43:00,4468.49,1
W_00007308,C_00236296,ATM_01259,2026-01-25 23:10:00,2374.64,1
W_00007309,C_00236455,ATM_00658,2026-01-25 20:29:00,13938.7,1
W_00007310,C_00236457,ATM_01448,2026-01-25 13:15:00,2069.61,1
W_00007311,C_00236466,ATM_00845,2026-01-25 16:23:00,12188.2,1
W_00007312,C_00236513,ATM_00465,2026-01-26 04:17:00,6216.54,1
W_00007313,C_00236524,ATM_00093,2026-01-26 06:35:00,22025.29,1
W_00007314,C_00236547,ATM_00798,2026-01-25 01:50:00,18656.91,1
W_00007315,C_00236593,ATM_01065,2026-01-26 01:29:00,9702.22,1
W_00007316,C_00236621,ATM_00116,2026-01-25 17:13:00,7496.38,1
W_00007317,C_00236638,ATM_00135,2026-01-26 06:53:00,89887.17,1
W_00007318,C_00236665,ATM_00693,2026-01-25 22:56:00,2452.67,1
W_00007319,C_00236682,ATM_00419,2026-01-25 09:18:00,6162.98,1
W_00007320,C_00236710,ATM_01309,2026-01-25 10:45:00,40930.82,1
W_00007321,C_00236739,ATM_01459,2026-01-26 02:32:00,13887.49,1
W_00007322,C_00236868,ATM_00527,2026-01-25 23:24:00,6528.4,1
W_00007323,C_00236885,ATM_00276,2026-01-25 10:49:00,22260.02,1
W_00007324,C_00236887,ATM_00129,2026-01-26 01:42:00,4354.65,1
W_00007325,C_00236893,ATM_00454,2026-01-25 22:46:00,15328.73,1
W_00007326,C_00236938,ATM_01332,2026-01-26 12:53:00,47507.33,1
W_00007327,C_00236975,ATM_00009,2026-01-25 22:54:00,5948.23,1
W_00007328,C_00237026,ATM_01145,2026-01-26 04:17:00,23238.68,1
W_00007329,C_00237055,ATM_00232,2026-01-26 19:28:00,2645.72,1
W_00007330,C_00237095,ATM_00635,2026-01-26 02:47:00,17751.69,1
W_00007331,C_00237138,ATM_01456,2026-01-26 14:14:00,28589.86,1
W_00007332,C_00237253,ATM_01383,2026-01-26 07:07:00,23089.45,1
W_00007333,C_00237256,ATM_01484,2026-01-26 05:56:00,7485.5,1
W_00007334,C_00237266,ATM_00530,2026-01-26 07:41:00,61717.45,1
W_00007335,C_00237268,ATM_00692,2026-01-25 09:25:00,46369.01,1
W_00007336,C_00237281,ATM_00135,2026-01-25 23:48:00,10156.08,1
W_00007337,C_00237306,ATM_00228,2026-01-25 19:19:00,2757.31,1
W_00007338,C_00237340,ATM_01200,2026-01-26 09:33:00,13390.99,1
W_00007339,C_00237354,ATM_00793,2026-01-25 12:20:00,2146.76,1
W_00007340,C_00237369,ATM_00077,2026-01-26 02:14:00,6215.83,1
W_00007341,C_00237390,ATM_00228,2026-01-26 12:21:00,21869.41,1
W_00007342,C_00237403,ATM_00619,2026-01-26 14:20:00,9133.15,1
W_00007343,C_00237441,ATM_00940,2026-01-26 03:12:00,6185.52,1
W_00007344,C_00237463,ATM_00546,2026-01-25 21:41:00,14793.0,1
W_00007345,C_00237496,ATM_00230,2026-01-25 17:38:00,20893.16,1
W_00007346,C_00237526,ATM_00110,2026-01-26 00:14:00,34351.64,1
W_00007347,C_00237544,ATM_00591,2026-01-26 03:10:00,5394.73,1
W_00007348,C_00237556,ATM_00655,2026-01-25 14:44:00,54768.67,1
W_00007349,C_00237573,ATM_01240,2026-01-25 18:48:00,16039.76,1
W_00007350,C_00237578,ATM_00543,2026-01-26 06:39:00,2521.02,1
W_00007351,C_00237637,ATM_00653,2026-01-26 01:19:00,65716.29,1
W_00007352,C_00237648,ATM_00447,2026-01-26 02:32:00,10885.66,1
W_00007353,C_00237703,ATM_00931,2026-01-25 21:10:00,7945.7,1
W_00007354,C_00237765,ATM_01015,2026-01-25 14:19:00,4488.75,1
W_00007355,C_00237854,ATM_00916,2026-01-26 00:32:00,37055.2,1
W_00007356,C_00237865,ATM_01050,2026-01-26 07:43:00,2273.67,1
W_00007357,C_00237869,ATM_00458,2026-01-26 03:13:00,58799.3,1
W_00007358,C_00237899,ATM_01409,2026-01-25 22:55:00,1554.1,1
W_00007359,C_00237902,ATM_01387,2026-01-26 05:48:00,24088.59,1
W_00007360,C_00237939,ATM_00063,2026-01-25 08:26:00,89361.68,1
W_00007361,C_00237982,ATM_01365,2026-01-26 04:08:00,11073.08,1
W_00007362,C_00238003,ATM_01354,2026-01-26 06:23:00,2486.76,1
W_00007363,C_00238063,ATM_00218,2026-01-26 04:44:00,12739.41,1
W_00007364,C_00238064,ATM_00323,2026-01-26 01:16:00,3929.3,1
W_00007365,C_00238073,ATM_00614,2026-01-26 00:58:00,36350.54,1
W_00007366,C_00238125,ATM_00575,2026-01-26 06:53:00,9351.29,1
W_00007367,C_00238126,ATM_00750,2026-01-26 03:03:00,2284.93,1
W_00007368,C_00238149,ATM_01360,2026-01-26 03:25:00,26878.92,1
W_00007369,C_00238235,ATM_00072,2026-01-26 13:27:00,14028.01,1
W_00007370,C_00238263,ATM_00583,2026-01-26 07:04:00,14901.53,1
W_00007371,C_00238276,ATM_00592,2026-01-25 16:00:00,3280.3,1
W_00007372,C_00238322,ATM_01006,2026-01-25 17:56:00,2572.85,1
W_00007373,C_00238330,ATM_00039,2026-01-26 07:24:00,30057.33,1
W_00007374,C_00238435,ATM_00160,2026-01-26 02:58:00,9802.09,1
W_00007375,C_00238440,ATM_00982,2026-01-26 07:22:00,6176.14,1
W_00007376,C_00238453,ATM_00483,2026-01-25 10:51:00,40105.01,1
W_00007377,C_00238472,ATM_00658,2026-01-25 18:09:00,2817.3,1
W_00007378,C_00238480,ATM_01250,2026-01-26 07:48:00,12467.23,1
W_00007379,C_00238523,ATM_00869,2026-01-26 02:50:00,4054.84,1
W_00007380,C_00238564,ATM_00799,2026-01-25 13:30:00,9290.72,1
W_00007381,C_00238580,ATM_00019,2026-01-25 22:31:00,3279.87,1
W_00007382,C_00238603,ATM_00092,2026-01-25 20:01:00,3216.74,1
W_00007383,C_00238657,ATM_01267,2026-01-26 03:32:00,26855.61,1
W_00007384,C_00238661,ATM_00235,2026-01-26 02:47:00,9823.25,1
W_00007385,C_00238673,ATM_00914,2026-01-26 11:13:00,912.4,1
W_00007386,C_00238695,ATM_01481,2026-01-26 13:06:00,6962.14,1
W_00007387,C_00238697,ATM_00804,2026-01-25 22:35:00,1486.07,1
W_00007388,C_00238701,ATM_00410,2026-01-26 09:27:00,30540.67,1
W_00007389,C_00238729,ATM_01011,2026-01-26 08:00:00,507.54,1
W_00007390,C_00238740,ATM_01193,2026-01-25 22:28:00,20148.49,1
W_00007391,C_00238749,ATM_00102,2026-01-26 08:13:00,12109.43,1
W_00007392,C_00238763,ATM_00114,2026-01-25 15:00:00,3912.45,1
W_00007393,C_00238932,ATM_01409,2026-01-26 02:57:00,3462.16,1
W_00007394,C_00238972,ATM_00813,2026-01-26 02:07:00,11548.84,1
W_00007395,C_00238981,ATM_00694,2026-01-26 12:01:00,2178.35,1
W_00007396,C_00239058,ATM_01296,2026-01-25 20:11:00,5059.43,1
W_00007397,C_00239119,ATM_00661,2026-01-26 05:58:00,5728.66,1
W_00007398,C_00239155,ATM_01301,2026-01-25 23:29:00,13731.5,1
W_00007399,C_00239170,ATM_00005,2026-01-26 15:58:00,21495.65,1
W_00007400,C_00239187,ATM_00586,2026-01-25 17:42:00,14627.43,1
W_00007401,C_00239210,ATM_00733,2026-01-25 19:12:00,14174.43,1
W_00007402,C_00239316,ATM_01052,2026-01-25 11:50:00,4166.47,1
W_00007403,C_00239329,ATM_00566,2026-01-26 01:20:00,5931.59,1
W_00007404,C_00239390,ATM_00756,2026-01-25 23:59:00,27247.15,1
W_00007405,C_00239392,ATM_01223,2026-01-26 04:53:00,3225.42,1
W_00007406,C_00239427,ATM_00720,2026-01-26 06:45:00,92709.14,1
W_00007407,C_00239445,ATM_01369,2026-01-25 22:01:00,2757.63,1
W_00007408,C_00239582,ATM_01412,2026-01-25 14:48:00,1998.18,1
W_00007409,C_00239636,ATM_01105,2026-01-25 15:54:00,7123.78,1
W_00007410,C_00239637,ATM_00701,2026-01-25 13:35:00,12967.48,1
W_00007411,C_00239712,ATM_01417,2026-01-26 03:59:00,16336.64,1
W_00007412,C_00239740,ATM_00160,2026-01-26 07:40:00,2999.6,1
W_00007413,C_00239761,ATM_00699,2026-01-26 08:12:00,11615.48,1
W_00007414,C_00239883,ATM_00365,2026-01-26 09:53:00,2509.13,1
W_00007415,C_00239906,ATM_00742,2026-01-26 16:39:00,51314.77,1
W_00007416,C_00239954,ATM_00200,2026-01-25 18:17:00,18829.85,1
W_00007417,C_00240007,ATM_01330,2026-01-25 23:58:00,6534.29,1
W_00007418,C_00240013,ATM_00417,2026-01-26 01:50:00,5058.06,1
W_00007419,C_00240029,ATM_00685,2026-01-26 03:12:00,20451.08,1
W_00007420,C_00240115,ATM_01421,2026-01-26 07:17:00,2913.48,1
W_00007421,C_00240163,ATM_00192,2026-01-25 03:23:00,11906.93,1
W_00007422,C_00240203,ATM_00914,2026-01-26 06:17:00,81940.31,1
W_00007423,C_00240218,ATM_00179,2026-01-25 12:34:00,9662.44,1
W_00007424,C_00240219,ATM_00357,2026-01-26 03:27:00,10954.08,1
W_00007425,C_00240292,ATM_00975,2026-01-26 12:23:00,1072.17,1
W_00007426,C_00240297,ATM_00148,2026-01-26 12:36:00,4677.97,1
W_00007427,C_00240400,ATM_00561,2026-01-26 13:59:00,103034.14,1
W_00007428,C_00240491,ATM_00510,2026-01-26 06:30:00,5751.5,1
W_00007429,C_00240500,ATM_01321,2026-01-25 15:19:00,9076.47,1
W_00007430,C_00240533,ATM_01404,2026-01-26 16:38:00,23374.14,1
W_00007431,C_00240549,ATM_00113,2026-01-26 14:38:00,1430.64,1
W_00007432,C_00240557,ATM_00514,2026-01-25 13:59:00,12406.74,1
W_00007433,C_00240615,ATM_00605,2026-01-26 09:24:00,4240.35,1
W_00007434,C_00240690,ATM_00832,2026-01-26 04:22:00,9047.18,1
W_00007435,C_00240698,ATM_00819,2026-01-26 08:13:00,35152.04,1
W_00007436,C_00240734,ATM_00489,2026-01-26 07:27:00,1328.58,1
W_00007437,C_00240736,ATM_01015,2026-01-26 00:33:00,67019.31,1
W_00007438,C_00240751,ATM_01450,2026-01-25 19:27:00,5301.58,1
W_00007439,C_00240823,ATM_01115,2026-01-26 22:48:00,500.0,1
W_00007440,C_00240858,ATM_01365,2026-01-25 23:01:00,13178.27,1
W_00007441,C_00240963,ATM_00695,2026-01-26 09:01:00,1119.0,1
W_00007442,C_00241005,ATM_00261,2026-01-26 12:36:00,51707.23,1
W_00007443,C_00241112,ATM_00902,2026-01-26 05:23:00,15990.17,1
W_00007444,C_00241126,ATM_00132,2026-01-26 11:50:00,31021.09,1
W_00007445,C_00241146,ATM_00814,2026-01-25 14:29:00,7356.7,1
W_00007446,C_00241162,ATM_01410,2026-01-26 02:15:00,4254.99,1
W_00007447,C_00241179,ATM_00707,2026-01-26 13:58:00,14378.67,1
W_00007448,C_00241190,ATM_00382,2026-01-26 12:45:00,12386.75,1
W_00007449,C_00241211,ATM_01413,2026-01-26 12:06:00,14887.88,1
W_00007450,C_00241236,ATM_00013,2026-01-26 02:45:00,37077.93,1
W_00007451,C_00241316,ATM_00685,2026-01-25 10:36:00,26958.42,1
W_00007452,C_00241341,ATM_00959,2026-01-26 16:33:00,72530.31,1
W_00007453,C_00241347,ATM_01287,2026-01-25 17:04:00,1581.57,1
W_00007454,C_00241425,ATM_00330,2026-01-26 02:14:00,26468.63,1
W_00007455,C_00241438,ATM_00860,2026-01-26 06:29:00,7248.27,1
W_00007456,C_00241447,ATM_01053,2026-01-26 13:08:00,12756.69,1
W_00007457,C_00241461,ATM_00846,2026-01-25 20:37:00,40669.82,1
W_00007458,C_00241468,ATM_00450,2026-01-26 08:48:00,23949.77,1
W_00007459,C_00241498,ATM_01334,2026-01-26 07:29:00,11164.59,1
W_00007460,C_00241515,ATM_00730,2026-01-26 06:10:00,2334.44,1
W_00007461,C_00241568,ATM_01289,2026-01-26 09:58:00,5103.36,1
W_00007462,C_00241596,ATM_00734,2026-01-25 22:12:00,9337.97,1
W_00007463,C_00241619,ATM_00703,2026-01-26 03:47:00,66458.52,1
W_00007464,C_00241621,ATM_01071,2026-01-26 02:56:00,7138.01,1
W_00007465,C_00241680,ATM_00027,2026-01-25 16:22:00,1361.61,1
W_00007466,C_00241683,ATM_00886,2026-01-26 06:05:00,3036.91,1
W_00007467,C_00241738,ATM_00677,2026-01-26 00:00:00,52062.04,1
W_00007468,C_00241813,ATM_00637,2026-01-26 02:48:00,11141.5,1
W_00007469,C_00241830,ATM_01140,2026-01-26 08:25:00,9574.45,1
W_00007470,C_00241853,ATM_00127,2026-01-26 14:47:00,6378.0,1
W_00007471,C_00241902,ATM_01389,2026-01-26 03:14:00,30212.9,1
W_00007472,C_00241933,ATM_00631,2026-01-25 10:23:00,9256.25,1
W_00007473,C_00241954,ATM_01329,2026-01-26 00:21:00,5245.66,1
W_00007474,C_00242025,ATM_01251,2026-01-26 16:03:00,30820.72,1
W_00007475,C_00242100,ATM_00680,2026-01-27 00:18:00,4778.57,1
W_00007476,C_00242103,ATM_00566,2026-01-27 04:47:00,960.88,1
W_00007477,C_00242166,ATM_01148,2026-01-27 03:24:00,50548.07,1
W_00007478,C_00242168,ATM_00705,2026-01-26 22:49:00,542.44,1
W_00007479,C_00242205,ATM_00403,2026-01-27 10:34:00,5389.74,1
W_00007480,C_00242276,ATM_00343,2026-01-27 18:26:00,5196.22,1
W_00007481,C_00242283,ATM_00126,2026-01-27 05:43:00,2085.07,1
W_00007482,C_00242287,ATM_00209,2026-01-27 03:50:00,4312.51,1
W_00007483,C_00242329,ATM_00277,2026-01-27 06:46:00,47372.95,1
W_00007484,C_00242379,ATM_00797,2026-01-27 07:08:00,6852.64,1
W_00007485,C_00242386,ATM_00320,2026-01-26 21:21:00,12470.24,1
W_00007486,C_00242405,ATM_00867,2026-01-27 12:14:00,4147.41,1
W_00007487,C_00242436,ATM_01411,2026-01-27 02:32:00,8228.78,1
W_00007488,C_00242452,ATM_01054,2026-01-26 21:56:00,1107.09,1
W_00007489,C_00242461,ATM_00873,2026-01-26 18:21:00,178578.72,1
W_00007490,C_00242518,ATM_00125,2026-01-27 05:51:00,7624.84,1
W_00007491,C_00242585,ATM_00074,2026-01-27 16:18:00,5661.24,1
W_00007492,C_00242654,ATM_01395,2026-01-27 12:41:00,11550.61,1
W_00007493,C_00242689,ATM_00761,2026-01-26 21:46:00,2133.21,1
W_00007494,C_00242774,ATM_00616,2026-01-27 04:38:00,5271.84,1
W_00007495,C_00242894,ATM_00737,2026-01-27 07:13:00,14087.0,1
W_00007496,C_00242926,ATM_00220,2026-01-27 14:04:00,67864.09,1
W_00007497,C_00242956,ATM_00631,2026-01-27 12:42:00,1140.18,1
W_00007498,C_00242970,ATM_01280,2026-01-27 08:31:00,23624.63,1
W_00007499,C_00242971,ATM_00671,2026-01-26 14:27:00,9650.99,1
W_00007500,C_00243034,ATM_00927,2026-01-26 21:28:00,43775.8,1
W_00007501,C_00243046,ATM_01326,2026-01-26 13:37:00,7974.85,1
W_00007502,C_00243083,ATM_00881,2026-01-27 13:29:00,6588.11,1
W_00007503,C_00243109,ATM_01466,2026-01-27 01:16:00,16668.76,1
W_00007504,C_00243121,ATM_00190,2026-01-26 17:46:00,9729.94,1
W_00007505,C_00243149,ATM_00938,2026-01-26 11:40:00,6251.91,1
W_00007506,C_00243341,ATM_01479,2026-01-27 09:14:00,1812.39,1
W_00007507,C_00243361,ATM_00925,2026-01-26 19:40:00,2723.12,1
W_00007508,C_00243384,ATM_00927,2026-01-27 10:05:00,3130.66,1
W_00007509,C_00243426,ATM_01369,2026-01-27 07:07:00,4246.63,1
W_00007510,C_00243511,ATM_01391,2026-01-26 19:25:00,1393.64,1
W_00007511,C_00243534,ATM_00701,2026-01-27 09:15:00,11166.81,1
W_00007512,C_00243561,ATM_01449,2026-01-27 13:43:00,24022.26,1
W_00007513,C_00243570,ATM_00168,2026-01-27 11:27:00,11849.47,1
W_00007514,C_00243578,ATM_00745,2026-01-26 17:38:00,2554.81,1
W_00007515,C_00243609,ATM_01300,2026-01-27 10:35:00,15349.49,1
W_00007516,C_00243667,ATM_00578,2026-01-27 03:16:00,12080.02,1
W_00007517,C_00243707,ATM_00144,2026-01-26 22:46:00,3834.21,1
W_00007518,C_00243723,ATM_01243,2026-01-27 08:20:00,2068.67,1
W_00007519,C_00243733,ATM_00213,2026-01-26 23:08:00,610.82,1
W_00007520,C_00243778,ATM_01323,2026-01-26 18:46:00,7135.53,1
W_00007521,C_00243791,ATM_00975,2026-01-27 14:49:00,8218.98,1
W_00007522,C_00243798,ATM_00127,2026-01-26 03:28:00,15453.33,1
W_00007523,C_00243829,ATM_00187,2026-01-26 15:57:00,29348.93,1
W_00007524,C_00243889,ATM_00856,2026-01-27 16:01:00,2730.93,1
W_00007525,C_00243920,ATM_00188,2026-01-26 11:09:00,3674.02,1
W_00007526,C_00243921,ATM_00160,2026-01-26 21:05:00,37742.02,1
W_00007527,C_00243940,ATM_00647,2026-01-27 05:43:00,4726.24,1
W_00007528,C_00243988,ATM_00124,2026-01-26 16:14:00,37234.95,1
W_00007529,C_00244003,ATM_01060,2026-01-26 15:09:00,3514.22,1
W_00007530,C_00244008,ATM_00037,2026-01-27 00:31:00,2033.05,1
W_00007531,C_00244031,ATM_00753,2026-01-26 15:36:00,1998.32,1
W_00007532,C_00244102,ATM_01250,2026-01-27 12:13:00,500.0,1
W_00007533,C_00244169,ATM_01209,2026-01-27 15:14:00,6482.34,1
W_00007534,C_00244176,ATM_00571,2026-01-27 15:49:00,8579.71,1
W_00007535,C_00244182,ATM_00372,2026-01-26 22:19:00,15491.34,1
W_00007536,C_00244227,ATM_01282,2026-01-26 19:50:00,96725.27,1
W_00007537,C_00244241,ATM_01082,2026-01-26 17:38:00,3475.72,1
W_00007538,C_00244273,ATM_00937,2026-01-26 21:09:00,5737.3,1
W_00007539,C_00244283,ATM_01054,2026-01-26 15:10:00,54705.66,1
W_00007540,C_00244391,ATM_00582,2026-01-26 23:31:00,9999.67,1
W_00007541,C_00244426,ATM_00236,2026-01-26 19:43:00,100284.04,1
W_00007542,C_00244465,ATM_01243,2026-01-27 09:34:00,13045.89,1
W_00007543,C_00244579,ATM_00591,2026-01-27 07:51:00,7368.5,1
W_00007544,C_00244603,ATM_00374,2026-01-27 04:58:00,13382.94,1
W_00007545,C_00244618,ATM_00757,2026-01-27 05:26:00,18259.82,1
W_00007546,C_00244629,ATM_00455,2026-01-27 21:47:00,38881.06,1
W_00007547,C_00244644,ATM_00582,2026-01-27 01:43:00,6483.58,1
W_00007548,C_00244649,ATM_01429,2026-01-27 05:19:00,3889.76,1
W_00007549,C_00244692,ATM_00914,2026-01-27 10:22:00,24694.02,1
W_00007550,C_00244718,ATM_01475,2026-01-26 23:25:00,2764.23,1
W_00007551,C_00244768,ATM_01142,2026-01-27 17:32:00,20857.21,1
W_00007552,C_00244826,ATM_01472,2026-01-26 22:20:00,6785.0,1
W_00007553,C_00244835,ATM_01437,2026-01-27 03:30:00,43135.41,1
W_00007554,C_00244848,ATM_00497,2026-01-26 22:12:00,534.07,1
W_00007555,C_00244849,ATM_01301,2026-01-26 22:07:00,3201.42,1
W_00007556,C_00244938,ATM_01037,2026-01-27 22:38:00,60485.94,1
W_00007557,C_00244947,ATM_00146,2026-01-26 21:29:00,11673.2,1
W_00007558,C_00244949,ATM_01316,2026-01-27 06:11:00,3261.4,1
W_00007559,C_00244967,ATM_00868,2026-01-27 01:53:00,3068.27,1
W_00007560,C_00244974,ATM_00845,2026-01-27 10:30:00,43868.64,1
W_00007561,C_00244984,ATM_01121,2026-01-26 10:58:00,26680.29,1
W_00007562,C_00245050,ATM_01442,2026-01-26 17:11:00,2978.33,1
W_00007563,C_00245052,ATM_00673,2026-01-26 22:26:00,5309.98,1
W_00007564,C_00245103,ATM_00717,2026-01-27 06:21:00,10351.3,1
W_00007565,C_00245109,ATM_00603,2026-01-27 13:51:00,13600.72,1
W_00007566,C_00245117,ATM_01112,2026-01-27 11:04:00,39390.61,1
W_00007567,C_00245149,ATM_01017,2026-01-27 12:08:00,26259.94,1
W_00007568,C_00245208,ATM_00193,2026-01-26 23:53:00,8628.76,1
W_00007569,C_00245223,ATM_00600,2026-01-26 03:03:00,16649.48,1
W_00007570,C_00245284,ATM_00654,2026-01-27 18:32:00,1657.23,1
W_00007571,C_00245293,ATM_00804,2026-01-27 05:21:00,14138.34,1
W_00007572,C_00245294,ATM_00324,2026-01-27 16:06:00,51330.85,1
W_00007573,C_00245333,ATM_01188,2026-01-27 19:15:00,5829.22,1
W_00007574,C_00245387,ATM_00053,2026-01-27 06:57:00,27529.12,1
W_00007575,C_00245409,ATM_00502,2026-01-26 21:17:00,37213.79,1
W_00007576,C_00245476,ATM_00615,2026-01-27 19:42:00,8384.71,1
W_00007577,C_00245498,ATM_00409,2026-01-27 12:46:00,1630.82,1
W_00007578,C_00245521,ATM_01151,2026-01-27 12:05:00,15437.25,1
W_00007579,C_00245544,ATM_00392,2026-01-27 15:30:00,8602.95,1
W_00007580,C_00245644,ATM_00105,2026-01-27 07:12:00,28508.05,1
W_00007581,C_00245752,ATM_00159,2026-01-27 07:06:00,12386.28,1
W_00007582,C_00245789,ATM_00358,2026-01-27 04:39:00,2089.32,1
W_00007583,C_00245795,ATM_00951,2026-01-26 21:40:00,926.97,1
W_00007584,C_00245897,ATM_00236,2026-01-27 04:05:00,15116.7,1
W_00007585,C_00245907,ATM_00361,2026-01-27 16:55:00,9603.03,1
W_00007586,C_00245912,ATM_01399,2026-01-26 14:53:00,7154.68,1
W_00007587,C_00245944,ATM_00181,2026-01-27 04:05:00,3767.16,1
W_00007588,C_00245978,ATM_01000,2026-01-27 07:59:00,8368.27,1
W_00007589,C_00246033,ATM_01079,2026-01-26 18:33:00,4691.5,1
W_00007590,C_00246045,ATM_00968,2026-01-26 20:01:00,36826.43,1
W_00007591,C_00246047,ATM_00200,2026-01-27 10:40:00,17781.51,1
W_00007592,C_00246056,ATM_00172,2026-01-26 21:04:00,44252.98,1
W_00007593,C_00246116,ATM_00896,2026-01-27 15:41:00,14890.7,1
W_00007594,C_00246120,ATM_00622,2026-01-27 20:20:00,7694.47,1
W_00007595,C_00246155,ATM_00205,2026-01-26 17:56:00,11306.13,1
W_00007596,C_00246180,ATM_00253,2026-01-26 19:38:00,3319.63,1
W_00007597,C_00246192,ATM_00407,2026-01-27 09:19:00,63398.27,1
W_00007598,C_00246208,ATM_00552,2026-01-27 18:24:00,9851.6,1
W_00007599,C_00246212,ATM_00288,2026-01-26 05:28:00,7719.76,1
W_00007600,C_00246213,ATM_00889,2026-01-26 22:57:00,12716.43,1
W_00007601,C_00246245,ATM_00926,2026-01-26 20:52:00,43914.9,1
W_00007602,C_00246313,ATM_00198,2026-01-26 15:24:00,3499.56,1
W_00007603,C_00246323,ATM_01190,2026-01-27 06:11:00,3597.56,1
W_00007604,C_00246336,ATM_01110,2026-01-26 22:20:00,19152.03,1
W_00007605,C_00246409,ATM_00184,2026-01-26 20:28:00,25408.54,1
W_00007606,C_00246439,ATM_01430,2026-01-27 04:22:00,3335.23,1
W_00007607,C_00246462,ATM_01404,2026-01-27 01:17:00,7918.5,1
W_00007608,C_00246512,ATM_00722,2026-01-26 22:46:00,4576.13,1
W_00007609,C_00246513,ATM_00314,2026-01-27 06:06:00,141643.22,1
W_00007610,C_00246523,ATM_00511,2026-01-27 19:28:00,2016.5,1
W_00007611,C_00246534,ATM_00612,2026-01-26 19:25:00,1850.94,1
W_00007612,C_00246585,ATM_00470,2026-01-27 03:41:00,35125.32,1
W_00007613,C_00246638,ATM_00515,2026-01-27 19:11:00,11532.96,1
W_00007614,C_00246641,ATM_00849,2026-01-27 17:57:00,7774.84,1
W_00007615,C_00246713,ATM_01341,2026-01-26 18:01:00,2801.43,1
W_00007616,C_00246770,ATM_00930,2026-01-27 10:57:00,17966.86,1
W_00007617,C_00246771,ATM_00577,2026-01-27 14:08:00,64827.88,1
W_00007618,C_00246801,ATM_00399,2026-01-27 16:11:00,3683.25,1
W_00007619,C_00246807,ATM_00265,2026-01-27 06:22:00,15338.9,1
W_00007620,C_00246817,ATM_01376,2026-01-27 04:55:00,6178.74,1
W_00007621,C_00246844,ATM_01399,2026-01-26 16:29:00,7025.64,1
W_00007622,C_00246878,ATM_00119,2026-01-27 05:02:00,15152.55,1
W_00007623,C_00246906,ATM_00185,2026-01-27 10:40:00,3975.69,1
W_00007624,C_00246990,ATM_00556,2026-01-26 23:32:00,1289.83,1
W_00007625,C_00247016,ATM_00873,2026-01-26 13:41:00,53605.01,1
W_00007626,C_00247042,ATM_01207,2026-01-27 04:13:00,9358.44,1
W_00007627,C_00247107,ATM_00185,2026-01-26 18:16:00,44285.7,1
W_00007628,C_00247111,ATM_00893,2026-01-27 12:11:00,9409.53,1
W_00007629,C_00247121,ATM_01326,2026-01-27 18:10:00,68296.87,1
W_00007630,C_00247157,ATM_00338,2026-01-26 20:33:00,6090.16,1
W_00007631,C_00247158,ATM_00231,2026-01-26 15:50:00,5758.96,1
W_00007632,C_00247172,ATM_00186,2026-01-27 11:47:00,9465.28,1
W_00007633,C_00247184,ATM_01232,2026-01-26 15:29:00,11603.04,1
W_00007634,C_00247186,ATM_00618,2026-01-27 21:22:00,30232.13,1
W_00007635,C_00247207,ATM_01063,2026-01-27 02:07:00,6200.62,1
W_00007636,C_00247212,ATM_00876,2026-01-26 19:59:00,12749.11,1
W_00007637,C_00247266,ATM_01207,2026-01-27 10:59:00,63940.94,1
W_00007638,C_00247327,ATM_01406,2026-01-27 02:22:00,14426.72,1
W_00007639,C_00247344,ATM_00282,2026-01-26 21:42:00,7129.78,1
W_00007640,C_00247372,ATM_00217,2026-01-27 10:18:00,11131.2,1
W_00007641,C_00247374,ATM_01299,2026-01-27 05:40:00,8092.06,1
W_00007642,C_00247422,ATM_00843,2026-01-27 00:48:00,43487.27,1
W_00007643,C_00247435,ATM_01286,2026-01-27 00:11:00,16113.35,1
W_00007644,C_00247455,ATM_00233,2026-01-27 17:09:00,18307.5,1
W_00007645,C_00247469,ATM_00388,2026-01-27 16:00:00,2168.48,1
W_00007646,C_00247473,ATM_00263,2026-01-27 07:19:00,2335.26,1
W_00007647,C_00247554,ATM_01270,2026-01-26 21:33:00,11724.3,1
W_00007648,C_00247570,ATM_01121,2026-01-26 09:28:00,22431.47,1
W_00007649,C_00247657,ATM_00229,2026-01-27 04:01:00,3041.38,1
W_00007650,C_00247661,ATM_00776,2026-01-27 07:40:00,8502.13,1
W_00007651,C_00247701,ATM_00680,2026-01-26 17:34:00,76319.84,1
W_00007652,C_00247711,ATM_01062,2026-01-27 17:10:00,3478.19,1
W_00007653,C_00247721,ATM_00067,2026-01-27 15:46:00,10990.93,1
W_00007654,C_00247737,ATM_01248,2026-01-26 21:37:00,6061.36,1
W_00007655,C_00247775,ATM_00329,2026-01-27 19:14:00,798.09,1
W_00007656,C_00247778,ATM_00832,2026-01-26 20:19:00,4839.41,1
W_00007657,C_00247789,ATM_00633,2026-01-27 14:54:00,15144.04,1
W_00007658,C_00247926,ATM_00225,2026-01-26 19:27:00,62412.38,1
W_00007659,C_00247952,ATM_00953,2026-01-27 10:50:00,27517.77,1
W_00007660,C_00248011,ATM_00782,2026-01-27 04:25:00,12824.49,1
W_00007661,C_00248020,ATM_00091,2026-01-26 23:59:00,11992.59,1
W_00007662,C_00248069,ATM_01258,2026-01-26 10:43:00,11206.38,1
W_00007663,C_00248072,ATM_01107,2026-01-27 07:08:00,3450.75,1
W_00007664,C_00248077,ATM_01389,2026-01-27 07:49:00,2832.49,1
W_00007665,C_00248082,ATM_01496,2026-01-27 09:04:00,5162.24,1
W_00007666,C_00248091,ATM_00068,2026-01-26 09:00:00,2450.34,1
W_00007667,C_00248127,ATM_00372,2026-01-26 16:37:00,22621.8,1
W_00007668,C_00248150,ATM_00923,2026-01-26 22:38:00,3738.37,1
W_00007669,C_00248177,ATM_01415,2026-01-26 14:35:00,11964.05,1
W_00007670,C_00248192,ATM_01161,2026-01-26 13:39:00,28577.24,1
W_00007671,C_00248212,ATM_00556,2026-01-26 22:39:00,964.06,1
W_00007672,C_00248240,ATM_00822,2026-01-27 00:46:00,2565.58,1
W_00007673,C_00248277,ATM_00014,2026-01-26 14:14:00,16709.48,1
W_00007674,C_00248327,ATM_00005,2026-01-27 04:17:00,26281.8,1
W_00007675,C_00248332,ATM_01142,2026-01-27 17:18:00,11220.99,1
W_00007676,C_00248336,ATM_00558,2026-01-27 05:47:00,27783.17,1
W_00007677,C_00248389,ATM_00694,2026-01-26 22:28:00,3792.27,1
W_00007678,C_00248481,ATM_01281,2026-01-27 01:43:00,35919.58,1
W_00007679,C_00248523,ATM_01289,2026-01-26 23:38:00,5109.71,1
W_00007680,C_00248525,ATM_01300,2026-01-27 16:43:00,3691.68,1
W_00007681,C_00248553,ATM_01332,2026-01-27 00:40:00,36441.22,1
W_00007682,C_00248597,ATM_00256,2026-01-26 21:48:00,12040.62,1
W_00007683,C_00248675,ATM_00350,2026-01-27 03:14:00,500.0,1
W_00007684,C_00248699,ATM_00944,2026-01-27 06:11:00,9020.65,1
W_00007685,C_00248702,ATM_00523,2026-01-26 19:46:00,6973.62,1
W_00007686,C_00248735,ATM_01019,2026-01-27 11:08:00,21809.12,1
W_00007687,C_00248755,ATM_01376,2026-01-27 11:33:00,4765.02,1
W_00007688,C_00248784,ATM_01134,2026-01-26 21:02:00,34760.5,1
W_00007689,C_00248810,ATM_00426,2026-01-26 14:17:00,23771.86,1
W_00007690,C_00248856,ATM_00877,2026-01-27 05:21:00,12120.89,1
W_00007691,C_00248898,ATM_00225,2026-01-27 09:39:00,12257.98,1
W_00007692,C_00248900,ATM_00012,2026-01-26 16:57:00,9490.51,1
W_00007693,C_00248923,ATM_00811,2026-01-27 02:57:00,13677.72,1
W_00007694,C_00248992,ATM_01172,2026-01-26 18:57:00,19562.11,1
W_00007695,C_00249002,ATM_00390,2026-01-26 15:08:00,3423.08,1
W_00007696,C_00249022,ATM_01331,2026-01-26 20:29:00,1687.36,1
W_00007697,C_00249024,ATM_00571,2026-01-27 01:31:00,3143.28,1
W_00007698,C_00249029,ATM_01101,2026-01-27 00:46:00,5957.06,1
W_00007699,C_00249033,ATM_00349,2026-01-27 09:52:00,1636.46,1
W_00007700,C_00249055,ATM_00307,2026-01-27 11:15:00,5417.86,1
W_00007701,C_00249076,ATM_00542,2026-01-26 21:02:00,34763.74,1
W_00007702,C_00249101,ATM_00010,2026-01-27 14:59:00,4205.32,1
W_00007703,C_00249111,ATM_00450,2026-01-26 18:29:00,7189.52,1
W_00007704,C_00249118,ATM_00922,2026-01-27 08:48:00,4408.6,1
W_00007705,C_00249123,ATM_01006,2026-01-26 18:44:00,4369.69,1
W_00007706,C_00249179,ATM_01342,2026-01-27 01:58:00,1476.89,1
W_00007707,C_00249192,ATM_00013,2026-01-27 04:50:00,28271.8,1
W_00007708,C_00249207,ATM_00900,2026-01-27 02:27:00,6898.14,1
W_00007709,C_00249208,ATM_01313,2026-01-26 20:46:00,3472.28,1
W_00007710,C_00249242,ATM_01281,2026-01-27 10:24:00,8926.3,1
W_00007711,C_00249276,ATM_00283,2026-01-26 17:25:00,11661.58,1
W_00007712,C_00249293,ATM_00376,2026-01-27 01:13:00,40757.23,1
W_00007713,C_00249323,ATM_00454,2026-01-27 05:48:00,7349.04,1
W_00007714,C_00249386,ATM_00037,2026-01-27 18:59:00,3417.96,1
W_00007715,C_00249403,ATM_00323,2026-01-27 01:21:00,3267.05,1
W_00007716,C_00249423,ATM_00310,2026-01-27 12:33:00,4394.14,1
W_00007717,C_00249442,ATM_00319,2026-01-27 11:33:00,8212.08,1
W_00007718,C_00249453,ATM_01320,2026-01-27 06:25:00,1358.67,1
W_00007719,C_00249498,ATM_00053,2026-01-27 01:56:00,3053.69,1
W_00007720,C_00249552,ATM_01462,2026-01-27 05:47:00,67491.17,1
W_00007721,C_00249578,ATM_01132,2026-01-27 07:52:00,30042.57,1
W_00007722,C_00249663,ATM_00742,2026-01-26 20:53:00,5038.68,1
W_00007723,C_00249782,ATM_01008,2026-01-26 22:34:00,4722.36,1
W_00007724,C_00249817,ATM_00819,2026-01-27 18:24:00,5192.49,1
W_00007725,C_00249851,ATM_00472,2026-01-27 03:12:00,17129.51,1
W_00007726,C_00249876,ATM_01242,2026-01-27 18:04:00,6755.18,1
W_00007727,C_00249877,ATM_00178,2026-01-27 03:05:00,1528.28,1
W_00007728,C_00249911,ATM_00005,2026-01-27 06:28:00,6737.93,1
W_00007729,C_00249915,ATM_00160,2026-01-26 17:36:00,14444.18,1
W_00007730,C_00249920,ATM_00523,2026-01-26 13:25:00,19785.08,1
W_00007731,C_00249923,ATM_00674,2026-01-27 13:46:00,5396.22,1
W_00007732,C_00249972,ATM_00614,2026-01-27 14:40:00,21928.01,1
W_00007733,C_00249974,ATM_00563,2026-01-26 16:56:00,12915.21,1
W_00007734,C_00249978,ATM_00700,2026-01-27 04:05:00,10007.12,1
W_00007735,C_00250019,ATM_00722,2026-01-26 23:10:00,24313.87,1
W_00007736,C_00250037,ATM_00723,2026-01-26 19:42:00,8330.2,1
W_00007737,C_00250149,ATM_01042,2026-01-26 15:34:00,96892.06,1
W_00007738,C_00250168,ATM_00204,2026-01-26 23:23:00,1837.2,1
W_00007739,C_00250193,ATM_00212,2026-01-26 10:33:00,11860.01,1
W_00007740,C_00250210,ATM_01028,2026-01-26 13:11:00,3285.8,1
W_00007741,C_00250225,ATM_01455,2026-01-26 11:02:00,14204.71,1
W_00007742,C_00250237,ATM_00971,2026-01-27 09:07:00,59985.46,1
W_00007743,C_00250260,ATM_00753,2026-01-27 19:28:00,6342.6,1
W_00007744,C_00250263,ATM_01013,2026-01-27 03:58:00,9292.07,1
W_00007745,C_00250294,ATM_00547,2026-01-27 00:29:00,3041.22,1
W_00007746,C_00250330,ATM_01178,2026-01-27 06:45:00,3789.05,1
W_00007747,C_00250375,ATM_00541,2026-01-27 06:09:00,27012.03,1
W_00007748,C_00250386,ATM_00443,2026-01-27 14:44:00,8135.65,1
W_00007749,C_00250403,ATM_00163,2026-01-26 14:55:00,8712.86,1
W_00007750,C_00250428,ATM_00749,2026-01-27 06:53:00,14842.2,1
W_00007751,C_00250443,ATM_00119,2026-01-27 07:12:00,14820.07,1
W_00007752,C_00250514,ATM_01006,2026-01-26 20:42:00,5721.94,1
W_00007753,C_00250566,ATM_00692,2026-01-27 04:51:00,5710.61,1
W_00007754,C_00250581,ATM_00146,2026-01-27 07:25:00,12661.43,1
W_00007755,C_00250588,ATM_01230,2026-01-26 23:06:00,9186.95,1
W_00007756,C_00250618,ATM_00190,2026-01-27 03:53:00,2923.92,1
W_00007757,C_00250703,ATM_00745,2026-01-26 22:42:00,15356.97,1
W_00007758,C_00250795,ATM_01103,2026-01-27 07:36:00,27378.86,1
W_00007759,C_00250842,ATM_00096,2026-01-27 05:38:00,5384.62,1
W_00007760,C_00250878,ATM_01334,2026-01-27 10:23:00,13304.99,1
W_00007761,C_00250891,ATM_00479,2026-01-26 23:01:00,22624.83,1
W_00007762,C_00250894,ATM_00091,2026-01-26 19:09:00,18412.33,1
W_00007763,C_00250958,ATM_00567,2026-01-26 23:13:00,23993.92,1
W_00007764,C_00250963,ATM_00575,2026-01-27 05:46:00,8603.31,1
W_00007765,C_00250982,ATM_00350,2026-01-27 13:53:00,17433.31,1
W_00007766,C_00251006,ATM_00895,2026-01-27 01:12:00,8866.13,1
W_00007767,C_00251031,ATM_00204,2026-01-27 15:04:00,12102.29,1
W_00007768,C_00251099,ATM_00280,2026-01-27 11:38:00,14795.86,1
W_00007769,C_00251132,ATM_00402,2026-01-26 13:41:00,19666.38,1
W_00007770,C_00251248,ATM_00332,2026-01-26 22:57:00,1037.66,1
W_00007771,C_00251308,ATM_01132,2026-01-26 05:29:00,18392.56,1
W_00007772,C_00251313,ATM_00440,2026-01-27 16:29:00,5628.26,1
W_00007773,C_00251316,ATM_00890,2026-01-27 17:32:00,7570.81,1
W_00007774,C_00251370,ATM_00465,2026-01-27 05:53:00,1306.84,1
W_00007775,C_00251418,ATM_00656,2026-01-27 09:05:00,24870.59,1
W_00007776,C_00251437,ATM_00256,2026-01-27 15:56:00,11868.8,1
W_00007777,C_00251444,ATM_00336,2026-01-27 10:05:00,5869.27,1
W_00007778,C_00251532,ATM_01155,2026-01-27 02:32:00,20316.51,1
W_00007779,C_00251543,ATM_01197,2026-01-26 14:27:00,16427.94,1
W_00007780,C_00251587,ATM_00482,2026-01-27 11:11:00,21038.4,1
W_00007781,C_00251735,ATM_00315,2026-01-27 14:53:00,17542.5,1
W_00007782,C_00251739,ATM_01399,2026-01-27 00:00:00,3880.11,1
W_00007783,C_00251773,ATM_01422,2026-01-27 07:08:00,10355.66,1
W_00007784,C_00251803,ATM_00553,2026-01-27 04:37:00,1674.01,1
W_00007785,C_00251820,ATM_01148,2026-01-27 04:52:00,4144.55,1
W_00007786,C_00251870,ATM_00141,2026-01-26 20:29:00,3613.88,1
W_00007787,C_00251875,ATM_00818,2026-01-27 04:58:00,30416.44,1
W_00007788,C_00251965,ATM_01017,2026-01-27 01:51:00,3694.95,1
W_00007789,C_00251984,ATM_00626,2026-01-27 02:02:00,4537.61,1
W_00007790,C_00252039,ATM_01356,2026-01-26 16:25:00,2051.74,1
W_00007791,C_00252063,ATM_01267,2026-01-27 05:03:00,23541.8,1
W_00007792,C_00252065,ATM_00127,2026-01-27 00:47:00,551.67,1
W_00007793,C_00252105,ATM_00069,2026-01-27 00:16:00,8029.23,1
W_00007794,C_00252180,ATM_00462,2026-01-27 02:30:00,9084.3,1
W_00007795,C_00252228,ATM_01140,2026-01-26 10:25:00,3219.67,1
W_00007796,C_00252241,ATM_00788,2026-01-26 17:28:00,9810.4,1
W_00007797,C_00252279,ATM_00914,2026-01-26 23:59:00,11300.5,1
W_00007798,C_00252329,ATM_00672,2026-01-26 23:51:00,7898.52,1
W_00007799,C_00252340,ATM_00893,2026-01-26 12:33:00,37427.2,1
W_00007800,C_00252386,ATM_01200,2026-01-27 03:33:00,9463.64,1
W_00007801,C_00252448,ATM_01370,2026-01-26 20:02:00,45853.56,1
W_00007802,C_00252478,ATM_00158,2026-01-26 18:35:00,4999.02,1
W_00007803,C_00252488,ATM_01338,2026-01-27 10:59:00,21027.92,1
W_00007804,C_00252519,ATM_00163,2026-01-26 20:32:00,6784.23,1
W_00007805,C_00252575,ATM_00140,2026-01-27 06:26:00,4053.08,1
W_00007806,C_00252594,ATM_00179,2026-01-27 13:19:00,10461.94,1
W_00007807,C_00252596,ATM_01250,2026-01-26 14:35:00,38670.11,1
W_00007808,C_00252640,ATM_00683,2026-01-27 13:40:00,6807.84,1
W_00007809,C_00252664,ATM_00283,2026-01-27 03:13:00,30769.63,1
W_00007810,C_00252713,ATM_00340,2026-01-27 03:17:00,8469.38,1
W_00007811,C_00252730,ATM_00803,2026-01-26 19:22:00,9511.06,1
W_00007812,C_00252793,ATM_00135,2026-01-27 08:58:00,1163.14,1
W_00007813,C_00252799,ATM_00979,2026-01-26 20:41:00,12733.96,1
W_00007814,C_00252810,ATM_00929,2026-01-26 21:52:00,16747.55,1
W_00007815,C_00252833,ATM_01051,2026-01-26 15:55:00,2434.98,1
W_00007816,C_00252842,ATM_01314,2026-01-27 11:11:00,34192.72,1
W_00007817,C_00252934,ATM_00298,2026-01-26 15:56:00,29020.34,1
W_00007818,C_00252958,ATM_00338,2026-01-27 16:33:00,7714.54,1
W_00007819,C_00252975,ATM_01443,2026-01-27 10:35:00,888.97,1
W_00007820,C_00252991,ATM_01158,2026-01-26 23:03:00,6764.69,1
W_00007821,C_00253004,ATM_00278,2026-01-27 14:37:00,7865.8,1
W_00007822,C_00253015,ATM_00181,2026-01-27 11:53:00,19979.87,1
W_00007823,C_00253057,ATM_00011,2026-01-26 15:08:00,17067.01,1
W_00007824,C_00253062,ATM_00104,2026-01-27 06:52:00,33061.43,1
W_00007825,C_00253087,ATM_01424,2026-01-27 09:34:00,15977.25,1
W_00007826,C_00253189,ATM_01252,2026-01-26 09:53:00,3823.99,1
W_00007827,C_00253212,ATM_00740,2026-01-27 07:01:00,8824.47,1
W_00007828,C_00253213,ATM_00156,2026-01-27 10:15:00,5908.96,1
W_00007829,C_00253261,ATM_01340,2026-01-27 09:57:00,17376.04,1
W_00007830,C_00253299,ATM_01356,2026-01-26 15:20:00,13359.4,1
W_00007831,C_00253354,ATM_01378,2026-01-27 06:02:00,20563.31,1
W_00007832,C_00253395,ATM_01007,2026-01-27 07:36:00,2116.89,1
W_00007833,C_00253475,ATM_00854,2026-01-26 22:23:00,30854.09,1
W_00007834,C_00253527,ATM_00879,2026-01-27 09:11:00,2199.52,1
W_00007835,C_00253528,ATM_00612,2026-01-26 14:40:00,83558.19,1
W_00007836,C_00253547,ATM_00431,2026-01-27 02:33:00,14888.88,1
W_00007837,C_00253549,ATM_00465,2026-01-27 00:29:00,3667.27,1
W_00007838,C_00253567,ATM_01086,2026-01-26 18:52:00,15820.83,1
W_00007839,C_00253579,ATM_01470,2026-01-27 18:37:00,18772.09,1
W_00007840,C_00253626,ATM_01470,2026-01-27 02:50:00,5565.37,1
W_00007841,C_00253639,ATM_00413,2026-01-26 20:59:00,105469.36,1
W_00007842,C_00253711,ATM_00462,2026-01-27 10:25:00,35884.05,1
W_00007843,C_00253738,ATM_01164,2026-01-27 02:45:00,33354.51,1
W_00007844,C_00253754,ATM_00377,2026-01-27 04:36:00,5275.17,1
W_00007845,C_00253822,ATM_01186,2026-01-27 10:06:00,19602.5,1
W_00007846,C_00253868,ATM_00655,2026-01-27 14:18:00,5251.81,1
W_00007847,C_00254024,ATM_01105,2026-01-26 23:52:00,8159.31,1
W_00007848,C_00254051,ATM_00232,2026-01-26 18:40:00,4410.33,1
W_00007849,C_00254058,ATM_00372,2026-01-27 13:17:00,13137.74,1
W_00007850,C_00254099,ATM_01416,2026-01-27 18:33:00,13019.12,1
W_00007851,C_00254109,ATM_01080,2026-01-26 19:29:00,22619.62,1
W_00007852,C_00254140,ATM_01030,2026-01-26 03:26:00,2806.55,1
W_00007853,C_00254147,ATM_00952,2026-01-26 22:18:00,5289.48,1
W_00007854,C_00254151,ATM_01447,2026-01-27 02:45:00,41806.7,1
W_00007855,C_00254185,ATM_00827,2026-01-26 20:04:00,5160.21,1
W_00007856,C_00254194,ATM_00332,2026-01-26 21:51:00,22918.96,1
W_00007857,C_00254216,ATM_00852,2026-01-26 17:51:00,12256.08,1
W_00007858,C_00254234,ATM_00365,2026-01-26 21:00:00,3739.82,1
W_00007859,C_00254241,ATM_01486,2026-01-26 19:43:00,38698.45,1
W_00007860,C_00254246,ATM_00247,2026-01-27 11:45:00,12281.73,1
W_00007861,C_00254248,ATM_00178,2026-01-27 13:57:00,10176.22,1
W_00007862,C_00254249,ATM_01468,2026-01-26 23:56:00,5917.48,1
W_00007863,C_00254254,ATM_01001,2026-01-27 14:39:00,1429.19,1
W_00007864,C_00254266,ATM_00537,2026-01-27 04:08:00,9008.69,1
W_00007865,C_00254321,ATM_00143,2026-01-27 07:13:00,19275.58,1
W_00007866,C_00254331,ATM_00002,2026-01-27 00:38:00,67120.11,1
W_00007867,C_00254334,ATM_00585,2026-01-26 14:40:00,5036.13,1
W_00007868,C_00254363,ATM_00120,2026-01-27 01:46:00,17281.84,1
W_00007869,C_00254460,ATM_00911,2026-01-26 13:55:00,99259.74,1
W_00007870,C_00254507,ATM_01133,2026-01-27 05:27:00,4029.91,1
W_00007871,C_00254512,ATM_01056,2026-01-27 00:09:00,18009.2,1
W_00007872,C_00254591,ATM_01320,2026-01-26 23:34:00,4645.33,1
W_00007873,C_00254596,ATM_00194,2026-01-26 12:52:00,45026.27,1
W_00007874,C_00254622,ATM_00308,2026-01-27 00:20:00,667.02,1
W_00007875,C_00254639,ATM_01075,2026-01-26 15:42:00,21531.4,1
W_00007876,C_00254648,ATM_00013,2026-01-26 09:19:00,4138.96,1
W_00007877,C_00254715,ATM_00562,2026-01-26 18:43:00,7230.24,1
W_00007878,C_00254757,ATM_00056,2026-01-27 03:30:00,4035.93,1
W_00007879,C_00254840,ATM_00473,2026-01-27 05:28:00,22609.63,1
W_00007880,C_00254845,ATM_00231,2026-01-27 01:44:00,10102.39,1
W_00007881,C_00254858,ATM_00403,2026-01-26 02:48:00,4336.31,1
W_00007882,C_00254869,ATM_00907,2026-01-27 00:00:00,37521.93,1
W_00007883,C_00254900,ATM_00489,2026-01-27 11:04:00,2875.13,1
W_00007884,C_00254923,ATM_01462,2026-01-27 01:24:00,20274.83,1
W_00007885,C_00254925,ATM_00449,2026-01-26 10:44:00,9351.49,1
W_00007886,C_00254963,ATM_00120,2026-01-26 22:58:00,8206.45,1
W_00007887,C_00254991,ATM_01258,2026-01-26 17:42:00,8760.68,1
W_00007888,C_00255000,ATM_00722,2026-01-27 05:02:00,1348.59,1
W_00007889,C_00255033,ATM_00934,2026-01-27 12:23:00,3992.24,1
W_00007890,C_00255040,ATM_01221,2026-01-27 01:30:00,3790.3,1
W_00007891,C_00255071,ATM_01374,2026-01-26 19:39:00,40814.1,1
W_00007892,C_00255088,ATM_01475,2026-01-27 05:59:00,2607.75,1
W_00007893,C_00255098,ATM_01110,2026-01-26 22:11:00,13453.96,1
W_00007894,C_00255128,ATM_00847,2026-01-27 05:01:00,11433.44,1
W_00007895,C_00255199,ATM_01044,2026-01-27 15:19:00,44198.43,1
W_00007896,C_00255241,ATM_00020,2026-01-27 03:54:00,49400.43,1
W_00007897,C_00255275,ATM_00247,2026-01-27 08:39:00,144992.13,1
W_00007898,C_00255319,ATM_01398,2026-01-27 04:05:00,41373.54,1
W_00007899,C_00255336,ATM_00789,2026-01-27 04:53:00,10629.11,1
W_00007900,C_00255425,ATM_01139,2026-01-27 12:13:00,1653.02,1
W_00007901,C_00255449,ATM_00137,2026-01-27 08:38:00,12542.97,1
W_00007902,C_00255460,ATM_01407,2026-01-27 01:08:00,15335.65,1
W_00007903,C_00255540,ATM_01017,2026-01-26 17:06:00,1808.42,1
W_00007904,C_00255587,ATM_01015,2026-01-27 03:38:00,5103.34,1
W_00007905,C_00255599,ATM_00321,2026-01-27 08:27:00,17616.51,1
W_00007906,C_00255649,ATM_01346,2026-01-26 06:30:00,35676.71,1
W_00007907,C_00255698,ATM_00597,2026-01-26 18:43:00,52117.93,1
W_00007908,C_00255746,ATM_00781,2026-01-26 20:26:00,9982.69,1
W_00007909,C_00255765,ATM_00069,2026-01-27 11:02:00,1263.02,1
W_00007910,C_00255818,ATM_00579,2026-01-27 02:41:00,3289.59,1
W_00007911,C_00255823,ATM_00690,2026-01-26 13:57:00,3480.05,1
W_00007912,C_00255841,ATM_00313,2026-01-26 22:04:00,2464.49,1
W_00007913,C_00255851,ATM_01425,2026-01-27 07:15:00,8278.28,1
W_00007914,C_00255883,ATM_01195,2026-01-27 15:29:00,27108.16,1
W_00007915,C_00255898,ATM_01290,2026-01-27 07:47:00,6930.41,1
W_00007916,C_00255904,ATM_00629,2026-01-26 19:02:00,18969.09,1
W_00007917,C_00255927,ATM_00972,2026-01-26 15:07:00,6880.42,1
W_00007918,C_00255939,ATM_00849,2026-01-26 16:41:00,12127.94,1
W_00007919,C_00255955,ATM_00856,2026-01-27 05:22:00,9696.36,1
W_00007920,C_00255990,ATM_00269,2026-01-27 08:48:00,18979.59,1
W_00007921,C_00255996,ATM_00707,2026-01-26 17:36:00,4012.28,1
W_00007922,C_00256005,ATM_00222,2026-01-26 09:47:00,5923.43,1
W_00007923,C_00256064,ATM_00220,2026-01-27 05:32:00,7610.55,1
W_00007924,C_00256127,ATM_00204,2026-01-26 17:41:00,14558.65,1
W_00007925,C_00256138,ATM_01065,2026-01-27 14:12:00,3821.91,1
W_00007926,C_00256141,ATM_01262,2026-01-26 10:07:00,28713.21,1
W_00007927,C_00256162,ATM_00231,2026-01-26 18:47:00,18990.41,1
W_00007928,C_00256166,ATM_00830,2026-01-26 19:12:00,6753.65,1
W_00007929,C_00256170,ATM_01397,2026-01-27 12:28:00,20921.7,1
W_00007930,C_00256171,ATM_00564,2026-01-26 15:38:00,51294.41,1
W_00007931,C_00256218,ATM_00959,2026-01-26 19:02:00,2977.03,1
W_00007932,C_00256283,ATM_00402,2026-01-27 05:10:00,5245.22,1
W_00007933,C_00256307,ATM_01487,2026-01-27 06:37:00,6790.54,1
W_00007934,C_00256328,ATM_01411,2026-01-27 07:59:00,27916.94,1
W_00007935,C_00256358,ATM_01397,2026-01-27 07:33:00,108683.63,1
W_00007936,C_00256404,ATM_00698,2026-01-27 08:18:00,12107.41,1
W_00007937,C_00256463,ATM_01122,2026-01-26 15:31:00,88197.27,1
W_00007938,C_00256507,ATM_01196,2026-01-27 06:12:00,10881.92,1
W_00007939,C_00256509,ATM_01082,2026-01-26 17:27:00,12844.97,1
W_00007940,C_00256515,ATM_01176,2026-01-27 03:41:00,52229.66,1
W_00007941,C_00256567,ATM_01024,2026-01-26 14:16:00,10178.78,1
W_00007942,C_00256615,ATM_00462,2026-01-27 19:51:00,6838.9,1
W_00007943,C_00256640,ATM_01399,2026-01-27 03:16:00,64062.67,1
W_00007944,C_00256649,ATM_00368,2026-01-27 07:09:00,6280.53,1
W_00007945,C_00256703,ATM_00098,2026-01-27 11:10:00,14872.73,1
W_00007946,C_00256759,ATM_00760,2026-01-26 18:45:00,6131.71,1
W_00007947,C_00256781,ATM_00039,2026-01-26 19:10:00,14146.95,1
W_00007948,C_00256853,ATM_00230,2026-01-27 07:50:00,1154.78,1
W_00007949,C_00256864,ATM_01406,2026-01-26 21:29:00,6315.34,1
W_00007950,C_00256884,ATM_00639,2026-01-26 21:44:00,3666.65,1
W_00007951,C_00256923,ATM_00288,2026-01-26 11:33:00,2867.89,1
W_00007952,C_00257000,ATM_00573,2026-01-27 07:08:00,13936.25,1
W_00007953,C_00257011,ATM_00556,2026-01-27 08:46:00,1660.76,1
W_00007954,C_00257080,ATM_01265,2026-01-27 06:34:00,12629.77,1
W_00007955,C_00257114,ATM_00202,2026-01-27 07:32:00,44595.87,1
W_00007956,C_00257116,ATM_01315,2026-01-26 20:42:00,9513.39,1
W_00007957,C_00257129,ATM_00270,2026-01-26 23:58:00,31540.73,1
W_00007958,C_00257135,ATM_00201,2026-01-27 01:18:00,75986.73,1
W_00007959,C_00257164,ATM_00752,2026-01-26 08:53:00,12408.34,1
W_00007960,C_00257244,ATM_01065,2026-01-26 22:50:00,17033.74,1
W_00007961,C_00257248,ATM_00935,2026-01-27 16:54:00,4650.69,1
W_00007962,C_00257259,ATM_01266,2026-01-27 08:54:00,78076.13,1
W_00007963,C_00257265,ATM_01279,2026-01-26 19:19:00,35195.87,1
W_00007964,C_00257273,ATM_00671,2026-01-27 01:49:00,5231.62,1
W_00007965,C_00257280,ATM_01317,2026-01-27 00:07:00,5273.72,1
W_00007966,C_00257291,ATM_00355,2026-01-27 05:53:00,5657.75,1
W_00007967,C_00257336,ATM_00766,2026-01-26 14:19:00,13767.24,1
W_00007968,C_00257486,ATM_00196,2026-01-27 16:45:00,1464.9,1
W_00007969,C_00257538,ATM_01107,2026-01-27 02:38:00,10960.63,1
W_00007970,C_00257551,ATM_00949,2026-01-27 05:27:00,2683.17,1
W_00007971,C_00257552,ATM_01151,2026-01-27 02:05:00,11298.66,1
W_00007972,C_00257655,ATM_00720,2026-01-27 06:10:00,115208.35,1
W_00007973,C_00257776,ATM_01382,2026-01-26 22:45:00,32193.27,1
W_00007974,C_00257808,ATM_01293,2026-01-27 12:39:00,1805.11,1
W_00007975,C_00257827,ATM_01000,2026-01-27 07:29:00,52522.78,1
W_00007976,C_00257837,ATM_00754,2026-01-27 15:29:00,46900.92,1
W_00007977,C_00257848,ATM_00761,2026-01-26 14:47:00,1027.84,1
W_00007978,C_00257900,ATM_01297,2026-01-26 20:48:00,11684.97,1
W_00007979,C_00257925,ATM_00018,2026-01-26 17:47:00,5879.98,1
W_00007980,C_00258004,ATM_01198,2026-01-27 18:23:00,12245.08,1
W_00007981,C_00258078,ATM_00163,2026-01-27 07:36:00,2517.87,1
W_00007982,C_00258102,ATM_00439,2026-01-28 14:26:00,3500.85,1
W_00007983,C_00258122,ATM_00757,2026-01-27 17:49:00,13799.35,1
W_00007984,C_00258149,ATM_00866,2026-01-27 23:46:00,2706.39,1
W_00007985,C_00258151,ATM_00796,2026-01-28 06:26:00,1595.3,1
W_00007986,C_00258168,ATM_00199,2026-01-28 00:33:00,55082.48,1
W_00007987,C_00258170,ATM_00406,2026-01-28 00:28:00,80351.14,1
W_00007988,C_00258271,ATM_00209,2026-01-27 11:39:00,3539.06,1
W_00007989,C_00258312,ATM_00410,2026-01-28 18:21:00,8774.66,1
W_00007990,C_00258315,ATM_00076,2026-01-27 17:07:00,2891.91,1
W_00007991,C_00258339,ATM_00844,2026-01-27 23:49:00,33827.71,1
W_00007992,C_00258347,ATM_00855,2026-01-28 03:36:00,82439.22,1
W_00007993,C_00258381,ATM_00241,2026-01-27 01:30:00,2591.5,1
W_00007994,C_00258446,ATM_00827,2026-01-28 07:23:00,22078.53,1
W_00007995,C_00258483,ATM_01323,2026-01-28 08:16:00,7368.24,1
W_00007996,C_00258512,ATM_00748,2026-01-27 07:15:00,25487.82,1
W_00007997,C_00258571,ATM_00399,2026-01-28 19:06:00,55147.56,1
W_00007998,C_00258587,ATM_00100,2026-01-27 23:25:00,3999.85,1
W_00007999,C_00258651,ATM_00779,2026-01-28 00:36:00,987.21,1
W_00008000,C_00258690,ATM_00264,2026-01-28 04:47:00,9050.14,1
W_00008001,C_00258718,ATM_01230,2026-01-28 06:56:00,4205.41,1
W_00008002,C_00258858,ATM_00459,2026-01-28 15:33:00,12813.77,1
W_00008003,C_00258871,ATM_01218,2026-01-28 14:37:00,13838.62,1
W_00008004,C_00258917,ATM_01267,2026-01-28 04:34:00,8956.02,1
W_00008005,C_00258926,ATM_00317,2026-01-28 00:30:00,8750.28,1
W_00008006,C_00258928,ATM_00546,2026-01-28 03:00:00,5459.68,1
W_00008007,C_00258934,ATM_00783,2026-01-27 13:36:00,43742.6,1
W_00008008,C_00258940,ATM_01330,2026-01-28 11:40:00,7138.38,1
W_00008009,C_00258967,ATM_00281,2026-01-28 04:13:00,27687.05,1
W_00008010,C_00258992,ATM_00373,2026-01-28 09:32:00,2429.42,1
W_00008011,C_00259024,ATM_00250,2026-01-28 09:45:00,24052.51,1
W_00008012,C_00259030,ATM_00085,2026-01-27 19:19:00,10910.8,1
W_00008013,C_00259044,ATM_00342,2026-01-28 08:01:00,71577.18,1
W_00008014,C_00259074,ATM_00931,2026-01-28 04:27:00,200000.0,1
W_00008015,C_00259080,ATM_00737,2026-01-27 17:53:00,1841.76,1
W_00008016,C_00259132,ATM_00618,2026-01-27 15:37:00,3983.93,1
W_00008017,C_00259137,ATM_01266,2026-01-28 16:16:00,21452.76,1
W_00008018,C_00259167,ATM_01203,2026-01-28 17:06:00,15127.83,1
W_00008019,C_00259174,ATM_00399,2026-01-28 03:24:00,3183.75,1
W_00008020,C_00259205,ATM_01117,2026-01-27 15:50:00,18115.22,1
W_00008021,C_00259273,ATM_01499,2026-01-28 06:54:00,16688.96,1
W_00008022,C_00259317,ATM_01392,2026-01-28 13:58:00,28423.46,1
W_00008023,C_00259382,ATM_00527,2026-01-28 05:18:00,5894.08,1
W_00008024,C_00259391,ATM_00125,2026-01-28 01:26:00,18945.91,1
W_00008025,C_00259425,ATM_01056,2026-01-28 08:51:00,40356.42,1
W_00008026,C_00259438,ATM_01438,2026-01-28 10:14:00,9784.28,1
W_00008027,C_00259440,ATM_00641,2026-01-27 22:50:00,4876.86,1
W_00008028,C_00259447,ATM_00546,2026-01-28 03:40:00,24503.37,1
W_00008029,C_00259597,ATM_00522,2026-01-27 20:23:00,86867.12,1
W_00008030,C_00259681,ATM_00453,2026-01-27 22:03:00,16749.0,1
W_00008031,C_00259685,ATM_01058,2026-01-27 22:28:00,1663.02,1
W_00008032,C_00259729,ATM_00880,2026-01-28 07:00:00,39943.72,1
W_00008033,C_00259750,ATM_00719,2026-01-28 07:01:00,3705.29,1
W_00008034,C_00259840,ATM_00298,2026-01-28 05:50:00,88367.81,1
W_00008035,C_00259889,ATM_00323,2026-01-28 04:17:00,3590.44,1
W_00008036,C_00259963,ATM_00246,2026-01-27 22:14:00,5621.6,1
W_00008037,C_00259987,ATM_00830,2026-01-28 05:44:00,2234.3,1
W_00008038,C_00260017,ATM_00863,2026-01-27 10:14:00,12350.21,1
W_00008039,C_00260018,ATM_01108,2026-01-28 02:32:00,5214.5,1
W_00008040,C_00260039,ATM_01486,2026-01-28 07:45:00,2604.17,1
W_00008041,C_00260070,ATM_01427,2026-01-28 04:47:00,32851.25,1
W_00008042,C_00260082,ATM_00829,2026-01-27 20:15:00,3624.67,1
W_00008043,C_00260090,ATM_00887,2026-01-27 12:05:00,36298.79,1
W_00008044,C_00260123,ATM_01018,2026-01-28 06:12:00,7715.61,1
W_00008045,C_00260159,ATM_00696,2026-01-28 14:14:00,13648.03,1
W_00008046,C_00260170,ATM_00512,2026-01-27 23:35:00,1775.35,1
W_00008047,C_00260180,ATM_00815,2026-01-27 09:08:00,34529.69,1
W_00008048,C_00260226,ATM_00225,2026-01-28 14:13:00,2880.13,1
W_00008049,C_00260254,ATM_01192,2026-01-27 07:03:00,32044.06,1
W_00008050,C_00260267,ATM_01372,2026-01-28 05:12:00,12989.07,1
W_00008051,C_00260283,ATM_00653,2026-01-27 20:06:00,44528.87,1
W_00008052,C_00260350,ATM_00947,2026-01-28 17:40:00,77820.64,1
W_00008053,C_00260360,ATM_01411,2026-01-27 21:43:00,32058.19,1
W_00008054,C_00260399,ATM_00638,2026-01-28 12:08:00,1907.3,1
W_00008055,C_00260404,ATM_00457,2026-01-28 15:00:00,30352.02,1
W_00008056,C_00260435,ATM_00416,2026-01-27 19:22:00,8806.77,1
W_00008057,C_00260453,ATM_00584,2026-01-28 00:09:00,41588.78,1
W_00008058,C_00260465,ATM_00253,2026-01-28 05:14:00,1082.6,1
W_00008059,C_00260487,ATM_00747,2026-01-27 12:58:00,18749.25,1
W_00008060,C_00260501,ATM_00505,2026-01-27 15:04:00,6424.39,1
W_00008061,C_00260522,ATM_00659,2026-01-28 15:02:00,1000.43,1
W_00008062,C_00260538,ATM_00798,2026-01-27 14:16:00,11234.53,1
W_00008063,C_00260580,ATM_00295,2026-01-28 02:08:00,14690.18,1
W_00008064,C_00260657,ATM_01061,2026-01-28 06:20:00,3423.18,1
W_00008065,C_00260673,ATM_00568,2026-01-28 20:58:00,36210.61,1
W_00008066,C_00260687,ATM_00882,2026-01-27 18:44:00,3715.67,1
W_00008067,C_00260717,ATM_01122,2026-01-27 20:46:00,32376.56,1
W_00008068,C_00260735,ATM_00289,2026-01-28 03:06:00,17767.66,1
W_00008069,C_00260777,ATM_01400,2026-01-28 02:16:00,8104.66,1
W_00008070,C_00260845,ATM_01224,2026-01-27 14:29:00,6057.98,1
W_00008071,C_00260870,ATM_01120,2026-01-28 00:51:00,3791.26,1
W_00008072,C_00260876,ATM_01161,2026-01-28 11:19:00,754.16,1
W_00008073,C_00260932,ATM_00729,2026-01-27 22:49:00,16814.95,1
W_00008074,C_00260970,ATM_01345,2026-01-28 03:58:00,4110.52,1
W_00008075,C_00261008,ATM_00447,2026-01-28 02:40:00,13383.38,1
W_00008076,C_00261041,ATM_00364,2026-01-27 14:36:00,4527.51,1
W_00008077,C_00261042,ATM_01458,2026-01-27 20:00:00,8409.43,1
W_00008078,C_00261086,ATM_00033,2026-01-28 04:40:00,62317.2,1
W_00008079,C_00261126,ATM_00437,2026-01-28 02:21:00,27301.92,1
W_00008080,C_00261138,ATM_00731,2026-01-28 04:50:00,43725.6,1
W_00008081,C_00261192,ATM_01117,2026-01-28 10:37:00,3235.63,1
W_00008082,C_00261216,ATM_00414,2026-01-28 06:45:00,8970.79,1
W_00008083,C_00261240,ATM_01395,2026-01-27 17:21:00,8179.23,1
W_00008084,C_00261248,ATM_01035,2026-01-28 10:37:00,46904.28,1
W_00008085,C_00261262,ATM_00339,2026-01-27 14:59:00,3751.18,1
W_00008086,C_00261294,ATM_00509,2026-01-27 11:03:00,7533.4,1
W_00008087,C_00261362,ATM_00090,2026-01-28 06:58:00,15873.85,1
W_00008088,C_00261377,ATM_01441,2026-01-28 08:54:00,863.84,1
W_00008089,C_00261398,ATM_00465,2026-01-28 14:00:00,45604.08,1
W_00008090,C_00261407,ATM_01246,2026-01-27 19:00:00,13122.31,1
W_00008091,C_00261530,ATM_01251,2026-01-27 19:10:00,2716.65,1
W_00008092,C_00261531,ATM_00728,2026-01-27 21:04:00,2085.96,1
W_00008093,C_00261606,ATM_01236,2026-01-28 03:49:00,8218.09,1
W_00008094,C_00261633,ATM_01154,2026-01-27 13:42:00,10274.06,1
W_00008095,C_00261661,ATM_01306,2026-01-28 08:35:00,15812.95,1
W_00008096,C_00261691,ATM_00212,2026-01-27 09:26:00,1319.65,1
W_00008097,C_00261703,ATM_00058,2026-01-28 13:14:00,2585.69,1
W_00008098,C_00261706,ATM_00548,2026-01-27 20:25:00,2323.91,1
W_00008099,C_00261724,ATM_01359,2026-01-27 17:30:00,35200.19,1
W_00008100,C_00261779,ATM_01125,2026-01-27 21:37:00,13539.28,1
W_00008101,C_00261862,ATM_00350,2026-01-28 04:51:00,17038.53,1
W_00008102,C_00261879,ATM_00494,2026-01-28 03:46:00,12698.29,1
W_00008103,C_00261992,ATM_00215,2026-01-27 21:29:00,3897.07,1
W_00008104,C_00262003,ATM_00089,2026-01-28 14:04:00,9479.56,1
W_00008105,C_00262027,ATM_00468,2026-01-28 12:00:00,9397.12,1
W_00008106,C_00262067,ATM_00434,2026-01-28 20:44:00,36211.72,1
W_00008107,C_00262116,ATM_00492,2026-01-27 18:47:00,33549.28,1
W_00008108,C_00262157,ATM_00437,2026-01-28 06:35:00,5257.4,1
W_00008109,C_00262175,ATM_00097,2026-01-28 10:05:00,18556.9,1
W_00008110,C_00262195,ATM_00910,2026-01-27 19:53:00,73902.98,1
W_00008111,C_00262260,ATM_00813,2026-01-27 22:53:00,2015.29,1
W_00008112,C_00262306,ATM_01117,2026-01-28 12:13:00,196130.46,1
W_00008113,C_00262399,ATM_00942,2026-01-28 06:40:00,12660.76,1
W_00008114,C_00262413,ATM_00412,2026-01-28 09:14:00,19130.52,1
W_00008115,C_00262427,ATM_00502,2026-01-27 18:50:00,17947.34,1
W_00008116,C_00262501,ATM_00749,2026-01-27 18:50:00,500.0,1
W_00008117,C_00262565,ATM_00353,2026-01-28 03:09:00,37417.19,1
W_00008118,C_00262611,ATM_00490,2026-01-28 10:22:00,29549.98,1
W_00008119,C_00262690,ATM_00582,2026-01-28 02:50:00,1642.36,1
W_00008120,C_00262708,ATM_00604,2026-01-27 11:57:00,14723.63,1
W_00008121,C_00262820,ATM_01099,2026-01-28 11:23:00,4887.7,1
W_00008122,C_00262854,ATM_01441,2026-01-28 12:55:00,12272.9,1
W_00008123,C_00262917,ATM_01200,2026-01-27 11:26:00,5362.01,1
W_00008124,C_00262918,ATM_01443,2026-01-28 07:26:00,37113.8,1
W_00008125,C_00262946,ATM_01349,2026-01-28 09:25:00,11077.04,1
W_00008126,C_00262950,ATM_00814,2026-01-28 09:28:00,13784.92,1
W_00008127,C_00262993,ATM_01429,2026-01-27 22:50:00,20069.26,1
W_00008128,C_00263010,ATM_00409,2026-01-27 22:32:00,775.07,1
W_00008129,C_00263016,ATM_00747,2026-01-28 04:48:00,55189.22,1
W_00008130,C_00263057,ATM_00709,2026-01-27 12:07:00,21641.54,1
W_00008131,C_00263082,ATM_01349,2026-01-27 19:49:00,30207.61,1
W_00008132,C_00263133,ATM_00708,2026-01-28 01:45:00,4790.6,1
W_00008133,C_00263163,ATM_00835,2026-01-28 02:16:00,1712.06,1
W_00008134,C_00263236,ATM_01088,2026-01-27 23:27:00,15818.93,1
W_00008135,C_00263265,ATM_00564,2026-01-27 15:47:00,5128.66,1
W_00008136,C_00263271,ATM_00627,2026-01-28 17:55:00,1572.44,1
W_00008137,C_00263281,ATM_01251,2026-01-28 01:20:00,4504.78,1
W_00008138,C_00263299,ATM_00568,2026-01-28 13:18:00,29140.06,1
W_00008139,C_00263301,ATM_00095,2026-01-28 01:45:00,3488.7,1
W_00008140,C_00263320,ATM_00888,2026-01-28 00:14:00,3500.21,1
W_00008141,C_00263329,ATM_00830,2026-01-27 21:45:00,5733.62,1
W_00008142,C_00263333,ATM_00302,2026-01-27 20:45:00,4716.03,1
W_00008143,C_00263365,ATM_00745,2026-01-28 05:28:00,8464.1,1
W_00008144,C_00263427,ATM_00061,2026-01-28 03:31:00,8132.82,1
W_00008145,C_00263449,ATM_00943,2026-01-28 17:43:00,16263.64,1
W_00008146,C_00263483,ATM_00585,2026-01-28 05:50:00,643.24,1
W_00008147,C_00263500,ATM_00410,2026-01-28 08:14:00,24918.11,1
W_00008148,C_00263502,ATM_00535,2026-01-27 22:34:00,6378.95,1
W_00008149,C_00263553,ATM_00231,2026-01-27 20:56:00,10520.06,1
W_00008150,C_00263568,ATM_01117,2026-01-28 15:21:00,3140.4,1
W_00008151,C_00263592,ATM_00384,2026-01-28 18:23:00,1539.84,1
W_00008152,C_00263608,ATM_00906,2026-01-27 20:15:00,8839.64,1
W_00008153,C_00263633,ATM_00340,2026-01-27 23:50:00,14409.42,1
W_00008154,C_00263680,ATM_01057,2026-01-28 03:59:00,8894.49,1
W_00008155,C_00263713,ATM_00787,2026-01-27 21:34:00,34770.07,1
W_00008156,C_00263714,ATM_00351,2026-01-28 03:22:00,3810.83,1
W_00008157,C_00263725,ATM_00287,2026-01-28 08:34:00,2473.09,1
W_00008158,C_00263798,ATM_00988,2026-01-28 02:55:00,10136.24,1
W_00008159,C_00263859,ATM_00281,2026-01-27 23:44:00,1446.15,1
W_00008160,C_00263881,ATM_01207,2026-01-28 09:37:00,112383.86,1
W_00008161,C_00263953,ATM_01083,2026-01-27 16:48:00,5702.05,1
W_00008162,C_00264089,ATM_00387,2026-01-27 16:53:00,30474.15,1
W_00008163,C_00264147,ATM_01226,2026-01-27 22:09:00,50298.38,1
W_00008164,C_00264201,ATM_01438,2026-01-28 05:06:00,27219.82,1
W_00008165,C_00264226,ATM_00147,2026-01-28 09:52:00,40282.48,1
W_00008166,C_00264249,ATM_01376,2026-01-28 03:05:00,7534.23,1
W_00008167,C_00264255,ATM_00450,2026-01-28 14:17:00,38183.3,1
W_00008168,C_00264256,ATM_00999,2026-01-28 08:04:00,4470.07,1
W_00008169,C_00264302,ATM_01154,2026-01-27 08:47:00,27586.99,1
W_00008170,C_00264310,ATM_00759,2026-01-28 21:47:00,9703.29,1
W_00008171,C_00264393,ATM_00470,2026-01-28 09:19:00,2159.25,1
W_00008172,C_00264459,ATM_00734,2026-01-27 04:00:00,41350.99,1
W_00008173,C_00264466,ATM_00933,2026-01-27 23:56:00,5611.06,1
W_00008174,C_00264533,ATM_00765,2026-01-27 21:11:00,23179.03,1
W_00008175,C_00264537,ATM_00432,2026-01-27 23:56:00,3605.85,1
W_00008176,C_00264561,ATM_00839,2026-01-27 09:50:00,26206.41,1
W_00008177,C_00264590,ATM_00832,2026-01-28 09:55:00,64375.78,1
W_00008178,C_00264609,ATM_00561,2026-01-28 11:24:00,25760.41,1
W_00008179,C_00264616,ATM_00226,2026-01-27 14:24:00,2098.6,1
W_00008180,C_00264649,ATM_00150,2026-01-28 04:10:00,10237.83,1
W_00008181,C_00264671,ATM_00194,2026-01-28 15:07:00,21577.48,1
W_00008182,C_00264676,ATM_00226,2026-01-27 19:52:00,31534.11,1
W_00008183,C_00264693,ATM_01431,2026-01-28 08:26:00,56899.64,1
W_00008184,C_00264707,ATM_01348,2026-01-28 01:11:00,3002.43,1
W_00008185,C_00264765,ATM_01019,2026-01-28 00:57:00,4630.85,1
W_00008186,C_00264781,ATM_00263,2026-01-27 23:10:00,25704.74,1
W_00008187,C_00264799,ATM_00213,2026-01-28 00:45:00,12760.0,1
W_00008188,C_00264828,ATM_00917,2026-01-27 19:39:00,6667.82,1
W_00008189,C_00264844,ATM_00062,2026-01-28 09:17:00,12958.04,1
W_00008190,C_00264869,ATM_00136,2026-01-28 22:47:00,1009.16,1
W_00008191,C_00264895,ATM_00824,2026-01-28 09:19:00,72294.94,1
W_00008192,C_00264897,ATM_00277,2026-01-28 05:16:00,4091.57,1
W_00008193,C_00264945,ATM_00020,2026-01-28 07:17:00,4704.7,1
W_00008194,C_00264977,ATM_00330,2026-01-27 16:10:00,32770.46,1
W_00008195,C_00264991,ATM_00407,2026-01-28 06:38:00,34672.62,1
W_00008196,C_00264994,ATM_01093,2026-01-28 18:19:00,10859.73,1
W_00008197,C_00264997,ATM_00058,2026-01-28 02:53:00,10038.91,1
W_00008198,C_00265050,ATM_00547,2026-01-28 02:37:00,33669.4,1
W_00008199,C_00265056,ATM_01380,2026-01-28 03:34:00,11107.03,1
W_00008200,C_00265113,ATM_00496,2026-01-27 09:45:00,28709.25,1
W_00008201,C_00265121,ATM_00557,2026-01-28 12:22:00,2804.96,1
W_00008202,C_00265177,ATM_00035,2026-01-27 11:02:00,61179.31,1
W_00008203,C_00265180,ATM_01110,2026-01-28 06:31:00,4853.7,1
W_00008204,C_00265184,ATM_00703,2026-01-27 18:03:00,17638.94,1
W_00008205,C_00265203,ATM_01380,2026-01-28 00:19:00,6535.02,1
W_00008206,C_00265208,ATM_00576,2026-01-28 04:16:00,3425.13,1
W_00008207,C_00265210,ATM_00809,2026-01-28 06:19:00,2361.43,1
W_00008208,C_00265216,ATM_00811,2026-01-28 12:28:00,9379.54,1
W_00008209,C_00265258,ATM_01005,2026-01-27 15:29:00,2460.42,1
W_00008210,C_00265322,ATM_00277,2026-01-27 15:06:00,2254.8,1
W_00008211,C_00265324,ATM_00103,2026-01-27 23:15:00,12428.23,1
W_00008212,C_00265364,ATM_00324,2026-01-27 17:20:00,5766.96,1
W_00008213,C_00265367,ATM_00340,2026-01-28 08:35:00,5455.7,1
W_00008214,C_00265416,ATM_01023,2026-01-27 12:44:00,1948.15,1
W_00008215,C_00265427,ATM_01483,2026-01-28 23:25:00,14936.22,1
W_00008216,C_00265442,ATM_01193,2026-01-28 01:51:00,8938.17,1
W_00008217,C_00265469,ATM_00098,2026-01-27 21:22:00,5877.9,1
W_00008218,C_00265472,ATM_01217,2026-01-28 06:01:00,18163.59,1
W_00008219,C_00265489,ATM_01224,2026-01-27 18:34:00,5375.57,1
W_00008220,C_00265504,ATM_01292,2026-01-28 02:13:00,6199.1,1
W_00008221,C_00265513,ATM_01097,2026-01-28 05:17:00,17231.71,1
W_00008222,C_00265568,ATM_00690,2026-01-28 04:48:00,4226.54,1
W_00008223,C_00265638,ATM_00492,2026-01-27 23:31:00,14337.09,1
W_00008224,C_00265659,ATM_00441,2026-01-28 17:27:00,6424.22,1
W_00008225,C_00265745,ATM_00062,2026-01-28 10:55:00,6434.88,1
W_00008226,C_00265781,ATM_00472,2026-01-28 00:39:00,7959.35,1
W_00008227,C_00265789,ATM_00930,2026-01-28 01:43:00,4496.81,1
W_00008228,C_00265820,ATM_00653,2026-01-28 06:35:00,67331.62,1
W_00008229,C_00265869,ATM_01042,2026-01-28 11:41:00,1300.7,1
W_00008230,C_00265929,ATM_00064,2026-01-28 19:13:00,22060.93,1
W_00008231,C_00265932,ATM_00495,2026-01-28 09:23:00,59935.99,1
W_00008232,C_00265960,ATM_00973,2026-01-28 17:11:00,3403.15,1
W_00008233,C_00265973,ATM_01172,2026-01-28 13:42:00,95850.5,1
W_00008234,C_00265993,ATM_00370,2026-01-28 16:23:00,2188.54,1
W_00008235,C_00266009,ATM_01076,2026-01-28 13:20:00,3751.67,1
W_00008236,C_00266011,ATM_01041,2026-01-27 20:14:00,12883.34,1
W_00008237,C_00266071,ATM_00120,2026-01-28 18:22:00,959.66,1
W_00008238,C_00266154,ATM_00456,2026-01-28 07:25:00,26827.81,1
W_00008239,C_00266161,ATM_01082,2026-01-27 15:04:00,2062.37,1
W_00008240,C_00266169,ATM_00943,2026-01-28 17:47:00,3253.74,1
W_00008241,C_00266175,ATM_00029,2026-01-27 17:49:00,6694.52,1
W_00008242,C_00266284,ATM_00893,2026-01-27 21:00:00,3544.62,1
W_00008243,C_00266320,ATM_01061,2026-01-27 04:45:00,3871.25,1
W_00008244,C_00266324,ATM_00408,2026-01-28 06:39:00,15898.81,1
W_00008245,C_00266397,ATM_00521,2026-01-27 20:16:00,5586.59,1
W_00008246,C_00266399,ATM_01355,2026-01-28 09:58:00,21723.9,1
W_00008247,C_00266431,ATM_01437,2026-01-27 20:20:00,9628.28,1
W_00008248,C_00266478,ATM_01230,2026-01-28 11:44:00,1434.75,1
W_00008249,C_00266496,ATM_00801,2026-01-28 15:30:00,20507.87,1
W_00008250,C_00266506,ATM_01223,2026-01-28 14:25:00,10463.15,1
W_00008251,C_00266507,ATM_00826,2026-01-27 20:38:00,13069.39,1
W_00008252,C_00266535,ATM_00393,2026-01-27 19:46:00,9912.64,1
W_00008253,C_00266598,ATM_01378,2026-01-27 13:50:00,9676.93,1
W_00008254,C_00266651,ATM_00654,2026-01-28 02:27:00,5500.47,1
W_00008255,C_00266657,ATM_00892,2026-01-27 18:26:00,25979.6,1
W_00008256,C_00266658,ATM_00150,2026-01-28 00:26:00,9685.66,1
W_00008257,C_00266665,ATM_00477,2026-01-28 04:30:00,8715.5,1
W_00008258,C_00266694,ATM_00417,2026-01-27 23:26:00,1107.3,1
W_00008259,C_00266761,ATM_00343,2026-01-28 04:17:00,9764.33,1
W_00008260,C_00266818,ATM_00614,2026-01-28 06:44:00,779.47,1
W_00008261,C_00266869,ATM_00166,2026-01-27 12:47:00,5308.43,1
W_00008262,C_00266870,ATM_01202,2026-01-28 06:30:00,31301.52,1
W_00008263,C_00266932,ATM_00771,2026-01-27 20:00:00,8595.1,1
W_00008264,C_00266966,ATM_01010,2026-01-28 05:18:00,4234.4,1
W_00008265,C_00267053,ATM_01053,2026-01-28 04:28:00,50943.44,1
W_00008266,C_00267059,ATM_00803,2026-01-28 04:29:00,19618.59,1
W_00008267,C_00267105,ATM_00521,2026-01-27 13:03:00,4504.42,1
W_00008268,C_00267154,ATM_01091,2026-01-28 17:26:00,58238.58,1
W_00008269,C_00267166,ATM_00911,2026-01-27 14:35:00,9236.05,1
W_00008270,C_00267170,ATM_00011,2026-01-28 05:47:00,1124.47,1
W_00008271,C_00267186,ATM_00202,2026-01-27 23:40:00,5494.27,1
W_00008272,C_00267220,ATM_01427,2026-01-28 07:55:00,8399.41,1
W_00008273,C_00267224,ATM_01006,2026-01-27 21:34:00,27427.24,1
W_00008274,C_00267249,ATM_00591,2026-01-28 09:46:00,21637.76,1
W_00008275,C_00267263,ATM_00185,2026-01-27 22:58:00,5224.51,1
W_00008276,C_00267285,ATM_00646,2026-01-27 18:44:00,6789.27,1
W_00008277,C_00267306,ATM_01361,2026-01-28 08:52:00,2954.6,1
W_00008278,C_00267357,ATM_01377,2026-01-27 17:37:00,89315.61,1
W_00008279,C_00267364,ATM_00156,2026-01-28 11:02:00,42945.2,1
W_00008280,C_00267376,ATM_00152,2026-01-28 04:21:00,58938.29,1
W_00008281,C_00267421,ATM_00485,2026-01-27 20:41:00,500.0,1
W_00008282,C_00267463,ATM_01341,2026-01-27 17:41:00,14794.66,1
W_00008283,C_00267607,ATM_00484,2026-01-27 18:00:00,29463.62,1
W_00008284,C_00267626,ATM_00564,2026-01-28 04:41:00,28244.43,1
W_00008285,C_00267669,ATM_01312,2026-01-28 00:41:00,76427.71,1
W_00008286,C_00267687,ATM_00688,2026-01-28 03:16:00,3027.42,1
W_00008287,C_00267702,ATM_00017,2026-01-28 13:56:00,1035.64,1
W_00008288,C_00267707,ATM_01429,2026-01-27 22:11:00,6251.66,1
W_00008289,C_00267823,ATM_00883,2026-01-28 09:55:00,4490.51,1
W_00008290,C_00267861,ATM_00115,2026-01-27 18:22:00,4697.98,1
W_00008291,C_00267891,ATM_00469,2026-01-28 04:01:00,1123.29,1
W_00008292,C_00267987,ATM_00466,2026-01-27 17:53:00,26084.34,1
W_00008293,C_00268023,ATM_00633,2026-01-29 06:58:00,16259.72,1
W_00008294,C_00268069,ATM_00234,2026-01-28 14:33:00,12786.68,1
W_00008295,C_00268071,ATM_00228,2026-01-28 17:27:00,2263.0,1
W_00008296,C_00268122,ATM_00247,2026-01-29 01:13:00,1774.89,1
W_00008297,C_00268148,ATM_01212,2026-01-29 02:20:00,44433.95,1
W_00008298,C_00268168,ATM_00428,2026-01-29 00:05:00,14320.57,1
W_00008299,C_00268178,ATM_00456,2026-01-29 04:54:00,9408.47,1
W_00008300,C_00268208,ATM_00386,2026-01-29 06:56:00,76714.96,1
W_00008301,C_00268273,ATM_01072,2026-01-29 06:40:00,20960.22,1
W_00008302,C_00268309,ATM_00374,2026-01-29 09:54:00,35557.34,1
W_00008303,C_00268356,ATM_01051,2026-01-29 15:41:00,6557.53,1
W_00008304,C_00268373,ATM_01399,2026-01-28 20:33:00,9662.11,1
W_00008305,C_00268395,ATM_00970,2026-01-29 09:36:00,11875.63,1
W_00008306,C_00268420,ATM_00761,2026-01-28 22:28:00,77996.92,1
W_00008307,C_00268499,ATM_00397,2026-01-28 22:33:00,48607.93,1
W_00008308,C_00268507,ATM_01011,2026-01-28 19:21:00,27246.62,1
W_00008309,C_00268528,ATM_00244,2026-01-29 13:17:00,500.0,1
W_00008310,C_00268539,ATM_01354,2026-01-29 11:54:00,23447.01,1
W_00008311,C_00268565,ATM_00374,2026-01-29 13:45:00,2681.94,1
W_00008312,C_00268610,ATM_00105,2026-01-29 03:38:00,13523.91,1
W_00008313,C_00268616,ATM_00611,2026-01-28 08:02:00,7108.57,1
W_00008314,C_00268620,ATM_01336,2026-01-28 23:43:00,19101.54,1
W_00008315,C_00268685,ATM_00465,2026-01-29 07:35:00,22571.52,1
W_00008316,C_00268725,ATM_01362,2026-01-29 10:49:00,17877.68,1
W_00008317,C_00268757,ATM_01442,2026-01-29 08:12:00,26847.32,1
W_00008318,C_00268790,ATM_01279,2026-01-28 08:35:00,500.0,1
W_00008319,C_00268835,ATM_01010,2026-01-28 18:20:00,12385.78,1
W_00008320,C_00268864,ATM_01481,2026-01-29 07:18:00,2762.85,1
W_00008321,C_00268867,ATM_00784,2026-01-28 17:42:00,2500.49,1
W_00008322,C_00268891,ATM_00199,2026-01-28 16:59:00,7436.42,1
W_00008323,C_00268928,ATM_00999,2026-01-28 14:22:00,30088.63,1
W_00008324,C_00268953,ATM_01033,2026-01-29 09:12:00,9289.32,1
W_00008325,C_00268970,ATM_00203,2026-01-28 22:03:00,19457.72,1
W_00008326,C_00268994,ATM_01381,2026-01-29 18:42:00,4306.49,1
W_00008327,C_00269014,ATM_00299,2026-01-28 17:10:00,3137.1,1
W_00008328,C_00269030,ATM_01464,2026-01-29 01:48:00,12889.09,1
W_00008329,C_00269033,ATM_00923,2026-01-29 06:19:00,86220.84,1
W_00008330,C_00269044,ATM_00041,2026-01-28 19:12:00,13241.2,1
W_00008331,C_00269045,ATM_01461,2026-01-29 05:07:00,35147.25,1
W_00008332,C_00269115,ATM_00901,2026-01-29 10:59:00,2332.56,1
W_00008333,C_00269135,ATM_00438,2026-01-28 21:18:00,19020.62,1
W_00008334,C_00269179,ATM_00257,2026-01-29 03:14:00,13226.34,1
W_00008335,C_00269181,ATM_01443,2026-01-28 15:19:00,33241.72,1
W_00008336,C_00269227,ATM_01360,2026-01-28 22:16:00,200000.0,1
W_00008337,C_00269232,ATM_00764,2026-01-28 14:49:00,3620.53,1
W_00008338,C_00269284,ATM_00025,2026-01-29 06:46:00,2754.78,1
W_00008339,C_00269319,ATM_01080,2026-01-29 16:43:00,2647.39,1
W_00008340,C_00269408,ATM_00735,2026-01-29 06:39:00,7714.81,1
W_00008341,C_00269451,ATM_00230,2026-01-29 00:55:00,2118.31,1
W_00008342,C_00269456,ATM_00789,2026-01-29 02:38:00,15007.7,1
W_00008343,C_00269480,ATM_00343,2026-01-29 03:10:00,6341.85,1
W_00008344,C_00269499,ATM_00872,2026-01-29 13:23:00,8799.79,1
W_00008345,C_00269503,ATM_00447,2026-01-29 04:20:00,25102.2,1
W_00008346,C_00269517,ATM_00545,2026-01-29 06:22:00,3787.11,1
W_00008347,C_00269576,ATM_00977,2026-01-29 11:53:00,2165.81,1
W_00008348,C_00269580,ATM_01377,2026-01-28 11:58:00,8639.64,1
W_00008349,C_00269591,ATM_00675,2026-01-29 00:39:00,25699.42,1
W_00008350,C_00269603,ATM_00134,2026-01-28 19:47:00,8767.46,1
W_00008351,C_00269758,ATM_01144,2026-01-29 13:10:00,500.0,1
W_00008352,C_00269771,ATM_00099,2026-01-28 18:54:00,7139.06,1
W_00008353,C_00269818,ATM_01241,2026-01-29 04:47:00,4795.77,1
W_00008354,C_00269839,ATM_00897,2026-01-29 05:53:00,40804.71,1
W_00008355,C_00269867,ATM_01044,2026-01-29 08:13:00,9993.21,1
W_00008356,C_00269892,ATM_00834,2026-01-28 23:48:00,5958.1,1
W_00008357,C_00269903,ATM_01139,2026-01-29 07:16:00,3677.54,1
W_00008358,C_00269915,ATM_00714,2026-01-29 03:18:00,55746.24,1
W_00008359,C_00269944,ATM_00544,2026-01-28 14:40:00,2461.3,1
W_00008360,C_00269949,ATM_00832,2026-01-29 15:23:00,5607.62,1
W_00008361,C_00269973,ATM_01379,2026-01-28 23:10:00,5308.13,1
W_00008362,C_00269985,ATM_01150,2026-01-28 20:59:00,23396.19,1
W_00008363,C_00270036,ATM_00961,2026-01-28 13:41:00,3383.09,1
W_00008364,C_00270206,ATM_00288,2026-01-29 20:01:00,11405.73,1
W_00008365,C_00270241,ATM_00362,2026-01-29 02:23:00,4060.59,1
W_00008366,C_00270291,ATM_01341,2026-01-29 13:36:00,2488.57,1
W_00008367,C_00270329,ATM_01116,2026-01-29 09:26:00,63734.82,1
W_00008368,C_00270330,ATM_01443,2026-01-29 06:24:00,24905.49,1
W_00008369,C_00270334,ATM_00899,2026-01-29 21:47:00,14040.29,1
W_00008370,C_00270350,ATM_01027,2026-01-28 20:00:00,4400.32,1
W_00008371,C_00270456,ATM_00210,2026-01-29 11:15:00,24367.39,1
W_00008372,C_00270465,ATM_00901,2026-01-28 23:37:00,42394.78,1
W_00008373,C_00270492,ATM_00038,2026-01-29 12:15:00,3941.59,1
W_00008374,C_00270499,ATM_01083,2026-01-29 05:52:00,26102.25,1
W_00008375,C_00270517,ATM_01369,2026-01-29 10:18:00,8270.44,1
W_00008376,C_00270548,ATM_00860,2026-01-29 04:45:00,5584.44,1
W_00008377,C_00270549,ATM_00339,2026-01-28 08:25:00,18468.33,1
W_00008378,C_00270582,ATM_00768,2026-01-29 13:55:00,4897.72,1
W_00008379,C_00270629,ATM_00390,2026-01-28 18:57:00,43748.29,1
W_00008380,C_00270638,ATM_00837,2026-01-29 07:51:00,11998.52,1
W_00008381,C_00270646,ATM_00923,2026-01-29 16:49:00,13961.41,1
W_00008382,C_00270665,ATM_01109,2026-01-28 21:51:00,25609.37,1
W_00008383,C_00270686,ATM_00443,2026-01-29 10:50:00,9075.59,1
W_00008384,C_00270697,ATM_01296,2026-01-29 16:20:00,20420.61,1
W_00008385,C_00270732,ATM_00722,2026-01-29 04:09:00,36439.5,1
W_00008386,C_00270752,ATM_01162,2026-01-29 00:20:00,41972.5,1
W_00008387,C_00270916,ATM_00253,2026-01-28 20:20:00,5341.3,1
W_00008388,C_00270947,ATM_00706,2026-01-29 05:16:00,7843.0,1
W_00008389,C_00270958,ATM_00777,2026-01-28 22:13:00,3190.82,1
W_00008390,C_00270966,ATM_01351,2026-01-28 23:13:00,23386.9,1
W_00008391,C_00270970,ATM_01046,2026-01-28 12:56:00,4690.68,1
W_00008392,C_00270977,ATM_01222,2026-01-29 09:54:00,29812.33,1
W_00008393,C_00270986,ATM_01430,2026-01-29 04:56:00,14379.79,1
W_00008394,C_00271034,ATM_00556,2026-01-28 15:06:00,58488.97,1
W_00008395,C_00271065,ATM_00876,2026-01-28 13:34:00,17362.86,1
W_00008396,C_00271066,ATM_00744,2026-01-29 08:11:00,36432.01,1
W_00008397,C_00271069,ATM_01313,2026-01-28 22:20:00,5128.48,1
W_00008398,C_00271154,ATM_00497,2026-01-28 21:42:00,11513.16,1
W_00008399,C_00271164,ATM_00842,2026-01-28 17:03:00,18625.09,1
W_00008400,C_00271192,ATM_00350,2026-01-28 22:01:00,4313.0,1
W_00008401,C_00271207,ATM_00157,2026-01-29 07:09:00,4132.73,1
W_00008402,C_00271211,ATM_00710,2026-01-29 18:29:00,30197.61,1
W_00008403,C_00271448,ATM_00282,2026-01-29 09:12:00,13893.57,1
W_00008404,C_00271479,ATM_00885,2026-01-29 05:26:00,12917.48,1
W_00008405,C_00271481,ATM_00709,2026-01-29 19:21:00,21556.83,1
W_00008406,C_00271528,ATM_01211,2026-01-28 22:59:00,645.99,1
W_00008407,C_00271550,ATM_01289,2026-01-28 04:04:00,20211.03,1
W_00008408,C_00271584,ATM_01047,2026-01-28 21:42:00,34977.58,1
W_00008409,C_00271597,ATM_01340,2026-01-29 13:35:00,28261.43,1
W_00008410,C_00271625,ATM_00146,2026-01-29 14:06:00,22016.84,1
W_00008411,C_00271658,ATM_00171,2026-01-28 17:16:00,2541.83,1
W_00008412,C_00271662,ATM_01484,2026-01-28 21:47:00,20168.85,1
W_00008413,C_00271712,ATM_01377,2026-01-28 21:36:00,5301.69,1
W_00008414,C_00271765,ATM_00460,2026-01-29 00:34:00,9509.66,1
W_00008415,C_00271777,ATM_01490,2026-01-29 13:16:00,11583.61,1
W_00008416,C_00271779,ATM_00449,2026-01-29 10:10:00,8240.69,1
W_00008417,C_00271835,ATM_00279,2026-01-28 20:50:00,8760.99,1
W_00008418,C_00271875,ATM_00054,2026-01-28 21:43:00,6206.7,1
W_00008419,C_00271880,ATM_00287,2026-01-29 02:09:00,2136.35,1
W_00008420,C_00271928,ATM_00733,2026-01-28 05:09:00,6501.18,1
W_00008421,C_00271969,ATM_00525,2026-01-29 08:33:00,3114.28,1
W_00008422,C_00271988,ATM_00240,2026-01-28 23:53:00,12254.86,1
W_00008423,C_00271991,ATM_00691,2026-01-29 04:55:00,7899.54,1
W_00008424,C_00271998,ATM_01002,2026-01-29 13:36:00,8475.68,1
W_00008425,C_00272123,ATM_00023,2026-01-29 00:25:00,5565.56,1
W_00008426,C_00272198,ATM_00273,2026-01-29 14:49:00,50623.48,1
W_00008427,C_00272228,ATM_00171,2026-01-28 14:39:00,8487.6,1
W_00008428,C_00272262,ATM_00323,2026-01-28 18:22:00,1305.54,1
W_00008429,C_00272306,ATM_00521,2026-01-28 21:16:00,9828.78,1
W_00008430,C_00272378,ATM_00005,2026-01-29 09:52:00,2774.16,1
W_00008431,C_00272384,ATM_01270,2026-01-28 11:16:00,54066.61,1
W_00008432,C_00272390,ATM_01455,2026-01-28 08:36:00,10844.07,1
W_00008433,C_00272517,ATM_01320,2026-01-29 03:56:00,13463.61,1
W_00008434,C_00272554,ATM_00627,2026-01-28 21:44:00,6535.86,1
W_00008435,C_00272559,ATM_00956,2026-01-29 06:01:00,28664.62,1
W_00008436,C_00272590,ATM_00402,2026-01-29 06:01:00,42696.26,1
W_00008437,C_00272613,ATM_00804,2026-01-28 22:21:00,5695.25,1
W_00008438,C_00272644,ATM_00814,2026-01-28 21:16:00,4771.68,1
W_00008439,C_00272653,ATM_01081,2026-01-28 14:46:00,12564.26,1
W_00008440,C_00272666,ATM_01415,2026-01-28 23:27:00,8633.39,1
W_00008441,C_00272767,ATM_01265,2026-01-28 21:45:00,4806.51,1
W_00008442,C_00272784,ATM_01429,2026-01-29 14:52:00,2219.45,1
W_00008443,C_00272887,ATM_00508,2026-01-29 12:55:00,2314.52,1
W_00008444,C_00272900,ATM_01306,2026-01-29 15:58:00,25861.04,1
W_00008445,C_00272945,ATM_00387,2026-01-29 16:51:00,9209.29,1
W_00008446,C_00273003,ATM_01240,2026-01-28 14:41:00,3225.72,1
W_00008447,C_00273005,ATM_00278,2026-01-29 05:29:00,68230.68,1
W_00008448,C_00273016,ATM_01426,2026-01-28 22:01:00,20071.11,1
W_00008449,C_00273028,ATM_01197,2026-01-29 03:22:00,4734.23,1
W_00008450,C_00273095,ATM_01496,2026-01-29 02:25:00,13826.43,1
W_00008451,C_00273114,ATM_01451,2026-01-28 22:35:00,2696.39,1
W_00008452,C_00273231,ATM_01329,2026-01-29 20:33:00,9486.67,1
W_00008453,C_00273244,ATM_01107,2026-01-29 14:35:00,7406.8,1
W_00008454,C_00273262,ATM_00313,2026-01-29 12:17:00,50843.3,1
W_00008455,C_00273281,ATM_00141,2026-01-29 09:57:00,2362.61,1
W_00008456,C_00273308,ATM_00514,2026-01-29 08:55:00,2216.83,1
W_00008457,C_00273349,ATM_00013,2026-01-28 15:01:00,13940.3,1
W_00008458,C_00273393,ATM_01099,2026-01-28 23:02:00,44302.13,1
W_00008459,C_00273527,ATM_00222,2026-01-29 00:57:00,2149.29,1
W_00008460,C_00273610,ATM_00394,2026-01-29 05:01:00,3335.71,1
W_00008461,C_00273646,ATM_01136,2026-01-29 11:25:00,14647.25,1
W_00008462,C_00273655,ATM_01001,2026-01-28 23:44:00,12730.3,1
W_00008463,C_00273657,ATM_01417,2026-01-29 13:58:00,1262.35,1
W_00008464,C_00273697,ATM_00954,2026-01-29 06:17:00,7287.85,1
W_00008465,C_00273704,ATM_01486,2026-01-29 07:37:00,3519.03,1
W_00008466,C_00273708,ATM_01295,2026-01-29 08:58:00,20244.18,1
W_00008467,C_00273712,ATM_00188,2026-01-29 03:28:00,21491.49,1
W_00008468,C_00273718,ATM_01146,2026-01-28 13:37:00,19462.76,1
W_00008469,C_00273721,ATM_00499,2026-01-29 00:21:00,69314.51,1
W_00008470,C_00273776,ATM_00833,2026-01-28 20:11:00,1251.22,1
W_00008471,C_00273781,ATM_00713,2026-01-29 11:17:00,9538.57,1
W_00008472,C_00273785,ATM_00828,2026-01-29 03:38:00,1559.5,1
W_00008473,C_00273834,ATM_01405,2026-01-28 22:05:00,56356.58,1
W_00008474,C_00273836,ATM_01097,2026-01-29 08:12:00,10235.28,1
W_00008475,C_00273863,ATM_01237,2026-01-28 20:32:00,15980.93,1
W_00008476,C_00273897,ATM_01017,2026-01-29 08:51:00,19713.72,1
W_00008477,C_00273919,ATM_01233,2026-01-28 19:04:00,20632.37,1
W_00008478,C_00274025,ATM_01291,2026-01-28 13:10:00,58336.62,1
W_00008479,C_00274035,ATM_00122,2026-01-29 12:12:00,6555.98,1
W_00008480,C_00274058,ATM_00615,2026-01-29 06:44:00,12846.32,1
W_00008481,C_00274161,ATM_00372,2026-01-29 00:24:00,5000.88,1
W_00008482,C_00274197,ATM_00221,2026-01-29 13:41:00,20833.07,1
W_00008483,C_00274198,ATM_01454,2026-01-29 11:56:00,17745.0,1
W_00008484,C_00274250,ATM_01157,2026-01-29 12:53:00,28975.78,1
W_00008485,C_00274263,ATM_00150,2026-01-28 21:36:00,905.96,1
W_00008486,C_00274273,ATM_00392,2026-01-29 09:10:00,47978.64,1
W_00008487,C_00274401,ATM_00160,2026-01-29 04:19:00,13905.22,1
W_00008488,C_00274449,ATM_00350,2026-01-29 08:34:00,2620.36,1
W_00008489,C_00274512,ATM_00317,2026-01-29 09:05:00,2924.98,1
W_00008490,C_00274539,ATM_01230,2026-01-28 23:12:00,10480.43,1
W_00008491,C_00274557,ATM_01411,2026-01-29 06:35:00,5019.66,1
W_00008492,C_00274559,ATM_01309,2026-01-28 13:04:00,73015.81,1
W_00008493,C_00274609,ATM_00820,2026-01-28 20:05:00,10683.63,1
W_00008494,C_00274673,ATM_00645,2026-01-29 01:43:00,8880.3,1
W_00008495,C_00274703,ATM_00389,2026-01-29 05:25:00,4590.58,1
W_00008496,C_00274741,ATM_01144,2026-01-29 04:39:00,1817.59,1
W_00008497,C_00274807,ATM_00893,2026-01-29 03:48:00,4714.05,1
W_00008498,C_00274836,ATM_00828,2026-01-29 13:43:00,13163.88,1
W_00008499,C_00274975,ATM_00044,2026-01-29 12:02:00,3017.9,1
W_00008500,C_00274996,ATM_00955,2026-01-28 15:44:00,6949.1,1
W_00008501,C_00274999,ATM_00988,2026-01-28 12:11:00,1842.99,1
W_00008502,C_00275042,ATM_00676,2026-01-28 16:50:00,8592.41,1
W_00008503,C_00275043,ATM_01009,2026-01-29 01:23:00,4963.15,1
W_00008504,C_00275049,ATM_01218,2026-01-28 15:46:00,2251.14,1
W_00008505,C_00275073,ATM_00067,2026-01-29 12:31:00,12356.11,1
W_00008506,C_00275117,ATM_00207,2026-01-29 02:51:00,11854.91,1
W_00008507,C_00275137,ATM_01404,2026-01-28 12:44:00,1005.25,1
W_00008508,C_00275177,ATM_01225,2026-01-29 05:51:00,9729.11,1
W_00008509,C_00275226,ATM_00998,2026-01-28 21:36:00,2058.26,1
W_00008510,C_00275249,ATM_01080,2026-01-29 08:17:00,80472.86,1
W_00008511,C_00275272,ATM_00686,2026-01-28 16:03:00,10584.07,1
W_00008512,C_00275275,ATM_01416,2026-01-28 23:24:00,28428.87,1
W_00008513,C_00275360,ATM_00356,2026-01-28 23:09:00,16173.12,1
W_00008514,C_00275417,ATM_00846,2026-01-28 19:17:00,2031.87,1
W_00008515,C_00275442,ATM_01446,2026-01-29 07:07:00,2725.79,1
W_00008516,C_00275496,ATM_00838,2026-01-28 13:19:00,21361.89,1
W_00008517,C_00275635,ATM_00307,2026-01-29 10:17:00,2770.41,1
W_00008518,C_00275682,ATM_00428,2026-01-29 03:19:00,8261.62,1
W_00008519,C_00275699,ATM_01063,2026-01-28 15:33:00,7283.52,1
W_00008520,C_00275708,ATM_00373,2026-01-29 03:18:00,7217.24,1
W_00008521,C_00275710,ATM_00475,2026-01-29 13:07:00,4604.58,1
W_00008522,C_00275718,ATM_01108,2026-01-29 08:01:00,15831.18,1
W_00008523,C_00275755,ATM_00015,2026-01-29 06:28:00,17858.15,1
W_00008524,C_00275762,ATM_00907,2026-01-29 06:13:00,25225.32,1
W_00008525,C_00275791,ATM_00150,2026-01-28 18:10:00,3374.46,1
W_00008526,C_00275837,ATM_01372,2026-01-29 07:11:00,29210.83,1
W_00008527,C_00275911,ATM_00590,2026-01-29 06:07:00,30554.2,1
W_00008528,C_00275962,ATM_00004,2026-01-29 12:43:00,32054.91,1
W_00008529,C_00275988,ATM_00168,2026-01-29 08:05:00,16955.46,1
W_00008530,C_00276038,ATM_00694,2026-01-29 15:51:00,53911.27,1
W_00008531,C_00276042,ATM_00418,2026-01-28 13:32:00,31041.59,1
W_00008532,C_00276059,ATM_00174,2026-01-29 13:01:00,14559.06,1
W_00008533,C_00276134,ATM_00829,2026-01-29 02:41:00,18921.13,1
W_00008534,C_00276152,ATM_00581,2026-01-29 16:44:00,26688.61,1
W_00008535,C_00276169,ATM_01231,2026-01-29 00:04:00,8651.75,1
W_00008536,C_00276220,ATM_00181,2026-01-29 03:20:00,78143.61,1
W_00008537,C_00276349,ATM_00899,2026-01-29 00:46:00,22020.31,1
W_00008538,C_00276353,ATM_00093,2026-01-28 22:05:00,2884.24,1
W_00008539,C_00276360,ATM_01251,2026-01-28 23:53:00,33888.75,1
W_00008540,C_00276385,ATM_00380,2026-01-29 01:38:00,9852.45,1
W_00008541,C_00276386,ATM_00425,2026-01-28 13:20:00,7903.92,1
W_00008542,C_00276416,ATM_01127,2026-01-28 23:56:00,13223.89,1
W_00008543,C_00276426,ATM_01188,2026-01-29 16:44:00,23844.29,1
W_00008544,C_00276451,ATM_00227,2026-01-29 00:04:00,13746.86,1
W_00008545,C_00276657,ATM_00777,2026-01-29 10:17:00,15547.28,1
W_00008546,C_00276706,ATM_01422,2026-01-28 16:13:00,8598.36,1
W_00008547,C_00276728,ATM_00665,2026-01-29 01:19:00,2989.92,1
W_00008548,C_00276729,ATM_00155,2026-01-29 04:52:00,2801.24,1
W_00008549,C_00276749,ATM_01195,2026-01-29 05:13:00,4958.13,1
W_00008550,C_00276774,ATM_00698,2026-01-29 06:51:00,34953.16,1
W_00008551,C_00276847,ATM_00445,2026-01-28 18:38:00,36629.16,1
W_00008552,C_00276894,ATM_00640,2026-01-29 05:18:00,3904.55,1
W_00008553,C_00276896,ATM_00807,2026-01-28 20:16:00,18797.8,1
W_00008554,C_00276929,ATM_01458,2026-01-28 21:12:00,16360.7,1
W_00008555,C_00276961,ATM_00252,2026-01-28 17:41:00,14046.49,1
W_00008556,C_00276965,ATM_00973,2026-01-29 10:19:00,5948.65,1
W_00008557,C_00276970,ATM_01208,2026-01-28 14:15:00,6387.29,1
W_00008558,C_00276981,ATM_01281,2026-01-29 02:44:00,10595.96,1
W_00008559,C_00277027,ATM_00444,2026-01-28 18:43:00,7470.24,1
W_00008560,C_00277033,ATM_01070,2026-01-29 08:12:00,25498.46,1
W_00008561,C_00277040,ATM_00558,2026-01-29 10:31:00,9797.05,1
W_00008562,C_00277076,ATM_01360,2026-01-29 08:05:00,10029.0,1
W_00008563,C_00277088,ATM_00880,2026-01-28 19:32:00,23015.27,1
W_00008564,C_00277098,ATM_00315,2026-01-29 06:34:00,19990.15,1
W_00008565,C_00277112,ATM_00255,2026-01-29 08:51:00,4134.28,1
W_00008566,C_00277126,ATM_00262,2026-01-28 23:41:00,7958.23,1
W_00008567,C_00277156,ATM_00934,2026-01-28 14:42:00,3920.74,1
W_00008568,C_00277191,ATM_00933,2026-01-29 02:55:00,14821.45,1
W_00008569,C_00277212,ATM_00786,2026-01-28 22:38:00,1188.19,1
W_00008570,C_00277261,ATM_01373,2026-01-28 22:37:00,22839.41,1
W_00008571,C_00277271,ATM_00554,2026-01-29 09:02:00,2877.63,1
W_00008572,C_00277300,ATM_00341,2026-01-29 00:19:00,5407.45,1
W_00008573,C_00277337,ATM_01218,2026-01-28 20:50:00,17476.42,1
W_00008574,C_00277365,ATM_01292,2026-01-28 10:43:00,9495.35,1
W_00008575,C_00277383,ATM_00570,2026-01-29 04:27:00,10611.11,1
W_00008576,C_00277403,ATM_00563,2026-01-29 03:00:00,20841.48,1
W_00008577,C_00277405,ATM_00568,2026-01-29 01:08:00,14167.43,1
W_00008578,C_00277409,ATM_00730,2026-01-29 01:35:00,6306.34,1
W_00008579,C_00277414,ATM_01331,2026-01-29 06:18:00,8287.76,1
W_00008580,C_00277549,ATM_00466,2026-01-28 20:36:00,4006.31,1
W_00008581,C_00277555,ATM_01195,2026-01-28 19:03:00,20206.7,1
W_00008582,C_00277559,ATM_01122,2026-01-29 08:45:00,33221.51,1
W_00008583,C_00277579,ATM_01054,2026-01-29 14:19:00,35476.51,1
W_00008584,C_00277588,ATM_01071,2026-01-28 19:29:00,524.5,1
W_00008585,C_00277608,ATM_00326,2026-01-29 15:41:00,3835.99,1
W_00008586,C_00277649,ATM_00935,2026-01-29 04:03:00,37240.49,1
W_00008587,C_00277781,ATM_01198,2026-01-29 03:35:00,3233.29,1
W_00008588,C_00277784,ATM_00967,2026-01-28 16:08:00,12511.37,1
W_00008589,C_00277820,ATM_00352,2026-01-28 04:48:00,2578.92,1
W_00008590,C_00277831,ATM_01041,2026-01-28 09:42:00,86469.73,1
W_00008591,C_00277838,ATM_01361,2026-01-28 20:15:00,21783.94,1
W_00008592,C_00277906,ATM_00874,2026-01-28 20:48:00,4725.46,1
W_00008593,C_00277939,ATM_01112,2026-01-29 01:18:00,14163.61,1
W_00008594,C_00277963,ATM_00350,2026-01-29 05:38:00,8099.64,1
W_00008595,C_00277971,ATM_00485,2026-01-29 05:50:00,27440.62,1
W_00008596,C_00277986,ATM_00477,2026-01-28 18:17:00,5527.24,1
W_00008597,C_00278010,ATM_00885,2026-01-30 09:51:00,1988.0,1
W_00008598,C_00278033,ATM_01277,2026-01-29 10:49:00,9338.51,1
W_00008599,C_00278161,ATM_00173,2026-01-29 12:01:00,1604.21,1
W_00008600,C_00278174,ATM_00168,2026-01-30 03:11:00,6980.42,1
W_00008601,C_00278181,ATM_01212,2026-01-30 15:25:00,9088.75,1
W_00008602,C_00278186,ATM_00107,2026-01-30 02:22:00,11937.89,1
W_00008603,C_00278190,ATM_00525,2026-01-29 14:31:00,33592.83,1
W_00008604,C_00278257,ATM_00274,2026-01-30 01:54:00,19093.84,1
W_00008605,C_00278271,ATM_00114,2026-01-30 04:52:00,11567.46,1
W_00008606,C_00278330,ATM_00240,2026-01-29 22:12:00,28062.31,1
W_00008607,C_00278345,ATM_00942,2026-01-29 18:35:00,8084.24,1
W_00008608,C_00278382,ATM_01309,2026-01-29 22:05:00,3018.37,1
W_00008609,C_00278411,ATM_00826,2026-01-30 04:04:00,36386.88,1
W_00008610,C_00278414,ATM_00730,2026-01-30 03:44:00,8240.69,1
W_00008611,C_00278423,ATM_00590,2026-01-29 19:49:00,3232.5,1
W_00008612,C_00278464,ATM_00164,2026-01-29 13:27:00,33233.01,1
W_00008613,C_00278473,ATM_00028,2026-01-30 10:27:00,1039.88,1
W_00008614,C_00278484,ATM_01049,2026-01-30 05:46:00,3877.97,1
W_00008615,C_00278487,ATM_00048,2026-01-29 20:24:00,1712.15,1
W_00008616,C_00278511,ATM_01264,2026-01-30 18:11:00,8618.14,1
W_00008617,C_00278642,ATM_01272,2026-01-29 14:56:00,12349.96,1
W_00008618,C_00278655,ATM_01369,2026-01-29 07:57:00,18027.9,1
W_00008619,C_00278689,ATM_00464,2026-01-29 16:31:00,27377.6,1
W_00008620,C_00278744,ATM_00525,2026-01-30 17:37:00,1357.57,1
W_00008621,C_00278819,ATM_00208,2026-01-30 09:32:00,4948.53,1
W_00008622,C_00278912,ATM_01254,2026-01-30 02:11:00,11399.28,1
W_00008623,C_00278927,ATM_01036,2026-01-30 15:22:00,61225.24,1
W_00008624,C_00278982,ATM_00225,2026-01-29 20:56:00,2325.66,1
W_00008625,C_00278998,ATM_01147,2026-01-30 05:41:00,2212.57,1
W_00008626,C_00279058,ATM_00394,2026-01-29 16:58:00,31389.15,1
W_00008627,C_00279088,ATM_00502,2026-01-29 16:17:00,45311.33,1
W_00008628,C_00279098,ATM_00593,2026-01-29 22:42:00,2530.05,1
W_00008629,C_00279128,ATM_01462,2026-01-30 20:58:00,2979.32,1
W_00008630,C_00279137,ATM_01083,2026-01-29 13:01:00,3685.08,1
W_00008631,C_00279169,ATM_01234,2026-01-30 11:28:00,9069.87,1
W_00008632,C_00279208,ATM_00122,2026-01-29 17:20:00,19219.28,1
W_00008633,C_00279232,ATM_00793,2026-01-30 14:06:00,11644.9,1
W_00008634,C_00279246,ATM_00807,2026-01-30 13:34:00,29300.94,1
W_00008635,C_00279254,ATM_00601,2026-01-29 20:53:00,42722.42,1
W_00008636,C_00279281,ATM_00901,2026-01-30 07:11:00,11373.15,1
W_00008637,C_00279306,ATM_01427,2026-01-29 10:46:00,4879.65,1
W_00008638,C_00279309,ATM_01487,2026-01-29 16:44:00,12623.43,1
W_00008639,C_00279323,ATM_01461,2026-01-29 13:12:00,5349.81,1
W_00008640,C_00279481,ATM_00124,2026-01-30 09:55:00,14709.09,1
W_00008641,C_00279515,ATM_01071,2026-01-30 01:24:00,12611.89,1
W_00008642,C_00279609,ATM_00939,2026-01-29 18:26:00,18760.9,1
W_00008643,C_00279614,ATM_01122,2026-01-30 10:53:00,62020.18,1
W_00008644,C_00279622,ATM_00688,2026-01-29 14:15:00,115778.0,1
W_00008645,C_00279625,ATM_00300,2026-01-30 10:31:00,10468.17,1
W_00008646,C_00279646,ATM_01310,2026-01-29 05:47:00,15983.74,1
W_00008647,C_00279650,ATM_00736,2026-01-30 20:29:00,4275.99,1
W_00008648,C_00279735,ATM_00386,2026-01-30 07:49:00,10271.49,1
W_00008649,C_00279766,ATM_00708,2026-01-30 09:52:00,14419.11,1
W_00008650,C_00279776,ATM_01155,2026-01-30 14:28:00,113832.4,1
W_00008651,C_00279782,ATM_00936,2026-01-30 14:50:00,3888.45,1
W_00008652,C_00279803,ATM_00363,2026-01-29 14:26:00,16433.92,1
W_00008653,C_00279835,ATM_00173,2026-01-29 17:16:00,15931.99,1
W_00008654,C_00279844,ATM_00901,2026-01-29 23:05:00,4595.79,1
W_00008655,C_00279886,ATM_00658,2026-01-29 22:51:00,32855.85,1
W_00008656,C_00279896,ATM_00815,2026-01-30 06:45:00,38441.77,1
W_00008657,C_00279904,ATM_00039,2026-01-29 16:41:00,7622.13,1
W_00008658,C_00279919,ATM_00470,2026-01-29 17:46:00,5688.63,1
W_00008659,C_00280036,ATM_00160,2026-01-29 22:48:00,9878.33,1
W_00008660,C_00280096,ATM_00621,2026-01-30 13:22:00,6214.01,1
W_00008661,C_00280355,ATM_00276,2026-01-29 20:15:00,7097.15,1
W_00008662,C_00280413,ATM_01359,2026-01-29 17:04:00,6577.63,1
W_00008663,C_00280427,ATM_00849,2026-01-30 05:25:00,45683.75,1
W_00008664,C_00280468,ATM_00553,2026-01-30 00:44:00,3624.28,1
W_00008665,C_00280515,ATM_00124,2026-01-29 21:04:00,1869.17,1
W_00008666,C_00280537,ATM_00491,2026-01-30 11:27:00,11032.92,1
W_00008667,C_00280560,ATM_00599,2026-01-29 23:56:00,13035.39,1
W_00008668,C_00280605,ATM_00168,2026-01-30 03:13:00,5560.72,1
W_00008669,C_00280606,ATM_01138,2026-01-30 18:25:00,21973.27,1
W_00008670,C_00280702,ATM_00675,2026-01-30 16:00:00,2099.62,1
W_00008671,C_00280703,ATM_00308,2026-01-30 05:36:00,12064.36,1
W_00008672,C_00280723,ATM_00253,2026-01-30 05:42:00,9901.88,1
W_00008673,C_00280762,ATM_00547,2026-01-30 08:02:00,6964.31,1
W_00008674,C_00280774,ATM_00645,2026-01-29 21:14:00,53457.9,1
W_00008675,C_00280827,ATM_00337,2026-01-30 11:11:00,41382.01,1
W_00008676,C_00280928,ATM_01200,2026-01-30 05:15:00,500.0,1
W_00008677,C_00280993,ATM_00165,2026-01-30 19:19:00,4812.86,1
W_00008678,C_00281132,ATM_01394,2026-01-30 04:56:00,1409.43,1
W_00008679,C_00281165,ATM_00598,2026-01-29 17:25:00,4736.41,1
W_00008680,C_00281238,ATM_00201,2026-01-30 16:22:00,966.89,1
W_00008681,C_00281245,ATM_00456,2026-01-30 05:53:00,15103.81,1
W_00008682,C_00281258,ATM_00819,2026-01-30 17:29:00,1564.57,1
W_00008683,C_00281310,ATM_01434,2026-01-30 12:40:00,1096.29,1
W_00008684,C_00281331,ATM_00281,2026-01-29 23:49:00,13698.72,1
W_00008685,C_00281427,ATM_00753,2026-01-29 14:08:00,13404.23,1
W_00008686,C_00281436,ATM_00157,2026-01-29 12:28:00,24230.87,1
W_00008687,C_00281490,ATM_01142,2026-01-29 08:16:00,3881.3,1
W_00008688,C_00281505,ATM_01271,2026-01-30 05:25:00,6360.4,1
W_00008689,C_00281506,ATM_01305,2026-01-30 07:59:00,87684.23,1
W_00008690,C_00281511,ATM_00286,2026-01-30 05:38:00,24846.41,1
W_00008691,C_00281544,ATM_01366,2026-01-30 05:06:00,38390.08,1
W_00008692,C_00281548,ATM_00461,2026-01-29 18:44:00,1798.56,1
W_00008693,C_00281589,ATM_00475,2026-01-30 02:26:00,4745.4,1
W_00008694,C_00281604,ATM_01349,2026-01-30 03:10:00,16820.37,1
W_00008695,C_00281617,ATM_01230,2026-01-29 20:08:00,5224.19,1
W_00008696,C_00281647,ATM_00282,2026-01-29 15:44:00,5509.61,1
W_00008697,C_00281657,ATM_00579,2026-01-29 13:38:00,10743.28,1
W_00008698,C_00281686,ATM_00012,2026-01-29 21:05:00,41158.17,1
W_00008699,C_00281818,ATM_00081,2026-01-30 21:20:00,8631.13,1
W_00008700,C_00281835,ATM_00110,2026-01-30 09:01:00,8424.79,1
W_00008701,C_00281857,ATM_00799,2026-01-30 01:25:00,169225.1,1
W_00008702,C_00281917,ATM_01261,2026-01-30 00:59:00,6031.4,1
W_00008703,C_00281964,ATM_00615,2026-01-29 19:06:00,25014.57,1
W_00008704,C_00282003,ATM_00168,2026-01-29 11:56:00,2735.99,1
W_00008705,C_00282012,ATM_00190,2026-01-30 13:04:00,10605.98,1
W_00008706,C_00282058,ATM_00510,2026-01-30 08:17:00,19893.26,1
W_00008707,C_00282064,ATM_01396,2026-01-30 08:16:00,40691.36,1
W_00008708,C_00282074,ATM_00317,2026-01-29 15:18:00,16620.07,1
W_00008709,C_00282161,ATM_00043,2026-01-29 13:52:00,87133.05,1
W_00008710,C_00282178,ATM_00136,2026-01-29 08:03:00,4062.91,1
W_00008711,C_00282194,ATM_00058,2026-01-30 12:18:00,7135.48,1
W_00008712,C_00282206,ATM_00070,2026-01-30 17:11:00,5030.21,1
W_00008713,C_00282255,ATM_00975,2026-01-29 16:51:00,3707.61,1
W_00008714,C_00282262,ATM_00027,2026-01-29 16:06:00,4319.86,1
W_00008715,C_00282270,ATM_01368,2026-01-30 18:33:00,52348.92,1
W_00008716,C_00282282,ATM_01016,2026-01-29 13:41:00,5222.79,1
W_00008717,C_00282332,ATM_00768,2026-01-30 08:04:00,4412.41,1
W_00008718,C_00282395,ATM_00719,2026-01-29 15:15:00,14690.68,1
W_00008719,C_00282475,ATM_00106,2026-01-30 09:36:00,19371.65,1
W_00008720,C_00282489,ATM_01461,2026-01-30 04:04:00,1495.93,1
W_00008721,C_00282509,ATM_00963,2026-01-30 05:37:00,6209.09,1
W_00008722,C_00282520,ATM_00678,2026-01-29 16:18:00,3801.88,1
W_00008723,C_00282528,ATM_00173,2026-01-30 14:45:00,25004.38,1
W_00008724,C_00282576,ATM_00935,2026-01-30 09:52:00,22858.21,1
W_00008725,C_00282597,ATM_00772,2026-01-29 16:30:00,17350.29,1
W_00008726,C_00282635,ATM_00153,2026-01-30 17:35:00,13155.36,1
W_00008727,C_00282665,ATM_01323,2026-01-29 17:40:00,10404.54,1
W_00008728,C_00282753,ATM_00705,2026-01-30 11:03:00,12549.28,1
W_00008729,C_00282775,ATM_00599,2026-01-30 11:16:00,21338.45,1
W_00008730,C_00282821,ATM_00635,2026-01-29 08:13:00,73467.11,1
W_00008731,C_00282834,ATM_00831,2026-01-29 19:31:00,9455.71,1
W_00008732,C_00282870,ATM_01299,2026-01-30 05:04:00,72708.17,1
W_00008733,C_00282884,ATM_01108,2026-01-29 09:27:00,27164.48,1
W_00008734,C_00282893,ATM_00347,2026-01-29 18:48:00,124114.38,1
W_00008735,C_00282916,ATM_01111,2026-01-29 23:40:00,21842.67,1
W_00008736,C_00282928,ATM_01325,2026-01-30 00:07:00,3752.37,1
W_00008737,C_00282932,ATM_00420,2026-01-30 17:43:00,8379.8,1
W_00008738,C_00282953,ATM_00422,2026-01-30 03:22:00,42397.88,1
W_00008739,C_00282988,ATM_00919,2026-01-30 16:18:00,5497.78,1
W_00008740,C_00283009,ATM_00321,2026-01-30 05:18:00,21900.36,1
W_00008741,C_00283023,ATM_01500,2026-01-29 12:59:00,3121.33,1
W_00008742,C_00283055,ATM_00046,2026-01-30 00:21:00,38567.66,1
W_00008743,C_00283056,ATM_00163,2026-01-29 18:04:00,4655.77,1
W_00008744,C_00283058,ATM_01118,2026-01-30 05:11:00,70538.45,1
W_00008745,C_00283070,ATM_00821,2026-01-30 01:02:00,18265.17,1
W_00008746,C_00283072,ATM_01420,2026-01-30 05:15:00,8285.21,1
W_00008747,C_00283136,ATM_00026,2026-01-29 23:16:00,41025.29,1
W_00008748,C_00283250,ATM_00409,2026-01-30 07:00:00,28305.34,1
W_00008749,C_00283335,ATM_00569,2026-01-29 17:38:00,54874.73,1
W_00008750,C_00283417,ATM_00040,2026-01-30 04:09:00,7452.93,1
W_00008751,C_00283423,ATM_01229,2026-01-30 05:09:00,6615.33,1
W_00008752,C_00283504,ATM_01065,2026-01-29 14:30:00,4779.94,1
W_00008753,C_00283586,ATM_01008,2026-01-30 21:46:00,1148.14,1
W_00008754,C_00283608,ATM_00049,2026-01-30 01:56:00,5048.24,1
W_00008755,C_00283658,ATM_01346,2026-01-29 11:20:00,25412.76,1
W_00008756,C_00283747,ATM_01398,2026-01-30 10:41:00,10932.6,1
W_00008757,C_00283799,ATM_00890,2026-01-30 15:17:00,1232.98,1
W_00008758,C_00283805,ATM_00381,2026-01-30 00:41:00,6680.09,1
W_00008759,C_00283867,ATM_00221,2026-01-29 20:42:00,3704.16,1
W_00008760,C_00283889,ATM_01099,2026-01-30 09:14:00,3303.11,1
W_00008761,C_00283965,ATM_01121,2026-01-30 13:58:00,10963.02,1
W_00008762,C_00283966,ATM_00485,2026-01-30 11:24:00,48187.49,1
W_00008763,C_00283986,ATM_00198,2026-01-29 12:11:00,12317.91,1
W_00008764,C_00284067,ATM_01023,2026-01-29 19:54:00,17731.81,1
W_00008765,C_00284069,ATM_00399,2026-01-30 05:56:00,81863.63,1
W_00008766,C_00284100,ATM_00379,2026-01-30 09:02:00,9901.26,1
W_00008767,C_00284134,ATM_00630,2026-01-29 20:48:00,3423.77,1
W_00008768,C_00284140,ATM_00775,2026-01-29 17:33:00,3458.57,1
W_00008769,C_00284146,ATM_00605,2026-01-30 12:22:00,5804.89,1
W_00008770,C_00284179,ATM_00599,2026-01-29 18:17:00,23310.14,1
W_00008771,C_00284198,ATM_00556,2026-01-30 13:54:00,12665.06,1
W_00008772,C_00284213,ATM_00227,2026-01-30 02:18:00,6438.01,1
W_00008773,C_00284224,ATM_01191,2026-01-29 19:41:00,31162.01,1
W_00008774,C_00284225,ATM_00382,2026-01-29 08:47:00,23366.39,1
W_00008775,C_00284335,ATM_00572,2026-01-30 06:39:00,703.48,1
W_00008776,C_00284356,ATM_00294,2026-01-30 00:33:00,11016.25,1
W_00008777,C_00284401,ATM_01483,2026-01-29 18:03:00,2069.46,1
W_00008778,C_00284415,ATM_00377,2026-01-30 00:26:00,6504.25,1
W_00008779,C_00284459,ATM_00486,2026-01-30 04:56:00,4870.47,1
W_00008780,C_00284469,ATM_01430,2026-01-30 08:51:00,17731.79,1
W_00008781,C_00284491,ATM_00895,2026-01-29 20:37:00,9378.55,1
W_00008782,C_00284493,ATM_00257,2026-01-30 14:12:00,7210.17,1
W_00008783,C_00284505,ATM_01309,2026-01-30 02:09:00,14091.13,1
W_00008784,C_00284538,ATM_00077,2026-01-30 05:38:00,1032.31,1
W_00008785,C_00284548,ATM_01294,2026-01-29 16:09:00,15157.11,1
W_00008786,C_00284585,ATM_01161,2026-01-29 21:19:00,2782.34,1
W_00008787,C_00284596,ATM_01216,2026-01-29 11:55:00,9371.29,1
W_00008788,C_00284603,ATM_00508,2026-01-30 18:22:00,6026.97,1
W_00008789,C_00284617,ATM_00318,2026-01-30 10:43:00,1687.62,1
W_00008790,C_00284676,ATM_00439,2026-01-30 09:10:00,71970.28,1
W_00008791,C_00284720,ATM_01103,2026-01-30 01:23:00,2648.44,1
W_00008792,C_00284722,ATM_00345,2026-01-30 08:44:00,2749.63,1
W_00008793,C_00284765,ATM_00742,2026-01-30 08:14:00,4436.98,1
W_00008794,C_00284797,ATM_00823,2026-01-30 18:00:00,19627.66,1
W_00008795,C_00284800,ATM_00247,2026-01-29 03:50:00,691.7,1
W_00008796,C_00284886,ATM_00299,2026-01-29 15:35:00,40414.56,1
W_00008797,C_00284916,ATM_00655,2026-01-29 13:39:00,5644.26,1
W_00008798,C_00284958,ATM_00561,2026-01-29 21:30:00,9805.82,1
W_00008799,C_00284974,ATM_00711,2026-01-30 14:02:00,5320.14,1
W_00008800,C_00284981,ATM_00588,2026-01-30 01:44:00,1279.75,1
W_00008801,C_00285049,ATM_00588,2026-01-30 09:50:00,5669.87,1
W_00008802,C_00285071,ATM_01346,2026-01-30 05:35:00,3414.65,1
W_00008803,C_00285077,ATM_00421,2026-01-30 12:20:00,18355.15,1
W_00008804,C_00285176,ATM_00149,2026-01-30 12:24:00,18361.31,1
W_00008805,C_00285211,ATM_01290,2026-01-29 19:21:00,2958.4,1
W_00008806,C_00285299,ATM_00180,2026-01-30 16:57:00,8071.27,1
W_00008807,C_00285306,ATM_01377,2026-01-29 17:16:00,3463.85,1
W_00008808,C_00285330,ATM_00395,2026-01-30 12:40:00,1116.58,1
W_00008809,C_00285334,ATM_01249,2026-01-30 04:00:00,7060.66,1
W_00008810,C_00285358,ATM_00649,2026-01-30 13:04:00,1978.62,1
W_00008811,C_00285362,ATM_00420,2026-01-29 21:25:00,24438.91,1
W_00008812,C_00285372,ATM_01372,2026-01-30 04:33:00,29669.03,1
W_00008813,C_00285388,ATM_00056,2026-01-30 07:53:00,4794.4,1
W_00008814,C_00285421,ATM_00711,2026-01-29 12:16:00,8858.13,1
W_00008815,C_00285594,ATM_00770,2026-01-30 00:02:00,882.55,1
W_00008816,C_00285632,ATM_01239,2026-01-29 16:05:00,2860.45,1
W_00008817,C_00285646,ATM_01372,2026-01-30 07:46:00,7834.0,1
W_00008818,C_00285686,ATM_01422,2026-01-30 10:42:00,1621.02,1
W_00008819,C_00285699,ATM_00052,2026-01-30 01:24:00,9634.09,1
W_00008820,C_00285716,ATM_01434,2026-01-30 07:26:00,11012.29,1
W_00008821,C_00285745,ATM_01428,2026-01-29 20:10:00,5161.07,1
W_00008822,C_00285779,ATM_00359,2026-01-30 02:01:00,5134.29,1
W_00008823,C_00285786,ATM_00965,2026-01-29 16:16:00,2593.49,1
W_00008824,C_00285787,ATM_01365,2026-01-30 12:29:00,5666.86,1
W_00008825,C_00285816,ATM_01500,2026-01-30 08:06:00,1577.82,1
W_00008826,C_00285850,ATM_00007,2026-01-29 23:52:00,13162.95,1
W_00008827,C_00285875,ATM_01368,2026-01-30 11:25:00,3699.77,1
W_00008828,C_00285879,ATM_01259,2026-01-30 07:27:00,9021.86,1
W_00008829,C_00285921,ATM_00993,2026-01-30 01:38:00,37326.05,1
W_00008830,C_00285941,ATM_00344,2026-01-30 01:35:00,8118.95,1
W_00008831,C_00285957,ATM_00935,2026-01-29 16:09:00,15189.77,1
W_00008832,C_00286025,ATM_00992,2026-01-30 05:46:00,15591.58,1
W_00008833,C_00286067,ATM_00530,2026-01-30 18:10:00,6470.16,1
W_00008834,C_00286104,ATM_00458,2026-01-29 16:40:00,685.01,1
W_00008835,C_00286111,ATM_00871,2026-01-30 17:12:00,19079.67,1
W_00008836,C_00286130,ATM_00677,2026-01-30 11:40:00,7430.97,1
W_00008837,C_00286152,ATM_00685,2026-01-29 18:35:00,4208.33,1
W_00008838,C_00286153,ATM_01451,2026-01-30 16:28:00,40020.22,1
W_00008839,C_00286170,ATM_00700,2026-01-29 12:09:00,35723.01,1
W_00008840,C_00286229,ATM_00240,2026-01-30 07:02:00,7077.86,1
W_00008841,C_00286321,ATM_00857,2026-01-29 21:26:00,26903.82,1
W_00008842,C_00286348,ATM_00441,2026-01-29 17:02:00,7610.94,1
W_00008843,C_00286349,ATM_00441,2026-01-29 22:48:00,27403.35,1
W_00008844,C_00286386,ATM_00578,2026-01-29 21:49:00,32157.71,1
W_00008845,C_00286405,ATM_00662,2026-01-29 09:02:00,16151.82,1
W_00008846,C_00286407,ATM_01428,2026-01-30 08:51:00,39777.55,1
W_00008847,C_00286412,ATM_00053,2026-01-30 14:09:00,13633.26,1
W_00008848,C_00286418,ATM_00283,2026-01-30 18:53:00,5103.38,1
W_00008849,C_00286450,ATM_01194,2026-01-30 10:50:00,1891.89,1
W_00008850,C_00286630,ATM_00935,2026-01-30 07:25:00,30943.3,1
W_00008851,C_00286652,ATM_00658,2026-01-30 03:42:00,26471.99,1
W_00008852,C_00286715,ATM_01430,2026-01-30 04:59:00,16475.93,1
W_00008853,C_00286742,ATM_01282,2026-01-29 22:00:00,28068.79,1
W_00008854,C_00286839,ATM_01263,2026-01-29 20:09:00,3239.99,1
W_00008855,C_00286843,ATM_00807,2026-01-30 08:12:00,6633.03,1
W_00008856,C_00286872,ATM_00188,2026-01-29 20:02:00,500.0,1
W_00008857,C_00286915,ATM_01382,2026-01-30 11:55:00,43882.22,1
W_00008858,C_00286918,ATM_01064,2026-01-30 08:34:00,14059.48,1
W_00008859,C_00286954,ATM_00283,2026-01-30 11:23:00,24466.22,1
W_00008860,C_00286985,ATM_00686,2026-01-30 06:16:00,768.73,1
W_00008861,C_00287031,ATM_01154,2026-01-30 01:46:00,10734.27,1
W_00008862,C_00287084,ATM_00942,2026-01-30 00:40:00,10931.41,1
W_00008863,C_00287109,ATM_01377,2026-01-30 02:12:00,1962.48,1
W_00008864,C_00287143,ATM_00007,2026-01-30 15:34:00,33630.08,1
W_00008865,C_00287233,ATM_00253,2026-01-30 00:43:00,5342.12,1
W_00008866,C_00287236,ATM_00778,2026-01-30 11:06:00,11700.66,1
W_00008867,C_00287305,ATM_00502,2026-01-30 11:57:00,13154.23,1
W_00008868,C_00287384,ATM_00427,2026-01-30 06:19:00,40597.72,1
W_00008869,C_00287402,ATM_00030,2026-01-30 10:29:00,15417.23,1
W_00008870,C_00287403,ATM_00091,2026-01-30 07:07:00,9228.99,1
W_00008871,C_00287460,ATM_00374,2026-01-30 12:06:00,3454.37,1
W_00008872,C_00287504,ATM_01423,2026-01-29 21:19:00,14492.24,1
W_00008873,C_00287544,ATM_00606,2026-01-30 05:17:00,2619.36,1
W_00008874,C_00287578,ATM_00206,2026-01-29 16:43:00,19840.63,1
W_00008875,C_00287585,ATM_00477,2026-01-30 12:27:00,46407.89,1
W_00008876,C_00287686,ATM_00733,2026-01-29 09:56:00,24044.67,1
W_00008877,C_00287690,ATM_00757,2026-01-30 04:07:00,13236.4,1
W_00008878,C_00287729,ATM_01000,2026-01-29 20:47:00,3984.92,1
W_00008879,C_00287785,ATM_01374,2026-01-30 11:07:00,4616.7,1
W_00008880,C_00287812,ATM_00039,2026-01-29 17:46:00,32864.07,1
W_00008881,C_00287820,ATM_00540,2026-01-29 15:32:00,11928.94,1
W_00008882,C_00287831,ATM_00874,2026-01-29 14:57:00,139798.66,1
W_00008883,C_00287910,ATM_00694,2026-01-29 23:22:00,6331.48,1
W_00008884,C_00287919,ATM_01359,2026-01-30 03:11:00,4309.95,1
W_00008885,C_00287930,ATM_00905,2026-01-29 23:33:00,3413.92,1
W_00008886,C_00287932,ATM_01113,2026-01-30 04:42:00,14894.97,1
W_00008887,C_00287955,ATM_01290,2026-01-30 11:59:00,1222.61,1
W_00008888,C_00287998,ATM_00127,2026-01-29 21:46:00,29412.82,1
W_00008889,C_00288024,ATM_00454,2026-01-30 15:49:00,3324.27,1
W_00008890,C_00288079,ATM_01295,2026-01-31 05:07:00,31899.97,1
W_00008891,C_00288232,ATM_00251,2026-01-31 15:08:00,12860.1,1
W_00008892,C_00288270,ATM_00608,2026-01-31 16:13:00,16436.76,1
W_00008893,C_00288284,ATM_00269,2026-01-30 23:43:00,36856.01,1
W_00008894,C_00288308,ATM_00817,2026-01-30 18:44:00,5701.12,1
W_00008895,C_00288330,ATM_01188,2026-01-31 05:43:00,14259.57,1
W_00008896,C_00288358,ATM_01172,2026-01-31 08:10:00,96179.84,1
W_00008897,C_00288363,ATM_00814,2026-01-30 17:49:00,1069.78,1
W_00008898,C_00288402,ATM_01296,2026-01-30 16:14:00,20844.64,1
W_00008899,C_00288411,ATM_00113,2026-01-31 01:13:00,4381.48,1
W_00008900,C_00288421,ATM_00217,2026-01-30 15:03:00,18300.77,1
W_00008901,C_00288424,ATM_01454,2026-01-31 08:25:00,963.5,1
W_00008902,C_00288489,ATM_00614,2026-01-31 18:49:00,6152.33,1
W_00008903,C_00288502,ATM_00614,2026-01-31 14:00:00,43196.92,1
W_00008904,C_00288547,ATM_01405,2026-01-31 03:00:00,5643.05,1
W_00008905,C_00288618,ATM_00697,2026-01-31 20:15:00,1107.18,1
W_00008906,C_00288640,ATM_01086,2026-01-30 20:27:00,56307.51,1
W_00008907,C_00288647,ATM_00123,2026-01-31 10:03:00,1272.91,1
W_00008908,C_00288681,ATM_00481,2026-01-30 21:04:00,3605.4,1
W_00008909,C_00288755,ATM_01493,2026-01-31 16:36:00,14583.85,1
W_00008910,C_00288878,ATM_00869,2026-01-30 14:10:00,30164.23,1
W_00008911,C_00288941,ATM_00354,2026-01-31 00:49:00,11168.69,1
W_00008912,C_00288946,ATM_00716,2026-01-31 16:10:00,9144.2,1
W_00008913,C_00288998,ATM_00493,2026-01-31 04:48:00,12199.21,1
W_00008914,C_00289013,ATM_01220,2026-01-31 04:59:00,2588.25,1
W_00008915,C_00289018,ATM_00571,2026-01-31 05:57:00,7682.54,1
W_00008916,C_00289049,ATM_00189,2026-01-31 11:45:00,1911.1,1
W_00008917,C_00289066,ATM_01085,2026-01-31 03:17:00,175147.11,1
W_00008918,C_00289093,ATM_00396,2026-01-31 18:53:00,21503.56,1
W_00008919,C_00289136,ATM_00263,2026-01-31 00:47:00,14367.57,1
W_00008920,C_00289148,ATM_00711,2026-01-31 07:50:00,24755.44,1
W_00008921,C_00289174,ATM_00859,2026-01-31 01:49:00,18167.11,1
W_00008922,C_00289182,ATM_00474,2026-01-31 20:41:00,15530.35,1
W_00008923,C_00289189,ATM_00571,2026-01-30 16:36:00,32009.27,1
W_00008924,C_00289211,ATM_00248,2026-01-31 02:10:00,6408.25,1
W_00008925,C_00289233,ATM_01024,2026-01-31 12:14:00,17600.08,1
W_00008926,C_00289251,ATM_00756,2026-01-31 09:36:00,30129.42,1
W_00008927,C_00289261,ATM_00451,2026-01-31 09:31:00,4683.86,1
W_00008928,C_00289372,ATM_01023,2026-01-30 15:09:00,3670.16,1
W_00008929,C_00289376,ATM_01377,2026-01-31 05:22:00,6686.92,1
W_00008930,C_00289419,ATM_00781,2026-01-30 11:02:00,2328.88,1
W_00008931,C_00289421,ATM_01241,2026-01-31 08:06:00,2505.78,1
W_00008932,C_00289425,ATM_00272,2026-01-31 01:30:00,4039.16,1
W_00008933,C_00289433,ATM_00404,2026-01-31 00:58:00,21004.17,1
W_00008934,C_00289435,ATM_00458,2026-01-30 21:37:00,4394.63,1
W_00008935,C_00289440,ATM_01299,2026-01-31 03:24:00,2838.75,1
W_00008936,C_00289490,ATM_00319,2026-01-30 18:22:00,30145.79,1
W_00008937,C_00289491,ATM_00108,2026-01-30 18:04:00,42845.64,1
W_00008938,C_00289600,ATM_01058,2026-01-30 17:10:00,8216.48,1
W_00008939,C_00289614,ATM_00579,2026-01-30 20:41:00,2610.45,1
W_00008940,C_00289631,ATM_01431,2026-01-31 17:51:00,5897.83,1
W_00008941,C_00289653,ATM_01412,2026-01-31 11:28:00,67896.22,1
W_00008942,C_00289705,ATM_00766,2026-01-30 11:05:00,47412.44,1
W_00008943,C_00289787,ATM_00358,2026-01-30 23:39:00,9222.23,1
W_00008944,C_00289890,ATM_00514,2026-01-31 03:47:00,12357.2,1
W_00008945,C_00289904,ATM_00595,2026-01-31 11:00:00,11626.76,1
W_00008946,C_00289938,ATM_00070,2026-01-30 17:16:00,2321.98,1
W_00008947,C_00289950,ATM_00043,2026-01-31 02:16:00,4822.07,1
W_00008948,C_00290031,ATM_00374,2026-01-31 03:32:00,29679.86,1
W_00008949,C_00290102,ATM_01214,2026-01-30 17:03:00,14325.15,1
W_00008950,C_00290114,ATM_00368,2026-01-31 16:34:00,500.0,1
W_00008951,C_00290118,ATM_01300,2026-01-31 09:31:00,7093.66,1
W_00008952,C_00290124,ATM_01236,2026-01-31 10:19:00,653.55,1
W_00008953,C_00290169,ATM_00180,2026-01-30 21:06:00,13364.23,1
W_00008954,C_00290249,ATM_00917,2026-01-30 22:29:00,4022.74,1
W_00008955,C_00290270,ATM_00009,2026-01-31 16:59:00,28755.42,1
W_00008956,C_00290286,ATM_01189,2026-01-30 20:59:00,16325.13,1
W_00008957,C_00290293,ATM_00719,2026-01-30 17:41:00,16385.91,1
W_00008958,C_00290299,ATM_00497,2026-01-30 23:45:00,49589.27,1
W_00008959,C_00290418,ATM_00007,2026-01-31 17:02:00,5192.0,1
W_00008960,C_00290429,ATM_01103,2026-01-30 12:23:00,4711.19,1
W_00008961,C_00290436,ATM_00187,2026-01-30 08:10:00,107388.36,1
W_00008962,C_00290437,ATM_00945,2026-01-31 14:30:00,59639.09,1
W_00008963,C_00290458,ATM_00501,2026-01-30 16:06:00,12815.94,1
W_00008964,C_00290464,ATM_01019,2026-01-31 14:54:00,686.46,1
W_00008965,C_00290522,ATM_00240,2026-01-31 00:53:00,2270.09,1
W_00008966,C_00290546,ATM_01172,2026-01-31 06:41:00,5209.43,1
W_00008967,C_00290565,ATM_00251,2026-01-31 03:21:00,4967.88,1
W_00008968,C_00290643,ATM_00627,2026-01-31 17:00:00,13127.48,1
W_00008969,C_00290667,ATM_00531,2026-01-31 06:04:00,8866.83,1
W_00008970,C_00290822,ATM_00909,2026-01-31 09:48:00,11711.12,1
W_00008971,C_00290833,ATM_00324,2026-01-31 07:30:00,7462.16,1
W_00008972,C_00290876,ATM_00113,2026-01-30 05:29:00,64200.68,1
W_00008973,C_00290897,ATM_00897,2026-01-30 09:26:00,4029.51,1
W_00008974,C_00290912,ATM_00156,2026-01-30 14:33:00,3718.11,1
W_00008975,C_00290958,ATM_00138,2026-01-30 23:03:00,13281.23,1
W_00008976,C_00291033,ATM_00110,2026-01-31 09:34:00,6768.67,1
W_00008977,C_00291039,ATM_00446,2026-01-31 16:36:00,28895.2,1
W_00008978,C_00291049,ATM_00775,2026-01-31 10:56:00,5086.51,1
W_00008979,C_00291057,ATM_01082,2026-01-31 04:48:00,28984.86,1
W_00008980,C_00291104,ATM_00732,2026-01-31 15:42:00,11729.37,1
W_00008981,C_00291112,ATM_01343,2026-01-31 16:54:00,4081.66,1
W_00008982,C_00291137,ATM_00671,2026-01-30 23:45:00,4153.2,1
W_00008983,C_00291185,ATM_01353,2026-01-31 06:09:00,18909.7,1
W_00008984,C_00291203,ATM_01279,2026-01-31 10:46:00,3320.96,1
W_00008985,C_00291221,ATM_01320,2026-01-30 22:57:00,3222.22,1
W_00008986,C_00291225,ATM_00525,2026-01-30 12:37:00,28491.95,1
W_00008987,C_00291236,ATM_01049,2026-01-31 04:28:00,17958.02,1
W_00008988,C_00291242,ATM_00718,2026-01-31 01:08:00,22803.79,1
W_00008989,C_00291265,ATM_00033,2026-01-30 15:25:00,29574.49,1
W_00008990,C_00291270,ATM_01178,2026-01-31 14:11:00,6081.98,1
W_00008991,C_00291399,ATM_00859,2026-01-31 09:25:00,13914.92,1
W_00008992,C_00291449,ATM_01046,2026-01-31 03:49:00,16844.83,1
W_00008993,C_00291586,ATM_00873,2026-01-31 11:42:00,6287.5,1
W_00008994,C_00291625,ATM_01154,2026-01-31 15:36:00,746.83,1
W_00008995,C_00291661,ATM_00509,2026-01-31 00:04:00,893.94,1
W_00008996,C_00291662,ATM_00707,2026-01-30 15:48:00,1717.85,1
W_00008997,C_00291669,ATM_01159,2026-01-30 20:36:00,22143.09,1
W_00008998,C_00291677,ATM_01402,2026-01-31 04:56:00,14871.79,1
W_00008999,C_00291701,ATM_00032,2026-01-31 10:04:00,6546.3,1
W_00009000,C_00291713,ATM_00457,2026-01-30 18:16:00,4529.64,1
W_00009001,C_00291791,ATM_01096,2026-01-30 19:25:00,6378.99,1
W_00009002,C_00291830,ATM_00147,2026-01-30 21:16:00,125489.43,1
W_00009003,C_00291832,ATM_01049,2026-01-30 15:47:00,7662.94,1
W_00009004,C_00291842,ATM_01238,2026-01-30 21:55:00,10542.68,1
W_00009005,C_00291927,ATM_01307,2026-01-31 09:05:00,5959.4,1
W_00009006,C_00292000,ATM_00082,2026-01-31 05:49:00,6968.88,1
W_00009007,C_00292029,ATM_01065,2026-01-31 06:58:00,15961.76,1
W_00009008,C_00292050,ATM_01372,2026-01-31 03:06:00,3418.84,1
W_00009009,C_00292051,ATM_00198,2026-01-30 14:51:00,9966.44,1
W_00009010,C_00292055,ATM_00439,2026-01-30 23:44:00,15694.97,1
W_00009011,C_00292062,ATM_01219,2026-01-31 04:27:00,7760.53,1
W_00009012,C_00292065,ATM_00624,2026-01-31 01:38:00,47754.66,1
W_00009013,C_00292166,ATM_01240,2026-01-31 01:21:00,9095.08,1
W_00009014,C_00292182,ATM_01425,2026-01-31 13:02:00,5777.33,1
W_00009015,C_00292191,ATM_00232,2026-01-31 09:34:00,7046.13,1
W_00009016,C_00292255,ATM_00468,2026-01-31 03:32:00,2365.29,1
W_00009017,C_00292302,ATM_00374,2026-01-31 04:58:00,2735.38,1
W_00009018,C_00292331,ATM_00015,2026-01-31 19:01:00,500.0,1
W_00009019,C_00292339,ATM_00694,2026-01-31 16:54:00,11653.07,1
W_00009020,C_00292399,ATM_00389,2026-01-30 22:54:00,927.22,1
W_00009021,C_00292413,ATM_00806,2026-01-31 17:27:00,3143.82,1
W_00009022,C_00292452,ATM_00628,2026-01-30 07:59:00,3063.51,1
W_00009023,C_00292483,ATM_01282,2026-01-31 03:11:00,5383.5,1
W_00009024,C_00292498,ATM_00525,2026-01-31 06:20:00,30242.96,1
W_00009025,C_00292508,ATM_00717,2026-01-31 09:51:00,6827.78,1
W_00009026,C_00292519,ATM_00873,2026-01-31 10:07:00,11138.51,1
W_00009027,C_00292524,ATM_00414,2026-01-31 12:39:00,1189.83,1
W_00009028,C_00292559,ATM_00850,2026-01-30 17:37:00,39787.89,1
W_00009029,C_00292678,ATM_00393,2026-01-30 17:12:00,39272.44,1
W_00009030,C_00292717,ATM_01098,2026-01-31 01:41:00,70888.25,1
W_00009031,C_00292718,ATM_00099,2026-01-31 17:38:00,7491.97,1
W_00009032,C_00292737,ATM_01387,2026-01-31 01:26:00,7401.15,1
W_00009033,C_00292765,ATM_00766,2026-01-30 15:18:00,19012.82,1
W_00009034,C_00292772,ATM_00086,2026-01-30 17:09:00,66386.95,1
W_00009035,C_00292785,ATM_00107,2026-01-30 13:10:00,6874.3,1
W_00009036,C_00292911,ATM_01410,2026-01-30 17:23:00,3816.38,1
W_00009037,C_00292996,ATM_01270,2026-01-31 04:03:00,32081.3,1
W_00009038,C_00293132,ATM_00270,2026-01-30 17:46:00,43737.64,1
W_00009039,C_00293146,ATM_00942,2026-01-31 07:37:00,44237.7,1
W_00009040,C_00293209,ATM_00223,2026-01-31 16:19:00,8523.09,1
W_00009041,C_00293238,ATM_00894,2026-01-31 07:26:00,19409.41,1
W_00009042,C_00293444,ATM_01448,2026-01-30 19:53:00,3868.84,1
W_00009043,C_00293465,ATM_00502,2026-01-31 08:05:00,3669.18,1
W_00009044,C_00293512,ATM_00723,2026-01-31 05:39:00,27439.1,1
W_00009045,C_00293517,ATM_00063,2026-01-31 02:05:00,2830.35,1
W_00009046,C_00293536,ATM_01379,2026-01-31 05:26:00,42365.85,1
W_00009047,C_00293556,ATM_01376,2026-01-31 16:44:00,35919.15,1
W_00009048,C_00293582,ATM_00422,2026-01-31 03:54:00,8389.3,1
W_00009049,C_00293594,ATM_00252,2026-01-31 09:14:00,1429.16,1
W_00009050,C_00293598,ATM_00996,2026-01-30 13:21:00,62690.24,1
W_00009051,C_00293607,ATM_00472,2026-01-30 21:06:00,2376.77,1
W_00009052,C_00293628,ATM_00635,2026-01-31 09:24:00,8636.86,1
W_00009053,C_00293789,ATM_00830,2026-01-31 16:26:00,22822.02,1
W_00009054,C_00293802,ATM_01142,2026-01-30 20:23:00,25968.23,1
W_00009055,C_00293832,ATM_01109,2026-01-30 17:37:00,5854.51,1
W_00009056,C_00293873,ATM_01380,2026-01-30 16:47:00,7016.86,1
W_00009057,C_00293909,ATM_00230,2026-01-31 17:42:00,32317.96,1
W_00009058,C_00293954,ATM_01332,2026-01-30 20:13:00,9910.09,1
W_00009059,C_00293961,ATM_00355,2026-01-31 09:28:00,12892.54,1
W_00009060,C_00293986,ATM_00637,2026-01-31 04:52:00,8998.66,1
W_00009061,C_00294060,ATM_01414,2026-01-31 06:28:00,27604.95,1
W_00009062,C_00294075,ATM_00248,2026-01-30 21:28:00,9070.34,1
W_00009063,C_00294102,ATM_01200,2026-01-30 21:31:00,2646.17,1
W_00009064,C_00294216,ATM_01344,2026-01-31 15:01:00,2717.2,1
W_00009065,C_00294224,ATM_01240,2026-01-31 13:03:00,31323.7,1
W_00009066,C_00294228,ATM_01353,2026-01-31 01:19:00,66591.85,1
W_00009067,C_00294233,ATM_00080,2026-01-30 13:02:00,60418.01,1
W_00009068,C_00294304,ATM_00561,2026-01-30 17:04:00,28643.77,1
W_00009069,C_00294337,ATM_00230,2026-01-31 21:09:00,23449.06,1
W_00009070,C_00294338,ATM_01211,2026-01-30 23:37:00,6319.92,1
W_00009071,C_00294380,ATM_00361,2026-01-30 21:06:00,19085.62,1
W_00009072,C_00294423,ATM_00898,2026-01-31 13:19:00,3623.22,1
W_00009073,C_00294432,ATM_00324,2026-01-31 08:20:00,2463.73,1
W_00009074,C_00294439,ATM_01487,2026-01-31 19:08:00,35187.46,1
W_00009075,C_00294454,ATM_00605,2026-01-30 17:32:00,3342.8,1
W_00009076,C_00294456,ATM_00465,2026-01-31 01:44:00,3199.24,1
W_00009077,C_00294463,ATM_01285,2026-01-31 01:35:00,3160.11,1
W_00009078,C_00294470,ATM_00115,2026-01-31 16:20:00,2555.66,1
W_00009079,C_00294499,ATM_00947,2026-01-31 08:07:00,951.37,1
W_00009080,C_00294525,ATM_01144,2026-01-30 23:49:00,5648.92,1
W_00009081,C_00294528,ATM_01318,2026-01-31 12:30:00,18312.0,1
W_00009082,C_00294565,ATM_00180,2026-01-31 05:04:00,11182.48,1
W_00009083,C_00294622,ATM_01466,2026-01-31 05:58:00,7403.1,1
W_00009084,C_00294658,ATM_01124,2026-01-30 14:14:00,21181.0,1
W_00009085,C_00294705,ATM_00394,2026-01-31 06:36:00,20388.74,1
W_00009086,C_00294737,ATM_00432,2026-01-30 23:05:00,3293.51,1
W_00009087,C_00294775,ATM_00650,2026-01-31 10:02:00,59936.45,1
W_00009088,C_00294786,ATM_01328,2026-01-31 00:45:00,3607.74,1
W_00009089,C_00294795,ATM_00695,2026-01-31 03:43:00,2051.53,1
W_00009090,C_00294798,ATM_00232,2026-01-30 18:08:00,6268.14,1
W_00009091,C_00294800,ATM_00723,2026-01-31 10:03:00,13790.9,1
W_00009092,C_00294850,ATM_01070,2026-01-31 01:26:00,4227.25,1
W_00009093,C_00294950,ATM_01001,2026-01-31 13:06:00,3744.76,1
W_00009094,C_00295011,ATM_01469,2026-01-30 14:51:00,33118.48,1
W_00009095,C_00295038,ATM_00972,2026-01-30 23:11:00,1810.65,1
W_00009096,C_00295044,ATM_01317,2026-01-31 01:50:00,54463.18,1
W_00009097,C_00295054,ATM_01385,2026-01-30 21:11:00,5464.98,1
W_00009098,C_00295056,ATM_00609,2026-01-31 18:32:00,54655.14,1
W_00009099,C_00295117,ATM_00815,2026-01-30 22:28:00,2732.0,1
W_00009100,C_00295155,ATM_00892,2026-01-31 03:17:00,10224.04,1
W_00009101,C_00295163,ATM_00181,2026-01-30 17:02:00,11153.22,1
W_00009102,C_00295164,ATM_00547,2026-01-31 04:47:00,8822.68,1
W_00009103,C_00295182,ATM_00155,2026-01-30 23:43:00,5173.37,1
W_00009104,C_00295261,ATM_00161,2026-01-31 03:13:00,28394.0,1
W_00009105,C_00295269,ATM_00202,2026-01-31 05:25:00,54004.25,1
W_00009106,C_00295292,ATM_00944,2026-01-31 05:18:00,6717.66,1
W_00009107,C_00295306,ATM_00396,2026-01-30 16:32:00,18104.62,1
W_00009108,C_00295319,ATM_01128,2026-01-30 11:08:00,4742.11,1
W_00009109,C_00295340,ATM_00583,2026-01-31 09:15:00,2127.76,1
W_00009110,C_00295341,ATM_01411,2026-01-30 11:59:00,10642.94,1
W_00009111,C_00295348,ATM_00286,2026-01-31 08:25:00,4657.18,1
W_00009112,C_00295461,ATM_00684,2026-01-31 10:04:00,35965.8,1
W_00009113,C_00295488,ATM_01348,2026-01-31 11:23:00,66844.94,1
W_00009114,C_00295491,ATM_00244,2026-01-31 14:51:00,43215.19,1
W_00009115,C_00295536,ATM_01001,2026-01-31 04:38:00,500.0,1
W_00009116,C_00295570,ATM_00835,2026-01-31 05:27:00,5109.94,1
W_00009117,C_00295609,ATM_00832,2026-01-31 03:52:00,33542.5,1
W_00009118,C_00295618,ATM_00128,2026-01-30 18:23:00,4079.99,1
W_00009119,C_00295620,ATM_01414,2026-01-30 22:35:00,7839.98,1
W_00009120,C_00295660,ATM_00458,2026-01-31 04:57:00,3991.44,1
W_00009121,C_00295721,ATM_00168,2026-01-31 04:19:00,3648.18,1
W_00009122,C_00295740,ATM_00596,2026-01-31 02:31:00,6895.43,1
W_00009123,C_00295754,ATM_00125,2026-01-31 02:25:00,45732.8,1
W_00009124,C_00295776,ATM_00031,2026-01-31 09:47:00,193670.17,1
W_00009125,C_00295848,ATM_00984,2026-01-30 18:28:00,1720.44,1
W_00009126,C_00295878,ATM_00797,2026-01-31 07:45:00,7226.39,1
W_00009127,C_00295909,ATM_00497,2026-01-30 23:39:00,7761.65,1
W_00009128,C_00296045,ATM_00827,2026-01-30 17:56:00,7063.37,1
W_00009129,C_00296181,ATM_00598,2026-01-31 07:42:00,4187.27,1
W_00009130,C_00296227,ATM_01032,2026-01-30 22:42:00,4576.23,1
W_00009131,C_00296228,ATM_00380,2026-01-30 13:19:00,4052.76,1
W_00009132,C_00296234,ATM_01142,2026-01-31 06:20:00,7363.4,1
W_00009133,C_00296251,ATM_00658,2026-01-31 09:25:00,7809.15,1
W_00009134,C_00296404,ATM_01382,2026-01-30 21:00:00,34164.85,1
W_00009135,C_00296405,ATM_00434,2026-01-31 16:14:00,23114.93,1
W_00009136,C_00296436,ATM_01407,2026-01-30 20:32:00,13171.98,1
W_00009137,C_00296516,ATM_00201,2026-01-31 06:29:00,5880.38,1
W_00009138,C_00296555,ATM_00341,2026-01-30 13:24:00,10628.09,1
W_00009139,C_00296587,ATM_00630,2026-01-30 15:28:00,2227.69,1
W_00009140,C_00296705,ATM_00171,2026-01-30 16:16:00,20832.65,1
W_00009141,C_00296828,ATM_00179,2026-01-31 19:43:00,9165.77,1
W_00009142,C_00296837,ATM_00687,2026-01-31 08:56:00,26416.52,1
W_00009143,C_00296847,ATM_01083,2026-01-31 08:35:00,5622.92,1
W_00009144,C_00296857,ATM_00858,2026-01-30 23:17:00,9023.07,1
W_00009145,C_00296861,ATM_00482,2026-01-31 13:43:00,5087.15,1
W_00009146,C_00296873,ATM_00825,2026-01-31 01:00:00,3021.54,1
W_00009147,C_00296900,ATM_00864,2026-01-31 08:39:00,18321.23,1
W_00009148,C_00296907,ATM_00739,2026-01-30 16:01:00,3503.49,1
W_00009149,C_00297007,ATM_00489,2026-01-30 16:26:00,4959.42,1
W_00009150,C_00297014,ATM_01310,2026-01-31 11:04:00,32551.21,1
W_00009151,C_00297032,ATM_01462,2026-01-31 00:11:00,47081.26,1
W_00009152,C_00297061,ATM_00087,2026-01-31 18:55:00,14647.23,1
W_00009153,C_00297141,ATM_00459,2026-01-30 22:21:00,1898.0,1
W_00009154,C_00297159,ATM_01369,2026-01-30 14:14:00,16824.64,1
W_00009155,C_00297172,ATM_00396,2026-01-30 13:13:00,39048.23,1
W_00009156,C_00297177,ATM_01204,2026-01-30 19:27:00,6397.58,1
W_00009157,C_00297205,ATM_00994,2026-01-31 08:09:00,89032.57,1
W_00009158,C_00297229,ATM_00445,2026-01-31 08:41:00,34934.0,1
W_00009159,C_00297234,ATM_01454,2026-01-30 22:51:00,3798.8,1
W_00009160,C_00297245,ATM_01059,2026-01-30 19:16:00,8816.49,1
W_00009161,C_00297381,ATM_01406,2026-01-30 19:01:00,3844.09,1
W_00009162,C_00297392,ATM_01425,2026-01-30 20:12:00,20102.55,1
W_00009163,C_00297398,ATM_01103,2026-01-31 03:39:00,15993.14,1
W_00009164,C_00297415,ATM_00640,2026-01-31 13:38:00,6178.89,1
W_00009165,C_00297451,ATM_01263,2026-01-30 17:16:00,8950.7,1
W_00009166,C_00297454,ATM_01454,2026-01-30 17:16:00,30797.64,1
W_00009167,C_00297468,ATM_00902,2026-01-31 11:52:00,52129.87,1
W_00009168,C_00297472,ATM_01476,2026-01-31 10:58:00,1247.24,1
W_00009169,C_00297501,ATM_00407,2026-01-31 16:09:00,14091.67,1
W_00009170,C_00297554,ATM_01200,2026-01-30 22:44:00,11210.9,1
W_00009171,C_00297572,ATM_00922,2026-01-31 14:15:00,2091.08,1
W_00009172,C_00297596,ATM_00514,2026-01-31 07:29:00,8164.95,1
W_00009173,C_00297611,ATM_00916,2026-01-31 00:31:00,8347.46,1
W_00009174,C_00297616,ATM_00165,2026-01-30 12:31:00,4035.56,1
W_00009175,C_00297630,ATM_00847,2026-01-31 13:40:00,20281.52,1
W_00009176,C_00297639,ATM_00051,2026-01-31 01:59:00,10666.62,1
W_00009177,C_00297667,ATM_00794,2026-01-30 09:50:00,12821.08,1
W_00009178,C_00297717,ATM_00129,2026-01-31 08:40:00,14685.59,1
W_00009179,C_00297782,ATM_00962,2026-01-30 17:15:00,105321.3,1
W_00009180,C_00297810,ATM_01470,2026-01-31 05:49:00,19158.08,1
W_00009181,C_00297835,ATM_01003,2026-01-30 21:53:00,51040.65,1
W_00009182,C_00297847,ATM_01264,2026-01-31 05:06:00,2656.85,1
W_00009183,C_00297952,ATM_01332,2026-01-31 02:57:00,75636.21,1
W_00009184,C_00297962,ATM_00465,2026-01-31 16:38:00,2393.31,1
W_00009185,C_00297963,ATM_00756,2026-01-31 03:30:00,31976.14,1
W_00009186,C_00297974,ATM_00163,2026-01-30 22:33:00,26383.14,1
W_00009187,C_00297976,ATM_00066,2026-01-31 06:33:00,2052.91,1
